MONTH,ZONA,CAT,NUM_SKUS_TURBO,USERS_TURBO,ORDERS_TURBO,TOTAL_PRICE_USD_TURBO,SOLD_UNITS_TURBO,AVG_TICKET_TURBO,MDOWN_AVG_TURBO,NUM_SKUS_CARULLA,USERS_CARULLA,ORDERS_CARULLA,TOTAL_PRICE_USD_CARULLA,SOLD_UNITS_CARULLA,AVG_TICKET_CARULLA,MDOWN_AVG_CARULLA,NPI,AOV_TURBO,BASKET_SIZE_TURBO,FRQUENCY_TURBO,AOV_CARULLA,BASKET_SIZE_CARULLA,FRQUENCY_CARULLA
2022-01-01,Bogotá,CERVEZAS,39,19660,30413,186718.05,57010,3.332489467,0.04833189141,29,4587,5644,41523.76,12898,3.287802419,0.09149730412,1.013591768,6.13941571,1.874527,1.546948,7.35715096,2.285259,1.230434
2022-01-01,Bogotá,CERVEZAS,32,552,862,5635.92,1749,3.304380668,0.0667954442,23,197,277,1871.04,565,3.328261071,0.08567060456,0.9928249611,6.53819026,2.029002,1.561594,6.75465704,2.039711,1.406091
2022-01-01,Cali y Bucaramanga,CERVEZAS,33,1780,2973,18149.28,5405,3.414162714,0.03702044502,29,524,592,4199.12,1310,3.262203318,0.0886748098,1.046581828,6.10470232,1.818029,1.670225,7.09310811,2.212838,1.129771
2022-01-01,Costa,CERVEZAS,22,3008,5025,32952.24,9648,3.466564983,0.08692634566,18,448,527,4137.76,1297,3.214142157,0.1244398956,1.078535054,6.5576597,1.92,1.670545,7.851537,2.461101,1.176339
2022-01-01,Costa,CERVEZAS,21,1091,1598,11093.63,3272,3.425882884,0.102540848,19,763,970,7694.71,2428,3.177841399,0.05933957067,1.07805345,6.9421965,2.047559,1.464711,7.93269072,2.503093,1.271298
2022-01-01,Medellín,CERVEZAS,19,7099,11277,61090.43,19007,3.247008293,0.04601563245,16,1581,1911,12318.19,3875,3.269005829,0.06914360897,0.9932708789,5.41725902,1.685466,1.588534,6.4459393,2.027734,1.208729
2022-02-01,Bogotá,CERVEZAS,31,378,545,3384.08,1008,3.399902732,0.07280154589,24,187,256,1854.88,538,3.443939828,0.08252008788,0.9872131633,6.2093211,1.849541,1.441799,7.245625,2.101563,1.368984
2022-02-01,Bogotá,CERVEZAS,41,20554,31564,196615.5,57695,3.454832156,0.07772165693,33,4306,5155,34953.67,10424,3.424232556,0.07973447134,1.008936192,6.22910594,1.827874,1.535662,6.78053734,2.022114,1.197167
2022-02-01,Cali y Bucaramanga,CERVEZAS,36,1910,3304,21063.56,5868,3.620943226,0.07492534845,25,329,376,2645.49,799,3.37357247,0.08395046951,1.073326054,6.37516949,1.776029,1.729843,7.03587766,2.125,1.142857
2022-02-01,Costa,CERVEZAS,33,3142,5263,33653.2,9828,3.465981282,0.09234072784,24,362,399,2868.63,892,3.357726524,0.1079223353,1.032240493,6.39429983,1.867376,1.675048,7.18954887,2.235589,1.10221
2022-02-01,Costa,CERVEZAS,27,927,1412,10429.97,3022,3.505732402,0.09151511304,23,575,703,5643.57,1706,3.408476312,0.06736553,1.028533597,7.38666431,2.140227,1.523193,8.02783784,2.426743,1.222609
2022-02-01,Medellín,CERVEZAS,30,8377,13343,75076.26,22573,3.368933953,0.06666399355,24,1408,1678,10548.49,3251,3.371465102,0.06169018917,0.9992492438,5.62664019,1.691748,1.592814,6.28634684,1.937426,1.191761
2022-03-01,Bogotá,CERVEZAS,38,22477,35474,212896.35,65204,3.317126965,0.05694293942,32,4685,5649,39801.43,11483,3.521587431,0.1117622149,0.9419408237,6.00147573,1.838079,1.578236,7.04574792,2.032749,1.205763
2022-03-01,Bogotá,CERVEZAS,32,420,656,4634.35,1370,3.469235598,0.05504419109,27,235,301,2308.66,691,3.395112225,0.1204777232,1.021832378,7.06455793,2.088415,1.561905,7.66996678,2.295681,1.280851
2022-03-01,Cali y Bucaramanga,CERVEZAS,36,2060,3355,19273.13,5746,3.402023022,0.04977305003,29,463,547,4441.48,1261,3.542422711,0.1363121316,0.9603661956,5.74459911,1.712668,1.628641,8.1197075,2.305302,1.181425
2022-03-01,Costa,CERVEZAS,31,1124,1707,12172.57,3592,3.457471148,0.05987376181,24,729,990,9104.13,2662,3.498524504,0.09461633395,0.9882655228,7.13097247,2.104277,1.518683,9.19609091,2.688889,1.358025
2022-03-01,Costa,CERVEZAS,34,3750,6437,41320.99,12280,3.430085897,0.06488171748,26,594,707,5291.18,1603,3.441465574,0.1306315304,0.9966933631,6.41929315,1.907721,1.716533,7.48398868,2.267327,1.190236
2022-03-01,Medellín,CERVEZAS,31,9424,15417,85782.17,26049,3.358312665,0.0543260677,25,1675,2019,12931.11,3894,3.391548985,0.08421261058,0.9902002536,5.56412856,1.689628,1.63593,6.40471025,1.928678,1.205373
2022-04-01,Bogotá,CERVEZAS,38,26003,42473,279020.07,78506,3.626784831,0.07355137134,32,4220,4991,35308.33,9576,3.69190887,0.09924339995,0.982360334,6.56935159,1.848374,1.633388,7.07439992,1.918654,1.182701
2022-04-01,Bogotá,CERVEZAS,28,446,812,5699.01,1557,3.690739421,0.107923693,21,193,234,1794.81,505,3.620636857,0.1046824731,1.019361943,7.01848522,1.917488,1.820628,7.67012821,2.15812,1.212435
2022-04-01,Cali y Bucaramanga,CERVEZAS,39,2628,4355,27706.98,7430,3.759071082,0.06678010524,29,487,556,4538.9,1197,3.786248378,0.1354696454,0.9928221043,6.36210792,1.706085,1.657154,8.16348921,2.152878,1.141684
2022-04-01,Costa,CERVEZAS,29,3859,6802,45626.2,12704,3.666032426,0.08773516365,24,488,562,4681.74,1213,3.869731265,0.1516384615,0.9473609858,6.70776242,1.867686,1.762633,8.33049822,2.158363,1.151639
2022-04-01,Costa,CERVEZAS,29,1314,2076,15534.89,4186,3.761117089,0.06236777317,23,810,1053,10448.61,2769,3.876366926,0.07903192217,0.9702685943,7.48308767,2.016378,1.579909,9.92270655,2.62963,1.3
2022-04-01,Medellín,CERVEZAS,31,10937,18513,110707.81,31255,3.600841743,0.062663607,26,1732,2028,13683.54,3673,3.714907837,0.09115746854,0.9692950407,5.98000378,1.688273,1.692695,6.74730769,1.811144,1.170901
2022-05-01,Bogotá,CERVEZAS,42,25983,41588,296390.49,77121,3.901331356,0.08468754552,34,4276,5093,37739,10057,3.801523402,0.07871838363,1.026254726,7.12682721,1.854405,1.600585,7.40997447,1.974671,1.191066
2022-05-01,Bogotá,CERVEZAS,25,417,709,5367.01,1435,3.817724408,0.1547602302,20,231,293,2695.84,723,3.795523702,0.09682044132,1.005849181,7.56983075,2.023977,1.70024,9.20081911,2.467577,1.268398
2022-05-01,Cali y Bucaramanga,CERVEZAS,32,3016,5007,33691.77,8552,3.968726914,0.07707729305,24,543,611,4846.52,1286,3.861388598,0.1034104627,1.027797854,6.72893349,1.708009,1.660146,7.93211129,2.104746,1.12523
2022-05-01,Costa,CERVEZAS,22,1291,2006,16138.86,3922,4.151877802,0.1011079939,19,622,762,7225.14,1827,3.992740387,0.06943482489,1.03985669,8.04529412,1.955135,1.553834,9.48181102,2.397638,1.22508
2022-05-01,Costa,CERVEZAS,26,3760,6292,47864.04,11982,4.053699061,0.1086956872,20,407,467,3824.31,990,3.972463787,0.1162371517,1.020449595,7.60712651,1.904323,1.673404,8.18910064,2.119914,1.14742
2022-05-01,Medellín,CERVEZAS,38,12486,20977,135902.77,36266,3.781461486,0.08323729853,31,1814,2157,14728.23,4069,3.685900812,0.06349884657,1.025926003,6.47865615,1.728846,1.680042,6.82810848,1.886416,1.189085
2022-06-01,Bogotá,CERVEZAS,21,428,691,5288.32,1376,3.90246222,0.1479078121,18,163,213,1999.86,545,3.715544833,0.1186195923,1.050306858,7.65314038,1.991317,1.614486,9.38901408,2.558685,1.306748
2022-06-01,Bogotá,CERVEZAS,47,22578,36398,256199.28,67890,3.837705443,0.09252304323,37,4423,5467,46240.03,12110,3.860807063,0.1198581262,0.9940163755,7.03882851,1.865212,1.6121,8.45802634,2.215109,1.236039
2022-06-01,Cali y Bucaramanga,CERVEZAS,27,2802,4686,31799.57,8142,3.946488722,0.08036382072,23,468,552,4771.97,1221,3.843652287,0.1278947843,1.026754875,6.78607981,1.737516,1.672377,8.64487319,2.211957,1.179487
2022-06-01,Costa,CERVEZAS,22,3254,5439,40858.05,10415,3.986895154,0.1093935294,18,375,449,3998.88,1028,3.916604713,0.1501007313,1.017946779,7.51205185,1.914874,1.671481,8.90619154,2.289532,1.197333
2022-06-01,Costa,CERVEZAS,20,1613,2455,19675.43,5051,3.92653258,0.1079864759,18,649,807,7148.83,1986,3.65549293,0.09990710883,1.074145855,8.01443177,2.057434,1.522009,8.8585254,2.460967,1.243451
2022-06-01,Medellín,CERVEZAS,43,11878,20186,130493.21,35479,3.726121489,0.09257664547,36,1703,2028,14350.12,3833,3.796363807,0.09466192181,0.9814974745,6.46454028,1.757604,1.699444,7.07599606,1.890039,1.19084
2022-07-01,Bogotá,CERVEZAS,24,533,881,6636.95,1704,3.98656978,0.108331588,18,202,250,2369.15,623,3.878910224,0.113790098,1.027755104,7.53342792,1.934166,1.652908,9.4766,2.492,1.237624
2022-07-01,Bogotá,CERVEZAS,49,27593,47138,353353.41,89679,4.017079524,0.08491269254,39,3926,4727,39708.05,10154,3.986416677,0.09565180394,1.007691832,7.49614769,1.902478,1.708332,8.40026444,2.148085,1.204024
2022-07-01,Cali y Bucaramanga,CERVEZAS,28,3429,5807,40793.7,10126,4.061251397,0.08357008692,23,402,480,4444.16,1141,4.074695095,0.1125740759,0.9967006861,7.0249182,1.743758,1.693497,9.25866667,2.377083,1.19403
2022-07-01,Costa,CERVEZAS,19,4323,7807,60142.11,15214,4.048004633,0.09326054481,17,360,407,3826.82,951,4.091356491,0.1482857733,0.989404038,7.70361342,1.948764,1.805922,9.40250614,2.336609,1.130556
2022-07-01,Costa,CERVEZAS,21,2093,3440,28855.84,7131,4.094757037,0.09116590572,18,668,822,7670.18,2007,3.888747061,0.08440965473,1.052975926,8.38832558,2.072965,1.643574,9.33111922,2.441606,1.230539
2022-07-01,Medellín,CERVEZAS,45,14241,25610,168727.21,44238,3.87921877,0.07749529843,37,1672,2013,14285.89,3714,3.905013502,0.07276046981,0.9933944576,6.58833307,1.727372,1.798329,7.0968157,1.845007,1.203947
2022-08-01,Bogotá,CERVEZAS,27,532,856,7049.25,1734,4.15213959,0.1287123302,24,243,308,3006.01,751,4.024774886,0.1246855627,1.031645175,8.23510514,2.025701,1.609023,9.75977273,2.438312,1.26749
2022-08-01,Bogotá,CERVEZAS,47,28455,47828,397571.78,97667,4.128321994,0.09603430878,38,3858,4556,37045.5,9191,4.077434098,0.1191259927,1.012480373,8.31253199,2.042046,1.680829,8.13114574,2.01734,1.180923
2022-08-01,Cali y Bucaramanga,CERVEZAS,34,4076,6911,50697.14,12206,4.208541722,0.1014123932,27,443,518,4481.26,1120,4.054467489,0.1092940264,1.038001102,7.33571697,1.76617,1.695535,8.65108108,2.162162,1.1693
2022-08-01,Costa,CERVEZAS,29,1935,3281,29603.07,7255,4.142583016,0.09255084702,25,562,742,7992.43,2096,3.951480455,0.1116231986,1.048362269,9.02257543,2.211216,1.695607,10.771469,2.824798,1.320285
2022-08-01,Costa,CERVEZAS,26,4382,7801,63389.08,16285,4.043379225,0.1129448089,21,392,448,4033.24,998,4.031899338,0.1500441366,1.002847265,8.12576336,2.087553,1.780237,9.00276786,2.227679,1.142857
2022-08-01,Medellín,CERVEZAS,45,14198,25027,173264.48,44016,3.992724141,0.08391146107,39,1745,2026,14774.58,3724,4.0192038,0.08046685186,0.9934117152,6.92310225,1.758741,1.762713,7.29248766,1.838105,1.161032
2022-09-01,Bogotá,CERVEZAS,51,31292,53596,478821.76,119435,4.176419872,0.1381458725,44,4274,5205,46730.78,12103,4.000299792,0.1380601509,1.04402672,8.9339085,2.228431,1.71277,8.97805572,2.325264,1.217829
2022-09-01,Bogotá,CERVEZAS,29,524,866,7565.72,1904,4.118018871,0.1681050753,27,230,304,2885.37,755,4.001791126,0.1447490642,1.029043931,8.73639723,2.198614,1.652672,9.49134868,2.483553,1.321739
2022-09-01,Cali y Bucaramanga,CERVEZAS,32,4548,7811,57730.41,15482,4.041675737,0.1383180296,27,473,575,4827.11,1283,3.922599941,0.1528422062,1.030356345,7.39091154,1.982077,1.717458,8.39497391,2.231304,1.215645
2022-09-01,Costa,CERVEZAS,31,5045,8702,71667.72,17547,4.149554359,0.1512968446,28,606,736,6206.62,1786,3.724472183,0.1541946979,1.114132193,8.23577568,2.016433,1.724876,8.43290761,2.42663,1.214521
2022-09-01,Costa,CERVEZAS,29,2047,3586,31089.5,8003,3.944801212,0.1450973556,27,625,834,7634.83,2143,3.79614994,0.1339705408,1.03915843,8.66968767,2.231735,1.751832,9.15447242,2.569544,1.3344
2022-09-01,Medellín,CERVEZAS,47,14743,25567,177796.38,45421,3.978434158,0.1398531659,40,2151,2486,18242.82,4624,4.026953214,0.1326271742,0.9879514231,6.95413541,1.776548,1.734179,7.33822204,1.860016,1.155742
2022-10-01,Bogotá,CERVEZAS,30,541,890,7538.4,1832,4.25793389,0.170267305,27,273,340,3497.82,833,4.232474471,0.1509122136,1.006015256,8.47011236,2.058427,1.645102,10.28770588,2.45,1.245421
2022-10-01,Bogotá,CERVEZAS,49,34234,60307,529458.33,128359,4.220936221,0.141355391,45,4107,5182,53651.65,13138,4.238499329,0.1845701333,0.995856291,8.77938432,2.128426,1.761611,10.35346391,2.535315,1.261748
2022-10-01,Cali y Bucaramanga,CERVEZAS,33,5092,9250,70279.22,16853,4.195815723,0.1457609383,28,503,592,5888.48,1401,4.212545793,0.1883842614,0.9960285131,7.59775351,1.821946,1.816575,9.94675676,2.366554,1.176938
2022-10-01,Costa,CERVEZAS,31,2322,4180,37072.72,9247,4.061894876,0.1413091507,30,769,969,9813.93,2456,4.092252407,0.1560867532,0.992581706,8.86907177,2.212201,1.800172,10.12789474,2.534572,1.260078
2022-10-01,Costa,CERVEZAS,31,5188,9493,80755.29,18970,4.283250776,0.1516546026,29,502,616,6495.21,1537,4.311161511,0.2121429756,0.9935259361,8.50682503,1.998315,1.8298,10.54417208,2.49513,1.227092
2022-10-01,Medellín,CERVEZAS,52,17033,30613,221536.06,53286,4.217663223,0.1375886988,47,1755,2085,17108.13,4101,4.266166677,0.1566095679,0.9886306707,7.23666612,1.740633,1.797276,8.20533813,1.966906,1.188034
2022-11-01,Bogotá,CERVEZAS,35,508,889,9137.27,2199,4.362579876,0.1688761085,28,218,318,3842.36,917,4.395667768,0.1247953222,0.9924726129,10.27814398,2.473566,1.75,12.08289308,2.883648,1.458716
2022-11-01,Bogotá,CERVEZAS,55,35364,63270,636363.87,150372,4.414558999,0.1302772588,48,3798,4843,50216.69,11583,4.557533203,0.1325595274,0.9686290373,10.05790849,2.376671,1.789108,10.36892216,2.391699,1.275145
2022-11-01,Cali y Bucaramanga,CERVEZAS,33,4879,8508,64253.84,14973,4.339820168,0.1231252897,28,369,448,4524.61,986,4.765673049,0.1425135824,0.9106416079,7.55216737,1.759873,1.7438,10.09957589,2.200893,1.214092
2022-11-01,Costa,CERVEZAS,32,2402,4153,39213.56,9023,4.524534487,0.1213733975,29,534,648,6333.66,1524,4.351918005,0.1165606931,1.039664461,9.4422249,2.172646,1.728976,9.77416667,2.351852,1.213483
2022-11-01,Costa,CERVEZAS,33,5086,8931,79047.3,17823,4.521884753,0.1315289033,31,444,534,5962.36,1373,4.536883788,0.1774614436,0.9966939785,8.85089016,1.995633,1.755997,11.16546816,2.571161,1.202703
2022-11-01,Expansión - Centro,CERVEZAS,1,4,5,34.32,8,4.29,0,1,5,13,118.1,24,5.043846154,0.04611194525,0.8505414061,6.864,1.6,1.25,9.08461538,1.846154,2.6
2022-11-01,Medellín,CERVEZAS,46,17195,29777,224360.94,52451,4.331159586,0.1019304703,42,1716,2065,20076.4,4320,4.824809841,0.1398088159,0.8976850339,7.53470598,1.76146,1.731724,9.7222276,2.09201,1.20338
2022-12-01,Bogotá,CERVEZAS,51,43230,81970,927623.44,194184,4.890517603,0.1876449511,46,4965,6138,67138.15,15474,4.499536062,0.138030742,1.086893745,11.3166212,2.368964,1.896137,10.93811502,2.521017,1.236254
2022-12-01,Bogotá,CERVEZAS,35,671,1188,14776.81,3115,4.897214565,0.2225131697,33,360,486,5905.29,1370,4.450420549,0.1541225025,1.100393662,12.43839226,2.622054,1.770492,12.15080247,2.81893,1.35
2022-12-01,Cali y Bucaramanga,CERVEZAS,35,7633,13931,131372.17,29031,4.567496224,0.196098745,33,650,764,7671.19,1795,4.429972896,0.1355407425,1.03104383,9.43020386,2.083914,1.825102,10.04082461,2.349476,1.175385
2022-12-01,Costa,CERVEZAS,32,7895,15108,162346.76,32054,5.146583917,0.1946528551,31,635,811,9677.31,2350,4.312559401,0.1836629545,1.193394325,10.74574795,2.121657,1.913616,11.93256473,2.897657,1.277165
2022-12-01,Costa,CERVEZAS,30,3353,6140,69740.59,14230,5.045831843,0.188383919,28,893,1222,14542.57,3550,4.227007577,0.1297468336,1.193712514,11.35840228,2.31759,1.831196,11.90063011,2.905074,1.368421
2022-12-01,Expansión - Centro,CERVEZAS,16,122,138,946.43,241,4.028880795,0,14,246,425,6598.92,1561,4.58346966,0.1856579258,0.8790023921,6.85818841,1.746377,1.131148,15.52687059,3.672941,1.727642
2022-12-01,Medellín,CERVEZAS,43,22905,42339,394335.6,82122,4.874917377,0.1760277376,38,2137,2589,27405.73,6356,4.530919161,0.1615500855,1.075922391,9.31376745,1.93963,1.848461,10.58544998,2.455002,1.211511
2023-01-01,Bogotá,CERVEZAS,33,258,364,3848.74,805,4.93530344,0.1936238245,25,90,108,1407.66,313,4.574934669,0.1827609697,1.078770255,10.57346154,2.211538,1.410853,13.03388889,2.898148,1.2
2023-01-01,Bogotá,CERVEZAS,48,17018,24510,261953.81,55484,4.819632822,0.1868010351,43,1197,1418,14964.19,3170,4.808174476,0.1514989569,1.002383097,10.68762995,2.263729,1.44024,10.55302539,2.235543,1.184628
2023-01-01,Cali y Bucaramanga,CERVEZAS,34,2720,3945,33768.55,7304,4.671939932,0.1827659473,28,168,204,2184.03,505,4.404063814,0.1644748324,1.060824759,8.55983523,1.851458,1.450368,10.70602941,2.47549,1.214286
2023-01-01,Costa,CERVEZAS,34,3083,4526,45409.4,9342,4.973163905,0.1837610531,26,155,176,2315.19,504,4.663726252,0.2014574346,1.066349875,10.03300928,2.064074,1.468051,13.15448864,2.863636,1.135484
2023-01-01,Costa,CERVEZAS,26,1755,2493,26964.68,5617,4.907111984,0.1787545359,22,326,376,4201.63,921,4.690629547,0.1270313387,1.046152107,10.81615724,2.253109,1.420513,11.17454787,2.449468,1.153374
2023-01-01,Expansión - Centro,CERVEZAS,18,80,90,632.72,147,4.426131667,0.02854573231,14,95,107,1025.05,210,4.929207454,0.1496346499,0.8979398227,7.03022222,1.633333,1.125,9.57990654,1.962617,1.126316
2023-01-01,Medellín,CERVEZAS,42,9602,13687,116011.59,24497,4.814908357,0.1675753647,34,457,490,4512.51,965,4.731888404,0.1360625963,1.017544782,8.47604223,1.789801,1.425432,9.20920408,1.969388,1.07221
2023-02-01,Bogotá,CERVEZAS,40,508,869,8245.89,1764,4.770498428,0.148942139,33,168,228,2657.4,590,4.588505859,0.1364250172,1.039662708,9.48894131,2.029919,1.71063,11.65526316,2.587719,1.357143
2023-02-01,Bogotá,CERVEZAS,51,34666,60595,539017.15,115399,4.759837284,0.1351634905,48,2757,3322,30730.84,6694,4.709432961,0.1064280625,1.010702843,8.89540639,1.904431,1.747966,9.25070439,2.015051,1.204933
2023-02-01,Cali y Bucaramanga,CERVEZAS,39,5129,9549,77320.63,16750,4.674072731,0.1319173737,35,328,370,3653,822,4.564476703,0.1132629248,1.024010645,8.09724893,1.75411,1.861766,9.87297297,2.221622,1.128049
2023-02-01,Costa,CERVEZAS,38,5841,10474,103208.14,21643,4.868475483,0.1510739799,34,359,442,5036.02,1135,4.481192914,0.1433723748,1.08642399,9.85374642,2.066355,1.793186,11.39371041,2.567873,1.231198
2023-02-01,Costa,CERVEZAS,29,2414,4057,39599.78,8314,4.869007556,0.1279140663,27,470,591,6168.12,1366,4.581149364,0.1120459819,1.062835365,9.76085285,2.049298,1.680613,10.43675127,2.311337,1.257447
2023-02-01,Expansión - Centro,CERVEZAS,21,212,332,3788.24,922,4.351451114,0.1301497939,17,190,222,2027.08,430,4.746522871,0.1298181492,0.916766069,11.41036145,2.777108,1.566038,9.13099099,1.936937,1.168421
2023-02-01,Medellín,CERVEZAS,44,17220,30937,246147.61,52652,4.730103774,0.1124488014,39,1149,1327,11611.25,2535,4.706052482,0.09244776823,1.005110715,7.95641497,1.70191,1.796574,8.75,1.910324,1.154917
2023-03-01,Bogotá,CERVEZAS,55,37210,66899,578685.04,124524,4.741390198,0.1732182739,48,3817,4572,42122.8,9424,4.625774214,0.1924570482,1.024993867,8.6501299,1.861373,1.797877,9.21321085,2.061242,1.197799
2023-03-01,Bogotá,CERVEZAS,37,538,887,8430.35,1755,4.867718792,0.211844274,34,262,364,3932.59,904,4.496025616,0.1999619112,1.082671499,9.50434047,1.978579,1.648699,10.80381868,2.483516,1.389313
2023-03-01,Cali y Bucaramanga,CERVEZAS,39,5560,10309,84610.65,18236,4.694526456,0.1882051371,36,438,514,5216.38,1194,4.441245461,0.1977327194,1.057029272,8.20745465,1.76894,1.854137,10.14859922,2.322957,1.173516
2023-03-01,Costa,CERVEZAS,34,2620,4782,46951.78,9965,4.795537582,0.1938719904,31,592,799,9017.69,2144,4.455144875,0.1808703899,1.076404408,9.81843998,2.083856,1.825191,11.28622028,2.683354,1.349662
2023-03-01,Costa,CERVEZAS,39,5436,9962,94576.67,19422,4.959439907,0.2009825273,34,486,596,7044.65,1656,4.448892572,0.2106953162,1.114758297,9.49374322,1.949609,1.832597,11.81988255,2.778523,1.226337
2023-03-01,Expansión - Centro,CERVEZAS,19,169,235,1620.64,364,4.47476573,0.04671632641,17,169,216,2017.71,451,4.503142857,0.1549703712,0.9936983728,6.89634043,1.548936,1.390533,9.34125,2.087963,1.278107
2023-03-01,Medellín,CERVEZAS,46,18252,33615,269536.88,57935,4.706258869,0.1638818034,42,1460,1720,15626.01,3453,4.712357419,0.184423823,0.9987058389,8.01835133,1.723487,1.841716,9.08488953,2.007558,1.178082
2023-04-01,Bogotá,CERVEZAS,50,37944,66244,566018.63,121112,4.756663575,0.1361884009,46,3079,3652,31153.82,6867,4.634692907,0.1270110725,1.026316882,8.54445127,1.828271,1.745836,8.53061884,1.88034,1.186099
2023-04-01,Bogotá,CERVEZAS,39,570,871,8037.16,1683,4.870926003,0.1533294061,35,230,291,3319.26,724,4.751876927,0.1358727491,1.025053064,9.22750861,1.932262,1.52807,11.40639175,2.487973,1.265217
2023-04-01,Cali y Bucaramanga,CERVEZAS,36,6456,11815,94025.05,20230,4.718816456,0.1384811516,35,461,539,4634.08,1069,4.405335259,0.1478624157,1.071159442,7.95810834,1.71223,1.830081,8.59755102,1.983302,1.169197
2023-04-01,Costa,CERVEZAS,39,5966,10619,95659.79,19825,4.937104284,0.1417631227,33,410,467,4808.89,1064,4.598736847,0.1652351215,1.073578343,9.00836143,1.866937,1.77992,10.29740899,2.278373,1.139024
2023-04-01,Costa,CERVEZAS,36,3194,5607,52324.31,11270,4.727888345,0.1644676149,34,672,853,8262.2,1820,4.613308873,0.1127749997,1.024836722,9.33196183,2.009988,1.755479,9.68604924,2.133646,1.269345
2023-04-01,Expansión - Centro,CERVEZAS,25,294,410,3006.66,635,4.735389908,0.06219198565,20,194,244,2061.49,438,4.773786255,0.101522015,0.9919568357,7.33331707,1.54878,1.394558,8.44872951,1.795082,1.257732
2023-04-01,Medellín,CERVEZAS,47,18112,31831,247228.73,53970,4.624996038,0.1242406061,43,1467,1722,14512.94,3122,4.716265086,0.1115214863,0.9806480241,7.76691684,1.695517,1.757454,8.42795587,1.813008,1.173824
2023-05-01,Bogotá,CERVEZAS,52,37881,65760,525906.47,117405,4.555950199,0.1324394813,48,3409,4033,35786.71,7823,4.568017777,0.1402422252,0.9973582462,7.99736116,1.785356,1.735963,8.87347136,1.939747,1.183045
2023-05-01,Bogotá,CERVEZAS,40,557,861,7562.53,1623,4.709527019,0.1723714879,34,218,298,3147.54,705,4.527401115,0.151288847,1.040227472,8.78342625,1.885017,1.545781,10.56221477,2.365772,1.366972
2023-05-01,Cali y Bucaramanga,CERVEZAS,37,6773,12088,89525.63,20445,4.434820344,0.1526011726,34,433,525,5016.85,1133,4.378649149,0.1624819937,1.01282843,7.40615735,1.691347,1.784734,9.55590476,2.158095,1.212471
2023-05-01,Costa,CERVEZAS,40,6171,12075,104419.94,23460,4.562911602,0.1197932425,36,425,536,6641.65,1332,4.887404599,0.2108833341,0.933606275,8.64761408,1.942857,1.956733,12.39113806,2.485075,1.261176
2023-05-01,Costa,CERVEZAS,36,2853,4813,42915.55,9354,4.627798979,0.1386041217,35,603,776,7248.05,1570,4.60575253,0.1271440643,1.00478672,8.91659048,1.943486,1.686996,9.34027062,2.023196,1.286899
2023-05-01,Expansión - Centro,CERVEZAS,28,289,439,3724.38,763,4.855708935,0.1199426276,26,201,299,2460.74,529,4.697972544,0.1209420138,1.033575418,8.48378132,1.738041,1.519031,8.22989967,1.769231,1.487562
2023-05-01,Medellín,CERVEZAS,46,17967,31576,226431.41,51909,4.404182325,0.1017322221,42,1601,1914,15085.82,3514,4.301042047,0.114339686,1.0239803,7.17099728,1.643938,1.757444,7.88182863,1.835946,1.195503
2023-06-01,Bogotá,CERVEZAS,43,563,876,8000.19,1711,4.820847969,0.1282692468,38,214,285,3064.93,680,4.713571049,0.1597276695,1.022759161,9.13263699,1.953196,1.55595,10.75414035,2.385965,1.331776
2023-06-01,Bogotá,CERVEZAS,54,39904,69378,582028.87,125648,4.708252251,0.1074879954,49,3250,3960,37984.44,8271,4.651979743,0.1351918515,1.012096464,8.38924256,1.811064,1.738623,9.5920303,2.088636,1.218462
2023-06-01,Cali y Bucaramanga,CERVEZAS,38,7001,12578,96239.43,21431,4.537094905,0.1219480331,36,487,564,5691.64,1310,4.403400307,0.1647394722,1.030361673,7.6514096,1.703848,1.7966,10.09156028,2.322695,1.158111
2023-06-01,Costa,CERVEZAS,37,3040,5287,45790.73,10024,4.635722027,0.08521667163,34,633,806,8203.99,1798,4.688674371,0.1224169778,0.9887063295,8.66100435,1.895971,1.739145,10.17864764,2.230769,1.273302
2023-06-01,Costa,CERVEZAS,41,6699,12194,103363.2,23311,4.51848414,0.08683475444,36,421,498,4836.86,1071,4.541891906,0.1674760015,0.9948462522,8.47656224,1.911678,1.820272,9.71257028,2.150602,1.182898
2023-06-01,Expansión - Centro,CERVEZAS,28,287,395,2925.28,626,4.686791192,0.07486112792,24,202,271,2614.2,569,4.547172089,0.122983653,1.030704601,7.40577215,1.58481,1.376307,9.64649446,2.099631,1.341584
2023-06-01,Medellín,CERVEZAS,50,19008,33513,248894.95,55542,4.517918725,0.07815642784,45,1273,1486,12635.36,2874,4.411280039,0.1030398452,1.024174091,7.42681795,1.657327,1.7631,8.50293405,1.934051,1.167321
2023-07-01,Bogotá,CERVEZAS,53,36128,61669,500426.2,107742,4.715774814,0.09006335763,47,2683,3101,26099.34,5608,4.69252397,0.08613022388,1.00495487,8.11471242,1.747101,1.706959,8.41642696,1.808449,1.155796
2023-07-01,Bogotá,CERVEZAS,40,555,881,7737.18,1634,4.758486693,0.1571778164,33,179,241,2804.95,573,4.914731586,0.09048637236,0.9682088656,8.78227015,1.854711,1.587387,11.63879668,2.377593,1.346369
2023-07-01,Cali y Bucaramanga,CERVEZAS,36,6985,12657,96944.06,21549,4.547190519,0.1011083818,34,426,506,4231.26,950,4.483005443,0.1036966186,1.014317421,7.65932369,1.702536,1.812026,8.36217391,1.87747,1.187793
2023-07-01,Costa,CERVEZAS,40,6336,11677,98696.86,21427,4.690969176,0.08499696356,34,328,393,4205.83,911,4.644823709,0.1533594594,1.009934815,8.45224458,1.834975,1.842961,10.70185751,2.318066,1.198171
2023-07-01,Costa,CERVEZAS,39,2996,5276,46304.67,9969,4.720858151,0.07218135297,37,668,868,8756.6,1911,4.685964609,0.09197885579,1.007446395,8.77647271,1.8895,1.761015,10.08824885,2.201613,1.299401
2023-07-01,Expansión - Centro,CERVEZAS,27,320,447,3297.46,755,4.451895333,0.01639960614,22,173,219,1944.67,414,4.723129477,0.09617606689,0.9425732144,7.37686801,1.689038,1.396875,8.87977169,1.890411,1.265896
2023-07-01,Medellín,CERVEZAS,43,17455,30666,225244.49,49466,4.589043024,0.07321114113,41,1248,1459,12172.84,2745,4.478642014,0.07804796396,1.024650555,7.3450887,1.613057,1.75686,8.34327622,1.881426,1.169071
2023-08-01,Bogotá,CERVEZAS,48,35268,59914,481570.45,102677,4.772239466,0.1054566154,44,3250,3798,31978.29,7067,4.569553481,0.1108712193,1.044355753,8.03769486,1.71374,1.69882,8.41977093,1.860716,1.168615
2023-08-01,Bogotá,CERVEZAS,41,596,914,8069.35,1716,4.752790744,0.1693402909,33,188,251,2466.94,533,4.842994805,0.1144823474,0.9813743221,8.8286105,1.877462,1.533557,9.82844622,2.123506,1.335106
2023-08-01,Cali y Bucaramanga,CERVEZAS,36,6797,12033,93037.38,20028,4.699569909,0.1310189101,35,500,578,5037.46,1153,4.436130862,0.1021708136,1.059384868,7.73185241,1.664423,1.77034,8.71532872,1.99481,1.156
2023-08-01,Costa,CERVEZAS,39,2723,4719,40769.67,8955,4.619476839,0.103632729,36,660,860,8522.43,1907,4.553913502,0.08465077169,1.014397142,8.63947235,1.897648,1.733015,9.90980233,2.217442,1.30303
2023-08-01,Costa,CERVEZAS,39,6571,13307,98239.68,21494,4.637584376,0.1114152228,35,412,478,4094.13,960,4.355896255,0.1220739467,1.064668235,7.38255655,1.61524,2.02511,8.56512552,2.008368,1.160194
2023-08-01,Expansión - Centro,CERVEZAS,27,437,568,4142.34,916,4.529584276,0.1939838694,22,162,225,1895.71,414,4.651671113,0.1076033914,0.9737541986,7.29285211,1.612676,1.299771,8.42537778,1.84,1.388889
2023-08-01,Medellín,CERVEZAS,43,18349,32223,240220.54,52784,4.591642404,0.1064486857,39,1466,1716,13557.07,3117,4.404030276,0.09105306861,1.0426001,7.45494026,1.638085,1.756117,7.90039044,1.816434,1.170532
2023-09-01,Bogotá,CERVEZAS,40,586,915,8327.51,1745,4.814283203,0.1292091229,30,233,319,3743.16,800,4.814876455,0.1731730822,0.9998767877,9.10110383,1.907104,1.561433,11.73404389,2.507837,1.369099
2023-09-01,Bogotá,CERVEZAS,46,38591,66518,545105.84,115626,4.794224343,0.1092950455,44,3605,4394,40483.63,8968,4.575181158,0.1720226973,1.047876396,8.19486214,1.738266,1.723666,9.21338871,2.040965,1.218863
2023-09-01,Cali y Bucaramanga,CERVEZAS,36,6671,12091,93223.35,19946,4.723571117,0.1244023417,33,533,651,6345.39,1495,4.366359188,0.1722843556,1.081810019,7.71014391,1.649657,1.812472,9.74714286,2.296467,1.221388
2023-09-01,Costa,CERVEZAS,34,2812,5386,46945.98,10208,4.660951016,0.1087273514,33,711,907,9938.46,2253,4.483795829,0.1471438196,1.039510092,8.71629781,1.895284,1.915363,10.95750827,2.484013,1.275668
2023-09-01,Costa,CERVEZAS,35,7902,14529,126477.19,27743,4.634260446,0.1175193415,34,616,1082,8244.05,1901,4.392036128,0.1573220877,1.055150803,8.70515452,1.909491,1.838648,7.61926987,1.756932,1.756494
2023-09-01,Expansión - Centro,CERVEZAS,26,430,583,4266.87,940,4.557501534,0.05742346344,20,216,313,2954.29,638,4.580534613,0.1439542833,0.9949715304,7.31881647,1.61235,1.355814,9.4386262,2.038339,1.449074
2023-09-01,Medellín,CERVEZAS,40,18871,33292,248596.83,54484,4.594968883,0.1103238845,35,1309,1534,12538.96,2904,4.394843456,0.1304349637,1.045536418,7.46716418,1.636549,1.764188,8.17402868,1.89309,1.171887
2023-10-01,Bogotá,CERVEZAS,50,36762,62380,541559.68,117187,4.681250967,0.1370852688,44,3619,4352,39105.24,8415,4.729031586,0.1584010145,0.9898963207,8.6816236,1.878599,1.696861,8.98557904,1.933594,1.202542
2023-10-01,Bogotá,CERVEZAS,41,718,1143,14226.99,3124,4.61716105,0.1430208831,33,293,391,4440.69,980,4.652302586,0.1671199404,0.9924464208,12.44706037,2.733158,1.591922,11.35726343,2.506394,1.334471
2023-10-01,Cali y Bucaramanga,CERVEZAS,38,5769,10315,82054.7,17607,4.730862836,0.1437153077,32,499,587,5185.74,1203,4.464765897,0.1582552696,1.059599304,7.95489094,1.706932,1.788005,8.83431005,2.049404,1.176353
2023-10-01,Costa,CERVEZAS,37,9502,20212,223185.51,47893,4.719105569,0.1314497375,34,534,717,7184.09,1590,4.647474494,0.1646368129,1.015412903,11.04222788,2.369533,2.127131,10.01965132,2.217573,1.342697
2023-10-01,Costa,CERVEZAS,39,3022,7164,57020.99,12658,4.538736518,0.1485847486,35,629,779,7852.65,1732,4.577752545,0.143644257,0.9914770345,7.95937884,1.76689,2.370615,10.08042362,2.223363,1.238474
2023-10-01,Expansión - Centro,CERVEZAS,26,340,465,3238.13,731,4.474520915,0.04823788015,20,199,267,2076.49,440,4.719181973,0.1525764621,0.948156045,6.96372043,1.572043,1.367647,7.7771161,1.64794,1.341709
2023-10-01,Medellín,CERVEZAS,40,15700,27112,203624.68,43761,4.702868378,0.1241846637,38,1369,1590,13273.13,2894,4.660462982,0.1353805995,1.009098966,7.51050015,1.614082,1.726879,8.3478805,1.820126,1.161432
2023-11-01,Bogotá,CERVEZAS,52,35947,61766,500211.61,109058,4.651402308,0.07471693855,48,3704,4567,40674.21,9191,4.527798701,0.1397784279,1.02729883,8.09849448,1.765664,1.718252,8.90611123,2.012481,1.232991
2023-11-01,Bogotá,CERVEZAS,40,545,901,7224.07,1601,4.596585787,0.02496916463,30,233,309,3110.5,692,4.637414426,0.1297254814,0.9911958183,8.01783574,1.776915,1.653211,10.06634304,2.239482,1.32618
2023-11-01,Cali y Bucaramanga,CERVEZAS,39,5324,9484,70473.95,15317,4.641498533,0.06852650802,32,498,612,5703.12,1301,4.497427253,0.1441041153,1.032034155,7.4308256,1.615036,1.781367,9.31882353,2.125817,1.228916
2023-11-01,Costa,CERVEZAS,38,7624,14659,129087.42,28455,4.59925929,0.06252906024,32,468,592,6027.02,1380,4.428403941,0.1753495,1.038581699,8.80601815,1.941128,1.922744,10.18077703,2.331081,1.264957
2023-11-01,Costa,CERVEZAS,39,3029,8835,63587.03,14147,4.509705147,0.07048209328,35,671,887,8675.24,1988,4.42294638,0.1176767084,1.019615605,7.19717374,1.601245,2.916804,9.78042841,2.241263,1.321908
2023-11-01,Expansión - Centro,CERVEZAS,26,316,456,3162.45,705,4.521447351,0.003665815069,21,199,251,2088.06,445,4.703369882,0.1137031972,0.9613208112,6.93519737,1.546053,1.443038,8.31896414,1.772908,1.261307
2023-11-01,Medellín,CERVEZAS,41,16165,27250,198347.64,43646,4.583775461,0.05861776566,38,1843,2185,18236.17,4044,4.60120044,0.1160955655,0.9962129493,7.27881248,1.601688,1.685741,8.34607323,1.850801,1.185567
2023-12-01,Bogotá,CERVEZAS,42,802,1464,14109.79,2987,4.853676477,0.1162497652,32,292,400,4695.27,1010,4.75021167,0.1550903869,1.021781094,9.6378347,2.040301,1.825436,11.738175,2.525,1.369863
2023-12-01,Bogotá,CERVEZAS,51,42978,74631,656972.08,140839,4.759299132,0.09912439797,45,4133,4851,48810.82,10594,4.700741791,0.1575878775,1.012457043,8.80293819,1.887138,1.736493,10.06201196,2.18388,1.173724
2023-12-01,Cali y Bucaramanga,CERVEZAS,34,8555,15500,130305,27894,4.716145273,0.1058261315,31,746,917,9823.46,2170,4.714285423,0.157155216,1.000394514,8.40677419,1.799613,1.811806,10.71260632,2.366412,1.229223
2023-12-01,Costa,CERVEZAS,37,4526,9472,86134.09,18811,4.624972082,0.1224053441,35,1025,1278,13943.85,3081,4.562047467,0.1416708151,1.013793064,9.09354835,1.985959,2.092797,10.91068075,2.410798,1.246829
2023-12-01,Costa,CERVEZAS,39,8816,17536,161051.04,34945,4.71951285,0.1103526568,35,744,902,11557.28,2490,4.843685888,0.1896192511,0.9743639366,9.18402372,1.992758,1.989111,12.812949,2.760532,1.212366
2023-12-01,Expansión - Centro,CERVEZAS,26,439,616,4420.67,996,4.489140466,0.004008765324,23,256,342,3250.68,647,5.030529045,0.133671501,0.892379395,7.17641234,1.616883,1.403189,9.50491228,1.891813,1.335938
2023-12-01,Medellín,CERVEZAS,39,20918,36848,302597.23,63908,4.78486024,0.09402921806,34,2074,2407,22959.38,4966,4.728402363,0.1445152665,1.011940159,8.21203946,1.734368,1.761545,9.53858745,2.063149,1.160559
2024-01-01,Bogotá,CERVEZAS,37,624,1042,9735.55,1996,4.932691422,0.1004880652,29,154,203,2017.39,433,4.789858037,0.06875038212,1.029819962,9.3431382,1.915547,1.669872,9.93788177,2.133005,1.318182
2024-01-01,Bogotá,CERVEZAS,48,30647,51495,428688.09,89444,4.877120969,0.09532361124,41,2355,2742,21556.74,4753,4.638068499,0.05538571325,1.051541384,8.32484882,1.736945,1.680262,7.8616849,1.733406,1.164331
2024-01-01,Cali y Bucaramanga,CERVEZAS,35,5889,10753,82261.7,17770,4.686929227,0.0909299023,29,399,436,3183.96,770,4.28966388,0.05515058593,1.092609901,7.65011625,1.652562,1.825947,7.30266055,1.766055,1.092732
2024-01-01,Costa,CERVEZAS,38,5891,10750,92660.23,19953,4.770740468,0.09763309963,29,272,308,2932.68,702,4.328896753,0.08624721282,1.102068435,8.61955628,1.856093,1.824818,9.52168831,2.279221,1.132353
2024-01-01,Costa,CERVEZAS,38,3746,6369,62661.19,13294,4.792515096,0.09384625217,32,605,747,6880.96,1615,4.349408768,0.0479343888,1.10187737,9.83846601,2.087298,1.700214,9.21145917,2.161981,1.234711
2024-01-01,Expansión - Centro,CERVEZAS,25,350,479,3530.29,718,4.998409328,0.07969493058,24,184,271,2075.72,454,4.656922184,0.04543380147,1.073328935,7.37012526,1.498956,1.368571,7.65948339,1.675277,1.472826
2024-01-01,Medellín,CERVEZAS,39,17321,31378,245689.34,50786,4.875037542,0.09172087115,32,1103,1258,9655.2,2086,4.691374216,0.03890630783,1.039149153,7.82998725,1.618523,1.811558,7.67503975,1.658188,1.140526
2024-02-01,Bogotá,CERVEZAS,37,608,1055,9455.15,1963,4.864059514,0.06768998177,30,169,210,2113.78,428,5.284984468,0.1238498816,0.9203545523,8.96222749,1.860664,1.735197,10.06561905,2.038095,1.242604
2024-02-01,Bogotá,CERVEZAS,45,31399,52581,424530.75,88863,4.874687296,0.06706468053,40,2993,3521,31705.62,6449,5.015584097,0.1239814223,0.9719081969,8.07384321,1.690021,1.674607,9.00472025,1.831582,1.176412
2024-02-01,Cali y Bucaramanga,CERVEZAS,34,5994,10755,80674.46,17330,4.733524357,0.06688340651,31,415,482,4243.97,865,4.966455169,0.1297456608,0.9530991816,7.50111204,1.611344,1.794294,8.80491701,1.794606,1.161446
2024-02-01,Costa,CERVEZAS,38,2529,4383,40228.92,8580,4.758334062,0.07309660576,32,684,832,8459.38,1821,4.728097186,0.09933467309,1.006395147,9.17839836,1.957563,1.733096,10.16752404,2.188702,1.216374
2024-02-01,Costa,CERVEZAS,37,6350,10672,89752.88,19891,4.672372442,0.07041670587,29,396,501,6174.05,1303,5.540614345,0.1732174325,0.8432950121,8.41012744,1.863849,1.68063,12.32345309,2.600798,1.265152
2024-02-01,Expansión - Centro,CERVEZAS,28,388,582,4268.66,890,4.823237129,0.04624696077,23,197,298,2254.1,482,4.764244514,0.09835706351,1.012382365,7.33446735,1.52921,1.5,7.56409396,1.61745,1.51269
2024-02-01,Medellín,CERVEZAS,33,16309,29142,218936.02,46565,4.80361301,0.05550765852,29,1513,1749,14751.58,2951,5.153287328,0.100497789,0.9321453869,7.51273145,1.597866,1.786866,8.43429388,1.68725,1.155981
2024-03-01,Bogotá,CERVEZAS,42,826,1337,12473.35,2548,5.011612651,0.1271801308,34,230,318,3627.32,720,5.385852564,0.1390052373,0.930514267,9.32935677,1.905759,1.618644,11.40666667,2.264151,1.382609
2024-03-01,Bogotá,CERVEZAS,56,37894,64572,537700.55,109736,5.002197185,0.1100091014,48,4199,5038,45912.22,9595,4.910562647,0.1402162629,1.0186607,8.32714722,1.699436,1.704016,9.1131838,1.904526,1.199809
2024-03-01,Cali y Bucaramanga,CERVEZAS,43,7413,13014,101659.64,21387,4.81476637,0.1081789793,35,740,889,8784.68,1855,4.803205009,0.1480913803,1.00240701,7.81155986,1.643384,1.755565,9.88152981,2.086614,1.201351
2024-03-01,Costa,CERVEZAS,47,3817,6804,65395.08,13575,4.915299292,0.1174786357,37,1005,1293,13174.09,2797,4.854902775,0.1454768416,1.012440314,9.61126984,1.99515,1.782552,10.18877804,2.163186,1.286567
2024-03-01,Costa,CERVEZAS,43,7130,12652,108530.37,22563,4.919517086,0.1079464041,34,512,600,6556.15,1327,5.368184183,0.170838138,0.9164210688,8.57811966,1.783354,1.774474,10.92691667,2.211667,1.171875
2024-03-01,Expansión -  Costa,CERVEZAS,29,301,410,3715.98,757,4.896808768,0.1277580931,26,726,1054,11176.58,2357,4.870605859,0.1436479456,1.005379805,9.06336585,1.846341,1.362126,10.60396584,2.236243,1.451791
2024-03-01,Expansión - Centro,CERVEZAS,30,149,186,1788.98,371,4.945781492,0.1006761513,25,225,310,3487.27,737,4.982648336,0.1709905114,0.992600954,9.61817204,1.994624,1.248322,11.24925806,2.377419,1.377778
2024-03-01,Expansión - Centro,CERVEZAS,32,499,753,5351.37,1114,4.809032757,0.1132792297,27,328,480,4370.22,892,5.001469872,0.1394658189,0.9615238879,7.10673307,1.479416,1.509018,9.104625,1.858333,1.463415
2024-03-01,Medellín,CERVEZAS,43,17122,30422,237794.74,49053,4.940289065,0.09991792953,37,2130,2528,21579.52,4603,4.772476496,0.1329222179,1.035162576,7.81653869,1.612419,1.776778,8.53620253,1.820807,1.186854
2024-04-01,Bogotá,CERVEZAS,62,35214,60312,493560.66,99727,5.044482671,0.07818636513,52,3370,4035,34128.08,7043,4.971835801,0.1114762734,1.014611679,8.18345702,1.653518,1.712728,8.45801239,1.745477,1.197329
2024-04-01,Bogotá,CERVEZAS,46,678,1087,9899.02,1949,5.199551705,0.08070590792,32,148,186,1874.23,374,5.170196162,0.1155465543,1.005677839,9.10673413,1.793008,1.603245,10.07650538,2.010753,1.256757
2024-04-01,Cali y Bucaramanga,CERVEZAS,46,5473,9343,72290.74,14950,4.902643967,0.07929378546,38,568,665,5763.63,1241,4.803493975,0.1134993569,1.020641223,7.73742267,1.600128,1.707108,8.66711278,1.866165,1.170775
2024-04-01,Costa,CERVEZAS,48,2905,5001,47917.77,9854,4.9683762,0.08510774837,40,752,973,9466.72,2029,4.782796727,0.1005182849,1.038801455,9.58163767,1.970406,1.721515,9.72941418,2.085303,1.293883
2024-04-01,Costa,CERVEZAS,46,5625,9779,82638.86,16806,5.01493567,0.07538228689,38,346,391,4145.45,829,5.294824721,0.1394817852,0.9471391281,8.45064526,1.718581,1.738489,10.60217391,2.120205,1.130058
2024-04-01,Expansión -  Costa,CERVEZAS,32,285,451,3662.35,721,5.131853862,0.05833854997,28,451,635,5812.73,1259,4.725808117,0.09313390115,1.085920912,8.12050998,1.59867,1.582456,9.15390551,1.982677,1.407982
2024-04-01,Expansión - Centro,CERVEZAS,33,167,246,1881.8,405,4.71946952,0.04171443851,25,144,213,2382.85,490,5.051814618,0.1422733913,0.9342127288,7.6495935,1.646341,1.473054,11.1870892,2.300469,1.479167
2024-04-01,Expansión - Centro,CERVEZAS,30,295,439,3063.12,642,4.772839533,0.07195012626,25,219,339,2641.59,549,4.900738889,0.09963289046,0.9739020261,6.97749431,1.462415,1.488136,7.79230088,1.619469,1.547945
2024-04-01,Medellín,CERVEZAS,51,13649,23759,182973.47,37602,4.953408793,0.06317765725,41,1629,1907,15569.88,3247,4.889517962,0.09054012027,1.013066898,7.70122775,1.582642,1.740714,8.1645936,1.702674,1.170657
2024-05-01,Bogotá,CERVEZAS,47,771,1208,10617,2147,5.029545627,0.05951631877,35,199,264,2959.89,603,5.011074619,0.1286941853,1.003686037,8.78890728,1.777318,1.566796,11.21170455,2.284091,1.326633
2024-05-01,Bogotá,CERVEZAS,62,36426,61480,508152.14,103060,5.021386225,0.05128021002,52,3835,4693,44411.98,9082,5.001679598,0.1182190198,1.003940002,8.26532433,1.676318,1.687805,9.46345195,1.935223,1.223729
2024-05-01,Cali y Bucaramanga,CERVEZAS,49,5307,8782,67190.1,14080,4.83482115,0.05502641266,36,624,756,6815.44,1418,4.910894249,0.1338529151,0.9845093184,7.65088818,1.603279,1.654796,9.01513228,1.875661,1.211538
2024-05-01,Costa,CERVEZAS,51,6601,11335,94857.93,19756,4.895407865,0.064376798,41,646,768,8291.97,1511,5.657703039,0.1442054869,0.8652641948,8.36858668,1.74292,1.717164,10.79683594,1.967448,1.188854
2024-05-01,Costa,CERVEZAS,48,3099,5211,48843.62,9939,5.032855541,0.06088816737,37,847,1114,11493.82,2409,4.941118349,0.1113615473,1.018566079,9.37317597,1.907311,1.68151,10.31761221,2.162478,1.31523
2024-05-01,Expansión -  Costa,CERVEZAS,31,316,452,3803.07,685,5.595630802,0.05285103321,29,563,789,7670.8,1601,4.905575135,0.09760120518,1.140667638,8.41387168,1.515487,1.43038,9.72217997,2.029151,1.401421
2024-05-01,Expansión - Centro,CERVEZAS,30,360,524,3835.31,765,5.08591953,0.06494879913,28,212,307,2570.06,530,4.986727349,0.1166134197,1.019891238,7.31929389,1.459924,1.455556,8.37153094,1.726384,1.448113
2024-05-01,Expansión - Centro,CERVEZAS,36,266,367,2896.28,592,4.974324003,0.04951152796,26,142,195,2190.08,481,4.664371997,0.1663680548,1.066450962,7.89177112,1.613079,1.379699,11.23117949,2.466667,1.373239
2024-05-01,Medellín,CERVEZAS,52,14783,25553,199344.22,40729,4.975314363,0.0468753944,43,1611,1893,16583,3463,4.906154751,0.1003659389,1.0140965,7.80120612,1.593903,1.72854,8.76016904,1.829371,1.175047
2024-06-01,Bogotá,CERVEZAS,66,42181,71620,621712.68,124847,5.080493983,0.08904682727,54,4401,5241,52345.93,10504,5.11718217,0.1292841436,0.9928303925,8.68071321,1.743186,1.697921,9.98777523,2.004198,1.190866
2024-06-01,Bogotá,CERVEZAS,53,911,1343,12764.1,2516,5.186527703,0.09402774849,37,261,338,3929.61,774,5.351960172,0.127129634,0.9690893685,9.50416977,1.873418,1.474204,11.62606509,2.289941,1.295019
2024-06-01,Cali y Bucaramanga,CERVEZAS,52,6432,10773,87914.18,17817,5.003095249,0.09340800317,42,740,865,8496.91,1737,4.979822805,0.1414865061,1.004673348,8.16060336,1.653857,1.674907,9.82301734,2.008092,1.168919
2024-06-01,Costa,CERVEZAS,51,3900,6452,63697.94,12887,5.049018705,0.08806686193,38,1040,1390,14859.68,2948,5.302368583,0.1187664594,0.9522194894,9.87258834,1.997365,1.654359,10.69041727,2.120863,1.336538
2024-06-01,Costa,CERVEZAS,50,7513,13212,116877.94,23983,4.963040136,0.09752762369,37,720,862,10258.64,1825,5.848647858,0.1576450476,0.8485790659,8.84634726,1.815244,1.758552,11.90097448,2.117169,1.197222
2024-06-01,Expansión -  Costa,CERVEZAS,35,371,597,5035.34,878,5.825691879,0.0917543931,29,771,1049,10248.51,2134,4.889719044,0.1143242835,1.191416486,8.43440536,1.470687,1.609164,9.76979028,2.034318,1.360571
2024-06-01,Expansión - Centro,CERVEZAS,36,383,521,4625.03,955,4.971801362,0.1099785975,28,176,244,2854.73,624,4.778199294,0.1556352894,1.040517788,8.87721689,1.833013,1.360313,11.69971311,2.557377,1.386364
2024-06-01,Expansión - Centro,CERVEZAS,32,426,655,4840.37,977,4.969974359,0.09006572107,29,304,390,3639.09,734,5.052062275,0.1258050373,0.9837516024,7.38987786,1.491603,1.537559,9.331,1.882051,1.282895
2024-06-01,Medellín,CERVEZAS,55,16788,28627,230297.76,46411,5.038016371,0.07980867467,45,1872,2221,19582.83,4018,4.975923528,0.1153591536,1.012478657,8.04477451,1.621232,1.705206,8.81712292,1.809095,1.186432
2024-07-01,Bogotá,CERVEZAS,50,858,1289,12167.6,2391,5.20591326,0.07173105527,31,262,326,4229.07,840,5.197766075,0.1305985378,1.00156744,9.43956555,1.854926,1.502331,12.97260736,2.576687,1.244275
2024-07-01,Bogotá,CERVEZAS,71,41609,68511,610950.34,121426,5.119822618,0.06827587594,61,4366,5179,54134.99,10779,5.117099758,0.1250935198,1.00053211,8.91755105,1.772358,1.646543,10.45278818,2.08129,1.186212
2024-07-01,Cali y Bucaramanga,CERVEZAS,53,6208,10267,84948.14,17050,5.053958431,0.06700076433,39,670,767,7538.89,1516,5.143442085,0.1133341649,0.9826023794,8.27390085,1.66066,1.653834,9.82906128,1.976532,1.144776
2024-07-01,Costa,CERVEZAS,52,6932,12117,106732.54,21764,4.983586449,0.0765297871,35,679,791,9341.16,1759,5.514815917,0.1556759788,0.9036723119,8.8084955,1.796154,1.74798,11.80930468,2.223767,1.164948
2024-07-01,Costa,CERVEZAS,53,3634,6137,60662.41,12332,4.994228433,0.07735755737,45,855,1099,11596.34,2392,4.915367133,0.1137216764,1.016043827,9.88470099,2.009451,1.688773,10.55171975,2.176524,1.28538
2024-07-01,Expansión -  Costa,CERVEZAS,38,429,868,6426.62,1325,4.862533914,0.07743645763,29,698,951,9696.19,2000,4.92028774,0.1121237065,0.9882621038,7.40394009,1.526498,2.02331,10.19578339,2.103049,1.362464
2024-07-01,Expansión - Centro,CERVEZAS,37,425,621,4732.04,970,4.889836061,0.06069725853,28,249,338,3158.26,622,5.182834815,0.09418182857,0.9434674722,7.62003221,1.561997,1.461176,9.3439645,1.840237,1.35743
2024-07-01,Expansión - Centro,CERVEZAS,36,394,605,5449.8,1168,4.749291576,0.0842871294,22,130,165,2351.78,515,4.790800466,0.153436595,0.9913357088,9.00793388,1.930579,1.535533,14.25321212,3.121212,1.269231
2024-07-01,Medellín,CERVEZAS,61,16918,28535,231564.86,46533,5.053334329,0.06172138119,52,1735,2009,17793.93,3652,5.017836374,0.1003561222,1.007074355,8.11511687,1.630734,1.686665,8.85710801,1.81782,1.157925
2024-08-01,Bogotá,CERVEZAS,68,37641,64755,550146.58,109772,5.094845647,0.07692344499,62,4072,5072,48726.48,9922,5.01932431,0.1495419277,1.015046116,8.49581623,1.69519,1.720332,9.60695584,1.95623,1.24558
2024-08-01,Bogotá,CERVEZAS,52,803,1283,11771.2,2343,5.149205085,0.08002667365,37,213,292,3203.45,638,5.223991728,0.1296696571,0.9856840044,9.17474669,1.826189,1.597758,10.97071918,2.184932,1.370892
2024-08-01,Cali y Bucaramanga,CERVEZAS,54,6041,10569,83828.81,17075,5.01380736,0.08165499438,45,686,836,8538.4,1730,5.073438875,0.1551307855,0.9882463321,7.93157442,1.615574,1.749545,10.21339713,2.069378,1.218659
2024-08-01,Costa,CERVEZAS,51,7038,12751,109787.77,22433,5.007014838,0.08363826056,40,628,763,8841.59,1774,5.284849551,0.1795873154,0.9474280751,8.61013019,1.759313,1.811736,11.58792923,2.325033,1.214968
2024-08-01,Costa,CERVEZAS,52,3668,6176,60101.67,12329,4.963666313,0.07682681439,42,873,1107,12284.32,2450,5.379942036,0.1275313559,0.9226244966,9.73148802,1.996276,1.683751,11.0969467,2.213189,1.268041
2024-08-01,Expansión -  Costa,CERVEZAS,36,417,765,5855.57,1207,4.91578009,0.08124104784,31,716,962,9543.8,1985,4.917819889,0.1310244809,0.9995852228,7.65433987,1.577778,1.834532,9.92079002,2.06341,1.343575
2024-08-01,Expansión - Centro,CERVEZAS,38,396,583,4064.26,842,4.847743292,0.08375557225,32,284,401,3710.27,722,5.170084088,0.1294431735,0.9376526977,6.97128645,1.444254,1.472222,9.25254364,1.800499,1.411972
2024-08-01,Expansión - Centro,CERVEZAS,37,334,465,4371.33,926,4.858667482,0.09009129613,25,176,247,2932.56,642,4.677921265,0.1695796209,1.038638149,9.40070968,1.991398,1.392216,11.87271255,2.59919,1.403409
2024-08-01,Medellín,CERVEZAS,60,16299,28499,224228.51,46110,4.93057221,0.06909822566,54,1801,2179,18562.2,3827,4.973446778,0.1495809672,0.991379305,7.86794309,1.617952,1.748512,8.51867829,1.75631,1.209883
2024-09-01,Bogotá,CERVEZAS,55,823,1296,12413,2449,5.207999437,0.154313452,41,238,327,3705.53,766,4.951770351,0.1848381553,1.051744945,9.5779321,1.88966,1.574727,11.33189602,2.342508,1.37395
2024-09-01,Bogotá,CERVEZAS,68,39238,66537,566211.75,114070,5.05384674,0.1420921129,63,4201,5108,50207.92,10393,4.917510754,0.1886118369,1.027724593,8.50972767,1.714384,1.695729,9.82927173,2.034652,1.215901
2024-09-01,Cali y Bucaramanga,CERVEZAS,56,6468,11328,88166.11,18470,4.827011088,0.1599910659,46,799,1010,10052.06,2133,4.792286715,0.2113435247,1.007245888,7.78302525,1.630473,1.751391,9.95253465,2.111881,1.26408
2024-09-01,Costa,CERVEZAS,56,7665,14004,124179.59,25790,4.922854102,0.1395996516,46,972,1183,14459.3,2952,5.053936981,0.2173813172,0.9740632145,8.86743716,1.841617,1.827006,12.22256974,2.495351,1.217078
2024-09-01,Costa,CERVEZAS,55,3648,6173,60419.82,12417,4.957592579,0.1329694099,41,829,1054,12227.14,2428,5.332448921,0.1710714208,0.9297027786,9.78775636,2.011502,1.69216,11.60070209,2.303605,1.271411
2024-09-01,Expansión -  Costa,CERVEZAS,39,587,1315,11954.46,2557,4.752437478,0.1495930409,32,625,820,8502.11,1838,4.719511325,0.1644488199,1.006976602,9.09084411,1.944487,2.240204,10.36842683,2.241463,1.312
2024-09-01,Expansión - Centro,CERVEZAS,38,462,781,5856,1198,4.936265258,0.1629989792,29,329,466,4072.62,838,4.899389748,0.1696137962,1.007526552,7.49807939,1.533931,1.690476,8.7395279,1.798283,1.416413
2024-09-01,Expansión - Centro,CERVEZAS,38,437,662,5569.45,1201,4.728564111,0.1995062006,24,157,208,2437.02,532,4.767546398,0.221079836,0.991823407,8.41306647,1.814199,1.514874,11.71644231,2.557692,1.324841
2024-09-01,Medellín,CERVEZAS,63,17262,29464,230658.84,49113,4.826963144,0.1379500177,58,1935,2292,19488.63,4119,4.821406028,0.1711554929,1.001152592,7.82849715,1.666882,1.706871,8.50289267,1.79712,1.184496
2024-10-01,Bogotá,CERVEZAS,54,852,1367,12447.22,2510,5.047809161,0.1418439907,40,209,291,3204.1,621,5.389218184,0.1193541411,0.9366496194,9.1055011,1.836138,1.60446,11.01065292,2.134021,1.392344
2024-10-01,Bogotá,CERVEZAS,74,39819,70779,588615.98,121117,4.964949465,0.1343788408,71,3591,4438,42089.28,8663,5.061506561,0.118667824,0.9809232499,8.31625171,1.7112,1.777518,9.48383957,1.952005,1.235867
2024-10-01,Cali y Bucaramanga,CERVEZAS,59,6342,11433,89311.74,19013,4.768710193,0.1447598183,48,692,857,7569.8,1680,4.637414328,0.1122178364,1.0283123,7.8117502,1.662993,1.802744,8.83290548,1.960327,1.238439
2024-10-01,Costa,CERVEZAS,62,8240,16147,129631.63,29957,4.439832684,0.1393854249,53,569,662,8025.48,1472,5.842766402,0.156012535,0.7598853656,8.02821763,1.855267,1.959587,12.12308157,2.223565,1.163445
2024-10-01,Costa,CERVEZAS,59,3856,7013,67398.68,14292,4.791280308,0.1423317718,47,783,999,10454.64,2101,5.320820995,0.1093693139,0.9004776355,9.61053472,2.03793,1.818724,10.46510511,2.103103,1.275862
2024-10-01,Expansión -  Costa,CERVEZAS,41,657,1663,13230.78,2945,4.541047075,0.1301796828,37,727,988,9589.87,2188,4.723864724,0.1004934184,0.9612991354,7.95597114,1.770896,2.531202,9.70634615,2.214575,1.35901
2024-10-01,Expansión - Centro,CERVEZAS,38,478,927,6514.42,1418,4.645472471,0.1419242317,33,277,397,3781.73,784,4.901147201,0.1019963403,0.947833697,7.02742179,1.529666,1.939331,9.52576826,1.974811,1.433213
2024-10-01,Expansión - Centro,CERVEZAS,39,530,783,6932.37,1503,4.754083145,0.14827338,26,198,250,2807.4,631,4.690620574,0.1187887453,1.013529675,8.85360153,1.91954,1.477358,11.2296,2.524,1.262626
2024-10-01,Medellín,CERVEZAS,76,17213,31228,243272.5,51665,4.806275471,0.1253843016,68,1897,2300,19371.78,4223,4.791212827,0.0951565422,1.003143806,7.7902043,1.654445,1.81421,8.42251304,1.836087,1.212441
2024-11-01,Bogotá,CERVEZAS,77,44065,81636,677140.69,142935,4.847657193,0.09347383847,71,3392,4173,42757.79,8635,5.097116831,0.1426015183,0.9510586776,8.29463337,1.750882,1.852627,10.24629523,2.069255,1.230248
2024-11-01,Bogotá,CERVEZAS,55,915,1494,13456.08,2766,4.954795114,0.09882004333,37,176,243,2739.93,553,5.109618185,0.1435763573,0.969699679,9.00674699,1.851406,1.632787,11.2754321,2.27572,1.380682
2024-11-01,Cali y Bucaramanga,CERVEZAS,60,6124,11440,86705.17,18889,4.654202211,0.09778241672,48,753,917,8771.33,1929,4.625884357,0.1377420769,1.006121609,7.57912325,1.651136,1.86806,9.56524537,2.103599,1.217795
2024-11-01,Costa,CERVEZAS,61,3814,7040,64973.74,13776,4.790825103,0.1010605611,52,838,1046,11659.44,2396,5.073152491,0.1314481872,0.9443487281,9.22922443,1.956818,1.845831,11.14669216,2.290631,1.24821
2024-11-01,Costa,CERVEZAS,58,8263,16728,135204.96,29434,4.630971228,0.09859890955,42,600,753,8656.79,1968,4.623205839,0.1690870137,1.001679655,8.0825538,1.759565,2.024446,11.49640106,2.613546,1.255
2024-11-01,Expansión -  Costa,CERVEZAS,43,692,1851,15522.87,3412,4.631168422,0.09993558604,35,697,989,9877.24,2220,4.548675434,0.1341055346,1.018135607,8.38620746,1.843328,2.674855,9.98709808,2.244692,1.418938
2024-11-01,Expansión - Centro,CERVEZAS,44,471,763,6972.33,1501,4.786031765,0.1251453905,27,172,228,2646.32,581,4.662445632,0.1617664576,1.026506718,9.13804718,1.967235,1.619958,11.60666667,2.548246,1.325581
2024-11-01,Expansión - Centro,CERVEZAS,44,519,927,6660.42,1420,4.718717999,0.09016253391,34,303,471,4533.53,928,4.978261261,0.1374348767,0.9478646764,7.18491909,1.531823,1.786127,9.62532909,1.970276,1.554455
2024-11-01,Medellín,CERVEZAS,78,19130,35302,275890.43,60168,4.694605209,0.08509333159,71,1987,2410,23064.96,4914,4.865802337,0.1342398831,0.9648162591,7.81515013,1.704379,1.845374,9.57052282,2.039004,1.212884
2024-12-01,Bogotá,CERVEZAS,80,45765,82469,735994.09,152260,4.943193903,0.0848750756,76,4784,5809,64051.9,12956,5.128406219,0.1608064404,0.9638850147,8.92449393,1.84627,1.80201,11.02632123,2.230332,1.214256
2024-12-01,Bogotá,CERVEZAS,59,995,1534,14634.1,2948,5.06524359,0.09820350985,41,229,288,3859.23,752,5.298667323,0.1759547214,0.9559467091,9.53983051,1.921773,1.541709,13.40010417,2.611111,1.257642
2024-12-01,Cali y Bucaramanga,CERVEZAS,60,7057,12299,107475.94,21840,4.972972916,0.1029427343,49,945,1160,11393.93,2422,4.809039712,0.1440179503,1.034088553,8.73859176,1.775754,1.742809,9.82235345,2.087931,1.227513
2024-12-01,Costa,CERVEZAS,63,4559,8467,84240.58,17549,4.871436375,0.1033279297,53,1225,1556,17500.85,3577,5.084374234,0.1334013299,0.9581191609,9.9492831,2.072635,1.857206,11.2473329,2.298843,1.270204
2024-12-01,Costa,CERVEZAS,64,9631,18993,173264.41,36430,4.855338511,0.09731320285,53,1020,1278,16389.39,3375,5.11554428,0.1954086151,0.9491342945,9.12254041,1.918075,1.972069,12.82424883,2.640845,1.252941
2024-12-01,Expansión -  Costa,CERVEZAS,40,966,2449,22907.72,4907,4.697186081,0.1135550686,36,959,1353,14859.29,3177,4.844769047,0.1261280323,0.9695376674,9.35390772,2.003675,2.535197,10.98247598,2.348115,1.410845
2024-12-01,Expansión - Centro,CERVEZAS,43,596,931,9982.32,2047,5.023704315,0.08139509176,35,249,355,4753.24,1010,4.96618591,0.162326738,1.011582008,10.72214823,2.198711,1.562081,13.38940845,2.84507,1.425703
2024-12-01,Expansión - Centro,CERVEZAS,44,570,1087,7893.55,1663,4.686186616,0.0679075106,37,377,538,5761.73,1166,5.040064074,0.1319537233,0.9297871111,7.26177553,1.529899,1.907018,10.70953532,2.167286,1.427056
2024-12-01,Medellín,CERVEZAS,80,21778,39164,330760.88,70923,4.790228126,0.08556279597,74,2303,2733,28101.87,5961,4.893038211,0.1485271074,0.9789884974,8.44553365,1.810923,1.798329,10.28242591,2.18112,1.186713
2025-01-01,Bogotá,CERVEZAS,79,33271,59577,491483.2,101375,4.953230594,0.07352053974,72,2687,3223,30854.65,6180,5.147173797,0.1291010115,0.9623204479,8.24954597,1.701579,1.790659,9.57327025,1.917468,1.199479
2025-01-01,Bogotá,CERVEZAS,49,655,1005,8901.24,1814,5.026451295,0.07772074565,35,171,223,2859.73,550,5.298313211,0.1283868706,0.9486889685,8.85695522,1.804975,1.534351,12.82390135,2.466368,1.304094
2025-01-01,Cali y Bucaramanga,CERVEZAS,61,4901,8830,66412.21,14204,4.734727379,0.08007759409,45,588,697,6563.94,1402,4.852370003,0.1390025421,0.975755636,7.52120159,1.608607,1.801673,9.4174175,2.011478,1.185374
2025-01-01,Costa,CERVEZAS,62,3993,7024,67570.23,14501,4.754652804,0.07176577256,46,719,873,8620.79,1934,4.55323762,0.09908891849,1.044235597,9.61990746,2.064493,1.759078,9.87490263,2.215349,1.214186
2025-01-01,Costa,CERVEZAS,61,7000,13181,109696.19,23844,4.680393409,0.07028953134,38,474,564,6625.37,1384,5.07017614,0.1961078752,0.9231224478,8.32229649,1.808967,1.883,11.74710993,2.453901,1.189873
2025-01-01,Expansión -  Costa,CERVEZAS,41,607,1071,9122.66,1987,4.670319719,0.06255194389,32,662,876,9110.55,2012,4.730294301,0.09656963757,0.9873211733,8.51788982,1.855275,1.764415,10.40017123,2.296804,1.323263
2025-01-01,Expansión - Centro,CERVEZAS,39,425,705,6568.13,1433,4.646716985,0.09003549367,27,131,191,2381.16,499,4.904712993,0.1606577665,0.9473983476,9.31649645,2.032624,1.658824,12.46680628,2.612565,1.458015
2025-01-01,Expansión - Centro,CERVEZAS,42,444,869,5912.49,1263,4.653234502,0.06186243035,33,248,331,3138.17,672,4.717976629,0.09404766663,0.9862775652,6.80378596,1.453395,1.957207,9.48087613,2.030211,1.334677
2025-01-01,Medellín,CERVEZAS,81,15266,27776,212879.76,46428,4.683984842,0.0641148471,69,1277,1544,13525.64,2905,4.788494402,0.1145064016,0.9781748602,7.66416187,1.671515,1.819468,8.76012953,1.881477,1.209084
2025-02-01,Bogotá,CERVEZAS,56,619,989,8652.78,1720,5.106482578,0.08756622814,34,151,200,2037.27,389,5.364821637,0.1255091539,0.9518457319,8.74901921,1.73913,1.597738,10.18635,1.945,1.324503
2025-02-01,Bogotá,CERVEZAS,81,34102,60225,493465.28,101460,4.984583417,0.07033575006,74,2892,3458,31375.88,6429,5.035744153,0.1375881429,0.9898404815,8.19369498,1.684682,1.766025,9.07341816,1.859167,1.195712
2025-02-01,Cali y Bucaramanga,CERVEZAS,62,4507,7894,58173.34,12683,4.665463875,0.07688040638,48,521,638,5603.97,1205,4.718344656,0.1133318209,0.9887925141,7.36931087,1.606663,1.751498,8.78365204,1.888715,1.224568
2025-02-01,Costa,CERVEZAS,64,6758,12744,108429.79,23427,4.703444438,0.0797482709,47,625,737,7739.9,1520,5.423934256,0.1804508663,0.8671647215,8.50830116,1.838277,1.885765,10.50189959,2.062415,1.1792
2025-02-01,Costa,CERVEZAS,66,3062,5446,50321.63,10637,4.817952456,0.0728921179,46,641,784,7615.22,1624,4.796085306,0.119141073,1.004559375,9.24010834,1.953177,1.778576,9.71329082,2.071429,1.223089
2025-02-01,Expansión -  Costa,CERVEZAS,41,480,812,6659.2,1430,4.675678827,0.09136437355,34,531,691,6155.46,1362,4.73469386,0.1082469518,0.9875356179,8.20098522,1.761084,1.691667,8.90804631,1.971056,1.301318
2025-02-01,Expansión - Centro,CERVEZAS,43,332,524,4640.93,977,4.82619971,0.07947662667,28,121,156,1778.75,378,4.891103723,0.1505463205,0.9867301908,8.85673664,1.864504,1.578313,11.40224359,2.423077,1.289256
2025-02-01,Expansión - Centro,CERVEZAS,45,383,686,4999.18,1029,4.920034045,0.06904907216,34,229,326,2553.35,559,4.64723199,0.1023417101,1.058702052,7.2874344,1.5,1.791123,7.83236196,1.714724,1.423581
2025-02-01,Medellín,CERVEZAS,83,14455,25799,195045.67,41563,4.790776512,0.06053832739,72,1384,1670,14933.94,3213,4.811099734,0.1300736695,0.9957757637,7.56020272,1.611031,1.78478,8.94247904,1.923952,1.206647
2022-01-01,Bogotá,VINOS,36,80,114,1295.47,141,9.155070028,0.1064724066,18,39,41,622.87,68,9.210905797,0.1033742567,0.9939380805,11.36377193,1.236842,1.425,15.19195122,1.658537,1.051282
2022-01-01,Bogotá,VINOS,79,4857,6768,86239.3,9102,9.482613113,0.08427842137,72,1685,1962,30727.83,2999,10.3101068,0.155114116,0.9197395617,12.74221336,1.344858,1.393453,15.66148318,1.528542,1.164392
2022-01-01,Cali y Bucaramanga,VINOS,57,384,608,8323.5,888,9.493882413,0.02887191826,39,144,163,2528.27,255,9.983537433,0.1563054989,0.9509537553,13.68996711,1.460526,1.583333,15.5108589,1.564417,1.131944
2022-01-01,Costa,VINOS,50,324,439,6909.91,671,10.17667748,0.0211377314,41,184,208,3898.21,384,10.13978733,0.09984674216,1.003638159,15.7401139,1.528474,1.354938,18.74139423,1.846154,1.130435
2022-01-01,Costa,VINOS,57,695,944,11687.49,1272,9.247601324,0.03164689799,42,177,196,2850.02,306,9.07792504,0.1565292324,1.018691087,12.38081568,1.347458,1.358273,14.54091837,1.561224,1.107345
2022-01-01,Medellín,VINOS,53,2245,3441,43384.54,4729,9.172122918,0.08895963358,50,541,628,9737.19,1008,9.724247695,0.1428647798,0.9432218517,12.60811973,1.37431,1.532739,15.50507962,1.605096,1.160813
2022-02-01,Bogotá,VINOS,36,69,100,1254.95,135,9.349636964,0.1218042383,18,42,43,675.93,64,10.6648062,0.1521169007,0.8766813749,12.5495,1.35,1.449275,15.71930233,1.488372,1.02381
2022-02-01,Bogotá,VINOS,82,5484,7558,105464.28,10209,10.32825695,0.1065725478,74,2112,2491,42158.05,3924,10.70278529,0.1877196931,0.9650064604,13.95399312,1.350754,1.378191,16.92414693,1.575271,1.179451
2022-02-01,Cali y Bucaramanga,VINOS,55,442,714,9535.19,991,9.59970475,0.08134814758,43,167,183,2912.84,289,10.30893429,0.1976667837,0.9312024381,13.35460784,1.387955,1.615385,15.91715847,1.579235,1.095808
2022-02-01,Costa,VINOS,56,700,975,13129.89,1367,9.602635737,0.09542695712,43,152,172,2754.12,263,10.44020439,0.222068951,0.9197746885,13.46655385,1.402051,1.392857,16.01232558,1.52907,1.131579
2022-02-01,Costa,VINOS,52,259,360,6085.18,585,10.37440326,0.1085679096,39,152,174,3305.92,304,10.69702342,0.1724166444,0.9698401928,16.90327778,1.625,1.389961,18.99954023,1.747126,1.144737
2022-02-01,Medellín,VINOS,62,2563,3897,51928.39,5319,9.746000831,0.08044555492,56,643,730,11529.66,1150,10.04414144,0.177559912,0.9703169639,13.32522197,1.364896,1.520484,15.79405479,1.575342,1.135303
2022-03-01,Bogotá,VINOS,81,5754,8036,119368.8,10976,10.93881664,0.138815783,74,2237,2679,48276.18,4444,10.99386999,0.2057934634,0.9949923596,14.85425585,1.365854,1.396594,18.02022396,1.658828,1.197586
2022-03-01,Bogotá,VINOS,34,63,82,1216.29,114,10.72507937,0.1565825022,21,39,43,608.64,59,10.30498485,0.2309275779,1.040766146,14.83280488,1.390244,1.301587,14.1544186,1.372093,1.102564
2022-03-01,Cali y Bucaramanga,VINOS,61,562,899,12860.36,1318,9.869106605,0.1061503389,48,175,205,4246.29,393,10.99074995,0.2316630484,0.897946605,14.30518354,1.466073,1.599644,20.71360976,1.917073,1.171429
2022-03-01,Costa,VINOS,47,269,372,6233.18,540,11.52960422,0.1438340548,40,162,187,3368.31,299,11.0705675,0.1912844517,1.041464606,16.75586022,1.451613,1.3829,18.01235294,1.59893,1.154321
2022-03-01,Costa,VINOS,56,606,871,13053.55,1237,10.51832973,0.1176865826,45,177,212,3646.32,349,10.41947147,0.2263690868,1.009487839,14.98685419,1.420207,1.437294,17.19962264,1.646226,1.19774
2022-03-01,Medellín,VINOS,62,2612,4027,57517.81,5462,10.56384981,0.1177271707,57,678,791,13387.43,1258,10.67362678,0.2039622507,0.9897151197,14.28304197,1.356345,1.54173,16.92469027,1.590392,1.166667
2022-04-01,Bogotá,VINOS,84,6334,8791,118333.46,12178,9.953575477,0.05182782715,77,2358,2831,53901.93,4568,11.8374195,0.2313443666,0.8408568669,13.46075077,1.38528,1.387907,19.0398905,1.613564,1.200594
2022-04-01,Bogotá,VINOS,28,70,97,1196.2,138,9.87500817,0.05400062722,19,63,67,1088.9,101,10.84625571,0.2175593415,0.9104531957,12.33195876,1.42268,1.385714,16.25223881,1.507463,1.063492
2022-04-01,Cali y Bucaramanga,VINOS,58,599,913,12365.02,1245,9.956156164,0.04524885673,45,184,209,3914.1,348,11.56081939,0.2618219372,0.861198141,13.54328587,1.363636,1.524207,18.7277512,1.665072,1.13587
2022-04-01,Costa,VINOS,62,795,1167,17116.36,1611,10.53837714,0.05701897903,50,192,238,4532.2,381,11.71466999,0.2544765885,0.8995880502,14.66697515,1.380463,1.467925,19.04285714,1.60084,1.239583
2022-04-01,Costa,VINOS,51,350,513,9188.71,773,11.8498704,0.066265539,45,245,274,5507.79,451,12.35271652,0.2331382781,0.9592926693,17.9117154,1.506823,1.465714,20.10142336,1.645985,1.118367
2022-04-01,Medellín,VINOS,60,2799,4195,60478.77,5723,10.60063631,0.05675964955,55,682,795,14922.61,1268,11.90376866,0.201556717,0.890527749,14.41687008,1.364243,1.49875,18.77057862,1.594969,1.165689
2022-05-01,Bogotá,VINOS,26,71,88,1214.94,126,9.715192982,0.08379883904,18,57,66,1128.38,100,11.15205882,0.1986804489,0.871156899,13.80613636,1.431818,1.239437,17.09666667,1.515152,1.157895
2022-05-01,Bogotá,VINOS,99,6972,9674,150438.93,13561,11.41282898,0.1114838365,92,2718,3288,62769.48,5219,12.13058298,0.2008457995,0.9408310382,15.55085073,1.401799,1.38755,19.09047445,1.587287,1.209713
2022-05-01,Cali y Bucaramanga,VINOS,58,625,928,14636.08,1294,11.31720296,0.1067557811,46,250,295,6520.42,515,12.70762806,0.2388351837,0.8905834282,15.77163793,1.394397,1.4848,22.10311864,1.745763,1.18
2022-05-01,Costa,VINOS,48,335,477,9285.28,720,12.6877865,0.1284262072,40,195,228,5398.75,410,13.12882467,0.2005451963,0.9664068808,19.46599581,1.509434,1.423881,23.67872807,1.798246,1.169231
2022-05-01,Costa,VINOS,64,792,1159,20410.46,1623,12.38142379,0.133311543,54,205,231,5261.68,403,12.81945897,0.258053268,0.9658304472,17.61040552,1.400345,1.463384,22.7778355,1.744589,1.126829
2022-05-01,Medellín,VINOS,108,3252,4975,82629.6,6802,12.13907729,0.113881718,97,1072,1319,25182.11,2165,11.71901334,0.1983929433,1.035844652,16.60896482,1.367236,1.529828,19.09181956,1.641395,1.23041
2022-06-01,Bogotá,VINOS,127,6002,8581,126544.66,11851,10.91180256,0.05708889296,113,2780,3394,70915.86,5606,12.7061764,0.2249989559,0.8587794015,14.7470761,1.381074,1.42969,20.89447849,1.651738,1.220863
2022-06-01,Bogotá,VINOS,29,66,94,1229.02,119,10.36061224,0.04648021247,15,25,27,603.35,53,11.21546875,0.176457019,0.9237787984,13.07468085,1.265957,1.424242,22.3462963,1.962963,1.08
2022-06-01,Cali y Bucaramanga,VINOS,56,614,878,13711.18,1205,11.35751418,0.0628975389,41,190,214,4344.04,334,12.78842199,0.2356932619,0.8881091191,15.61637813,1.372437,1.429967,20.29925234,1.560748,1.126316
2022-06-01,Costa,VINOS,55,741,1071,17856.4,1539,11.54384473,0.06729077903,38,161,181,4133.42,304,13.15846083,0.2622165572,0.8772944556,16.67264239,1.436975,1.445344,22.83657459,1.679558,1.124224
2022-06-01,Costa,VINOS,46,372,501,9734.87,756,12.91016231,0.07121996381,38,214,252,5416.9,399,13.53095409,0.2194153348,0.9541206201,19.43087824,1.508982,1.346774,21.49563492,1.583333,1.17757
2022-06-01,Medellín,VINOS,134,3019,4670,75653.61,6500,11.66737353,0.05935674174,118,1004,1248,24647.47,2062,11.93441893,0.2165897951,0.9776239299,16.19991649,1.391863,1.54687,19.74957532,1.652244,1.243028
2022-07-01,Bogotá,VINOS,147,7475,10745,171303.74,14705,11.94901043,0.08852240231,133,2879,3556,80406.3,5822,13.78851016,0.2584258931,0.8665918429,15.94264681,1.368544,1.437458,22.61144544,1.637233,1.235151
2022-07-01,Bogotá,VINOS,27,85,111,1657.95,154,11.10902339,0.08823453582,15,41,45,809.67,69,12.31817376,0.2235193592,0.9018401274,14.93648649,1.387387,1.305882,17.99266667,1.533333,1.097561
2022-07-01,Cali y Bucaramanga,VINOS,51,785,1138,20103.67,1615,12.40027379,0.1040733421,39,211,240,5612.79,396,14.01807724,0.2477530123,0.8845916296,17.66579086,1.419156,1.449682,23.386625,1.65,1.137441
2022-07-01,Costa,VINOS,42,520,714,13566.94,986,13.7731658,0.1120414172,38,225,263,6265.28,444,14.29176829,0.2562652862,0.9637132032,19.00131653,1.380952,1.373077,23.82235741,1.688213,1.168889
2022-07-01,Costa,VINOS,63,927,1333,23096.1,1829,12.59824109,0.1008859797,45,195,222,5360.95,372,14.49795885,0.2960236567,0.8689665366,17.3264066,1.372093,1.437972,24.14842342,1.675676,1.138462
2022-07-01,Medellín,VINOS,138,3550,5436,95007.55,7548,12.6480557,0.09417293127,115,1001,1270,27476.58,2140,13.00848678,0.2231961143,0.9722926212,17.47747425,1.388521,1.531268,21.63510236,1.685039,1.268731
2022-08-01,Bogotá,VINOS,155,8662,12495,219502.55,17668,12.68396303,0.2116252025,142,3457,4124,102605.14,7422,14.01620221,0.3110356871,0.9049500597,17.56723089,1.414006,1.442508,24.88000485,1.799709,1.192942
2022-08-01,Bogotá,VINOS,41,94,133,2143.06,184,11.77950595,0.2127641708,29,71,80,1815,134,13.44679259,0.2912548813,0.8760085999,16.11323308,1.383459,1.414894,22.6875,1.675,1.126761
2022-08-01,Cali y Bucaramanga,VINOS,53,1030,1501,27426.8,2225,12.5159796,0.2117527175,39,226,256,6946.03,489,14.28221762,0.3195305831,0.8763330688,18.27235177,1.482345,1.457282,27.13292969,1.910156,1.132743
2022-08-01,Costa,VINOS,64,1074,1463,27164.19,2008,13.49554388,0.222076467,47,170,183,4528.24,311,14.68015998,0.3057878361,0.9193049592,18.56745728,1.372522,1.362197,24.74448087,1.699454,1.076471
2022-08-01,Costa,VINOS,44,552,759,16042.23,1131,14.14647366,0.227784274,41,219,255,6910.53,468,14.65837585,0.2992988257,0.9650778367,21.13600791,1.490119,1.375,27.10011765,1.835294,1.164384
2022-08-01,Medellín,VINOS,148,4315,6651,123691.63,9478,13.16020623,0.2221060675,125,904,1072,22426.41,1748,12.92909376,0.2244543476,1.017875381,18.5974485,1.425049,1.541367,20.92015858,1.630597,1.185841
2022-09-01,Bogotá,VINOS,149,8624,12642,211716.27,17189,12.51332013,0.1676348289,140,2805,3345,73627.09,5395,13.75539995,0.2410437355,0.9097023847,16.74705505,1.359674,1.465909,22.01108819,1.612855,1.192513
2022-09-01,Bogotá,VINOS,38,109,152,2173.42,191,11.70740625,0.1606421993,19,51,57,1111.97,93,12.05738194,0.2397566306,0.9709741554,14.29881579,1.256579,1.394495,19.50824561,1.631579,1.117647
2022-09-01,Cali y Bucaramanga,VINOS,48,934,1442,24888.07,1977,12.75078974,0.183137961,35,170,190,4009.57,289,13.8933726,0.2643006022,0.9177605838,17.25941054,1.371012,1.543897,21.103,1.521053,1.117647
2022-09-01,Costa,VINOS,43,490,731,14485.35,1056,13.98404673,0.2056957503,37,159,172,3910.23,283,13.8528835,0.244540988,1.009468297,19.81580027,1.444596,1.491837,22.73389535,1.645349,1.081761
2022-09-01,Costa,VINOS,64,993,1418,25504.38,1913,13.1881939,0.2032197459,42,134,145,3263.69,228,14.20831047,0.2639563327,0.9282028241,17.98616361,1.349083,1.427996,22.5082069,1.572414,1.08209
2022-09-01,Medellín,VINOS,141,4171,6439,113240.23,8941,12.75075289,0.1953850963,121,1156,1361,27330.77,2143,12.85589559,0.2311931123,0.9918214412,17.58661749,1.38857,1.543754,20.08138868,1.574578,1.177336
2022-10-01,Bogotá,VINOS,34,79,98,1629.85,125,12.8442451,0.1203971366,20,39,42,748.88,55,13.52865248,0.2005395474,0.9494105281,16.63112245,1.27551,1.240506,17.83047619,1.309524,1.076923
2022-10-01,Bogotá,VINOS,154,7461,10773,190417.97,14157,13.49557202,0.1031572653,140,2606,3139,74345.42,5135,14.46469624,0.2142261309,0.9330007211,17.67548222,1.314119,1.443908,23.68442816,1.635871,1.204528
2022-10-01,Cali y Bucaramanga,VINOS,50,886,1390,24535.67,1854,13.20611465,0.1098407738,35,128,148,3387.31,254,13.32287835,0.1847348428,0.9912358499,17.65156115,1.333813,1.568849,22.88722973,1.716216,1.15625
2022-10-01,Costa,VINOS,60,890,1212,20408.11,1587,12.95964048,0.1105844656,42,103,118,2722.59,201,13.82304229,0.1988531071,0.937538945,16.83837459,1.309406,1.361798,23.07279661,1.70339,1.145631
2022-10-01,Costa,VINOS,44,505,698,13910.6,1023,13.86420921,0.1162632348,40,177,190,5553.29,323,15.83774851,0.1626965772,0.87539016,19.92922636,1.465616,1.382178,29.22784211,1.7,1.073446
2022-10-01,Medellín,VINOS,141,3907,6042,103391.93,8200,12.63202068,0.0988287868,118,904,1071,22884.58,1759,13.15724147,0.2075209292,0.960081238,17.11220291,1.357167,1.546455,21.36748833,1.64239,1.184735
2022-11-01,Bogotá,VINOS,31,58,78,1179.55,102,11.7346875,0.06134475475,18,33,38,701.76,54,13.0425969,0.2768376642,0.89972017,15.1224359,1.307692,1.344828,18.46736842,1.421053,1.151515
2022-11-01,Bogotá,VINOS,165,7524,10832,184885.12,14278,13.15232294,0.06028595524,149,2779,3378,83328.49,5754,14.44561702,0.2438904997,0.9104715243,17.0684195,1.318131,1.43966,24.66799586,1.703375,1.215545
2022-11-01,Cali y Bucaramanga,VINOS,50,832,1310,23037.37,1764,13.21190296,0.06067902257,29,137,159,3907.02,284,13.71312478,0.252370678,0.9634494814,17.58577863,1.346565,1.574519,24.57245283,1.786164,1.160584
2022-11-01,Costa,VINOS,64,794,1134,20591.74,1522,13.49731658,0.06852374009,39,150,171,4803.77,304,15.21133961,0.2651033406,0.8873193902,18.15850088,1.342152,1.428212,28.09222222,1.777778,1.14
2022-11-01,Costa,VINOS,44,507,731,14350.22,991,14.49171416,0.07989697355,37,168,190,5087.63,334,15.17765372,0.212714469,0.9548059554,19.63094391,1.355677,1.441815,26.777,1.757895,1.130952
2022-11-01,Expansión - Centro,VINOS,1,1,1,33.05,2,16.525,0.2503782148,1,2,3,50.58,3,16.86,0.16664157,0.9801304864,33.05,2,1,16.86,1,1.5
2022-11-01,Medellín,VINOS,148,4156,6469,107150.8,8646,12.39708479,0.06157451225,123,898,1091,25949.17,1939,13.44040885,0.2368813216,0.922374083,16.56373473,1.336528,1.556545,23.7847571,1.777269,1.214922
2022-12-01,Bogotá,VINOS,41,118,140,2292.73,201,11.87056689,0.1164962405,28,80,88,1967.48,152,13.29961054,0.2760364996,0.8925499626,16.37664286,1.435714,1.186441,22.35772727,1.727273,1.1
2022-12-01,Bogotá,VINOS,169,11806,16334,301678.98,23364,13.23058115,0.1387209243,158,4070,4863,129591.01,8987,14.69971119,0.2606392927,0.9000572169,18.46938778,1.430391,1.383534,26.64836726,1.848036,1.19484
2022-12-01,Cali y Bucaramanga,VINOS,85,1846,2528,46400.35,3626,12.92460759,0.1294529995,67,396,481,13488.24,882,15.16743333,0.2675957009,0.8521288546,18.35456883,1.434335,1.369447,28.042079,1.83368,1.214646
2022-12-01,Costa,VINOS,70,953,1279,28869.21,1962,14.65773071,0.1613564109,59,334,385,12417.24,747,16.58374618,0.2405073703,0.8838612552,22.57170446,1.534011,1.342078,32.25257143,1.94026,1.152695
2022-12-01,Costa,VINOS,81,1731,2335,45761.48,3335,13.66069547,0.1543409002,65,372,409,11861.16,751,15.93432581,0.2620310354,0.8573124234,19.59806424,1.428266,1.348931,29.0003912,1.836186,1.099462
2022-12-01,Expansión - Centro,VINOS,18,37,40,506.48,45,11.29918605,0.05589000331,11,62,73,1615.84,126,13.20558761,0.2407315781,0.8556367488,12.662,1.125,1.081081,22.13479452,1.726027,1.177419
2022-12-01,Medellín,VINOS,167,6268,9394,170260.11,13544,12.67979541,0.1344174579,146,1579,1896,49805.12,3749,13.76007244,0.2830130874,0.9214919078,18.12434639,1.441771,1.498724,26.26852321,1.977321,1.20076
2023-01-01,Bogotá,VINOS,136,3549,4475,70157.74,6193,11.59328834,0.05617539373,120,767,839,18921.16,1422,13.3098867,0.2269688156,0.8710283266,15.67770726,1.383911,1.260919,22.55203814,1.694875,1.093872
2023-01-01,Bogotá,VINOS,21,33,35,534.5,49,10.94585526,0.1145394211,6,10,10,173.8,13,13.60033333,0.2369878829,0.8048225727,15.27142857,1.4,1.060606,17.38,1.3,1
2023-01-01,Cali y Bucaramanga,VINOS,78,491,657,10879,940,11.68647436,0.04234323792,43,66,70,1849.78,127,14.65033537,0.2415275778,0.7976932996,16.5585997,1.430746,1.338086,26.42542857,1.814286,1.060606
2023-01-01,Costa,VINOS,68,379,461,9540.06,681,13.96871047,0.06062175435,41,109,114,2842.01,191,14.74532104,0.1792558256,0.947331729,20.69427332,1.477223,1.216359,24.92991228,1.675439,1.045872
2023-01-01,Costa,VINOS,64,398,508,8424.46,672,12.57550252,0.07139960203,24,45,46,942.03,65,14.37039116,0.2372739633,0.8750981364,16.58358268,1.322835,1.276382,20.47891304,1.413043,1.022222
2023-01-01,Expansión - Centro,VINOS,10,20,24,206.53,27,7.746875,0.01041666667,5,12,14,192.56,20,9.644791667,0.1625511001,0.8032184901,8.60541667,1.125,1.2,13.75428571,1.428571,1.166667
2023-01-01,Medellín,VINOS,140,2134,2797,42687.87,3857,11.23887496,0.04978334002,99,339,372,8818.88,663,13.35883478,0.2269512635,0.8413065321,15.26202002,1.378977,1.310684,23.70666667,1.782258,1.097345
2023-02-01,Bogotá,VINOS,147,9022,13432,204123.93,18369,11.3733233,0.05183795148,140,2342,2863,67189.35,5009,13.50422707,0.2571473707,0.8422046848,15.19683815,1.367555,1.488805,23.46816277,1.749563,1.222459
2023-02-01,Bogotá,VINOS,40,79,100,1338.49,129,10.72612179,0.06303409472,19,44,50,863.71,77,11.04891667,0.3238885732,0.9707849302,13.3849,1.29,1.265823,17.2742,1.54,1.136364
2023-02-01,Cali y Bucaramanga,VINOS,93,1049,1565,24183.69,2138,11.36613054,0.04847471461,63,195,229,5608.65,437,13.85311864,0.2649890622,0.8204744964,15.45283706,1.366134,1.491897,24.4919214,1.908297,1.174359
2023-02-01,Costa,VINOS,79,574,857,16740,1187,13.81410737,0.07277951656,60,166,204,5437.03,361,15.06802895,0.2318896831,0.9167826405,19.53325554,1.385064,1.493031,26.65210784,1.769608,1.228916
2023-02-01,Costa,VINOS,99,1019,1477,21984.37,1974,11.20592947,0.05463184943,61,161,185,4196.22,348,12.22921732,0.2916173623,0.9163243388,14.88447529,1.336493,1.44946,22.68227027,1.881081,1.149068
2023-02-01,Expansión - Centro,VINOS,22,47,56,702.09,68,10.42056497,0.04323975294,16,46,60,1041.04,87,11.9995082,0.2113413731,0.8684160051,12.53732143,1.214286,1.191489,17.35066667,1.45,1.304348
2023-02-01,Medellín,VINOS,150,5038,8050,118316.77,11273,10.62476124,0.04600476429,134,946,1171,27642.59,2159,13.11576694,0.2625143485,0.8100754829,14.6977354,1.400373,1.597856,23.60596926,1.843723,1.237844
2023-03-01,Bogotá,VINOS,151,10819,16684,262862.6,22906,11.67627694,0.0963278278,136,2681,3283,83111.19,5893,14.3077421,0.272581141,0.816081032,15.75537041,1.372932,1.542102,25.31562291,1.795005,1.224543
2023-03-01,Bogotá,VINOS,44,102,126,1843.98,175,10.97891727,0.09968828829,29,64,80,1701.92,156,11.28475947,0.1947154332,0.9728977657,14.6347619,1.388889,1.235294,21.274,1.95,1.25
2023-03-01,Cali y Bucaramanga,VINOS,99,1245,1926,31793.18,2648,12.05282577,0.09217835847,67,201,237,5552.24,400,13.94796562,0.2746675508,0.8641278662,16.50736241,1.37487,1.546988,23.427173,1.687764,1.179104
2023-03-01,Costa,VINOS,87,632,934,20971.31,1370,15.20935908,0.1395338817,67,196,242,6692.97,423,15.62374818,0.2486202592,0.973476973,22.4532227,1.466809,1.477848,27.65690083,1.747934,1.234694
2023-03-01,Costa,VINOS,104,1403,2042,33259.15,2892,11.48664385,0.0894405064,73,233,279,6935.04,512,13.9304039,0.3019655663,0.82457364,16.28753673,1.416259,1.455453,24.85677419,1.835125,1.197425
2023-03-01,Expansión - Centro,VINOS,20,51,71,1004.23,102,9.596666667,0.05272081799,14,41,47,984.57,77,12.55710458,0.232525297,0.7642419962,14.14408451,1.43662,1.392157,20.94829787,1.638298,1.146341
2023-03-01,Medellín,VINOS,151,5783,9848,151203.47,13789,11.13274284,0.08304655609,127,1009,1250,30296.13,2316,13.45037265,0.283781718,0.8276902899,15.3537236,1.400183,1.702922,24.236904,1.8528,1.23885
2023-04-01,Bogotá,VINOS,53,127,163,2590.35,227,11.59997159,0.1072649365,31,64,76,1439.09,132,11.64072549,0.168441781,0.9964990241,15.89171779,1.392638,1.283465,18.93539474,1.736842,1.1875
2023-04-01,Bogotá,VINOS,154,10823,16385,270745.81,22577,12.14548738,0.09355279817,135,2353,2832,66665.64,4692,14.23949139,0.2362246122,0.8529439043,16.52400427,1.377907,1.513906,23.54012712,1.65678,1.20357
2023-04-01,Cali y Bucaramanga,VINOS,102,1299,1892,32773.78,2566,12.7819552,0.1093189334,68,227,267,6497.88,448,14.34657389,0.2470821278,0.8909413006,17.32229387,1.356237,1.456505,24.33662921,1.677903,1.176211
2023-04-01,Costa,VINOS,107,1513,2225,35886,3067,11.60498653,0.09127090621,62,197,219,4816.26,338,14.47777092,0.2431585827,0.8015727415,16.12853933,1.378427,1.470588,21.99205479,1.543379,1.111675
2023-04-01,Costa,VINOS,82,748,1156,26962.56,1713,15.72906797,0.1382867669,58,243,291,8073.26,488,16.47226469,0.2752416629,0.9548819345,23.32401384,1.481834,1.545455,27.74316151,1.676976,1.197531
2023-04-01,Expansión - Centro,VINOS,24,74,89,1003.6,117,8.901152482,0.04579754663,12,23,26,464.98,35,12.92262821,0.1315527769,0.6888035732,11.27640449,1.314607,1.202703,17.88384615,1.346154,1.130435
2023-04-01,Medellín,VINOS,143,5593,9214,152059.86,13188,11.65145316,0.08276198243,119,864,1032,24809.52,1787,14.1844482,0.2295798241,0.8214244924,16.50313219,1.4313,1.647416,24.04023256,1.731589,1.194444
2023-05-01,Bogotá,VINOS,149,10896,16565,272552.77,22711,12.10985671,0.09897383675,129,2283,2785,62682.97,4502,14.06654272,0.2134654495,0.8608978729,16.45353275,1.371023,1.520283,22.50735009,1.616517,1.219886
2023-05-01,Bogotá,VINOS,43,96,133,1971.73,176,11.19354312,0.09132236623,29,53,69,1284.78,114,11.52461111,0.1665981855,0.971272958,14.82503759,1.323308,1.385417,18.62,1.652174,1.301887
2023-05-01,Cali y Bucaramanga,VINOS,99,1416,2103,36357.79,2901,12.57056223,0.1183928733,58,190,219,4732.64,360,13.50062103,0.2218582197,0.9311099248,17.28853543,1.379458,1.485169,21.61022831,1.643836,1.152632
2023-05-01,Costa,VINOS,99,1523,2310,36600.4,3223,11.41998613,0.08884173727,50,142,157,3590.84,252,14.23021609,0.2290725825,0.8025167057,15.844329,1.395238,1.516743,22.87159236,1.605096,1.105634
2023-05-01,Costa,VINOS,75,617,934,20997.86,1344,15.55007897,0.1408452974,52,170,197,5207.36,323,16.67397528,0.2559910973,0.9325957793,22.48164882,1.438972,1.513776,26.43329949,1.639594,1.158824
2023-05-01,Expansión - Centro,VINOS,31,82,104,1197.04,133,8.761276758,0.01696474945,18,43,66,1048.78,93,11.62586957,0.15873616,0.7536018454,11.51,1.278846,1.268293,15.89060606,1.409091,1.534884
2023-05-01,Medellín,VINOS,139,5829,9339,152019.47,13129,11.67879749,0.09202148251,104,768,917,19407.68,1479,13.20747254,0.2126652092,0.8842568067,16.27791734,1.405825,1.602162,21.16431843,1.612868,1.19401
2023-06-01,Bogotá,VINOS,45,114,157,2386.98,224,10.78341085,0.09472533898,26,58,79,1364.94,132,10.9696988,0.156494983,0.9830179528,15.20369427,1.426752,1.377193,17.27772152,1.670886,1.362069
2023-06-01,Bogotá,VINOS,146,10782,16638,273553.8,22977,12.03041257,0.1067917778,136,2027,2417,53302.99,3887,13.83867874,0.2081752608,0.8693324553,16.44150739,1.380995,1.543127,22.05336781,1.608192,1.192403
2023-06-01,Cali y Bucaramanga,VINOS,94,1315,2014,36819.64,2810,13.03103933,0.1277621279,64,169,195,4451.06,310,14.48101651,0.195031819,0.8998704838,18.28184707,1.395233,1.531559,22.82594872,1.589744,1.153846
2023-06-01,Costa,VINOS,103,1485,2189,36288.34,3103,11.67615069,0.103789028,56,121,140,3437.38,244,14.88941167,0.185364327,0.7841915417,16.57758794,1.417542,1.474074,24.55271429,1.742857,1.157025
2023-06-01,Costa,VINOS,83,662,965,22699.07,1436,15.71130551,0.1676933083,58,187,217,6199.88,355,17.23198264,0.2150842641,0.9117526313,23.52235233,1.488083,1.457704,28.57087558,1.635945,1.160428
2023-06-01,Expansión - Centro,VINOS,28,59,82,857.72,106,8.384127907,0.03373384091,14,27,33,481.51,46,10.44265766,0.08786474715,0.8028730024,10.46,1.292683,1.389831,14.59121212,1.393939,1.222222
2023-06-01,Medellín,VINOS,139,5702,9362,147087.47,13244,11.29603354,0.07562826778,118,699,813,17845.94,1345,13.34910471,0.1800915712,0.8462015832,15.71111621,1.414655,1.64188,21.95072571,1.654367,1.16309
2023-07-01,Bogotá,VINOS,140,11343,17719,284798.64,24250,11.92638999,0.1397769484,121,1725,2029,42113.2,3165,13.47227382,0.1836989063,0.8852544229,16.07306507,1.368587,1.562109,20.75564317,1.559882,1.176232
2023-07-01,Bogotá,VINOS,50,110,152,2197.5,200,11.11242424,0.1454628411,27,51,69,1137.17,115,10.44072072,0.1371760888,1.064334976,14.45723684,1.315789,1.381818,16.48072464,1.666667,1.352941
2023-07-01,Cali y Bucaramanga,VINOS,89,1418,2175,39314.94,2941,13.33961892,0.1881702029,57,153,174,3738.16,261,13.90628584,0.2060464559,0.9592510227,18.07583448,1.352184,1.53385,21.48367816,1.5,1.137255
2023-07-01,Costa,VINOS,100,1531,2247,37859.22,3131,12.20857,0.1413166936,46,124,135,2993.81,221,13.7472973,0.194637372,0.8880705596,16.84878505,1.393413,1.467668,22.17637037,1.637037,1.08871
2023-07-01,Costa,VINOS,77,770,1147,27956.02,1747,15.90465074,0.2188797421,57,184,226,5578.97,366,15.44155898,0.2096787593,1.029989961,24.37316478,1.523104,1.48961,24.68570796,1.619469,1.228261
2023-07-01,Expansión - Centro,VINOS,34,81,122,1484.92,164,9.057849873,0.07635853802,13,31,39,644.34,59,11.37965812,0.1743646957,0.7959685412,12.17147541,1.344262,1.506173,16.52153846,1.512821,1.258065
2023-07-01,Medellín,VINOS,132,6012,9843,152354.04,13943,11.11417306,0.1096524651,103,637,736,15533.21,1217,12.95295466,0.1602152869,0.858041532,15.47841512,1.41654,1.637226,21.10490489,1.653533,1.155416
2023-08-01,Bogotá,VINOS,57,138,193,2618.49,246,10.8769403,0.1117583809,35,70,92,1683.51,160,11.26369637,0.2033157451,0.9656634857,13.5673057,1.274611,1.398551,18.29902174,1.73913,1.314286
2023-08-01,Bogotá,VINOS,139,10741,16783,264009.65,22752,11.76872698,0.09625451394,122,2461,2866,63120.14,4549,13.91136024,0.2067393823,0.8459796008,15.73077817,1.355658,1.562517,22.0237753,1.58723,1.164567
2023-08-01,Cali y Bucaramanga,VINOS,87,1265,1880,32976.19,2553,12.89071306,0.1206603349,57,205,222,5430.3,370,14.49667493,0.2422559585,0.8892186051,17.5405266,1.357979,1.486166,24.46081081,1.666667,1.082927
2023-08-01,Costa,VINOS,73,660,948,21683.89,1420,15.23739074,0.140255675,47,199,229,5513.33,340,16.13668683,0.2408674329,0.9442700909,22.87330169,1.49789,1.436364,24.07567686,1.484716,1.150754
2023-08-01,Costa,VINOS,90,1465,2145,32385.05,3015,10.91032943,0.08696406665,50,152,159,3237.8,243,13.52910845,0.240551823,0.8064337333,15.09792541,1.405594,1.464164,20.36352201,1.528302,1.046053
2023-08-01,Expansión - Centro,VINOS,35,106,134,1614.27,177,9.03687931,0.1051972747,16,36,42,719.48,59,12.61632576,0.2529969105,0.7162845573,12.04679104,1.320896,1.264151,17.13047619,1.404762,1.166667
2023-08-01,Medellín,VINOS,127,5658,9333,138196.6,13090,10.73453677,0.07203817297,102,802,936,21110.35,1552,13.68862001,0.2087557151,0.7841942254,14.8073074,1.40255,1.649523,22.55379274,1.65812,1.167082
2023-09-01,Bogotá,VINOS,63,155,249,3461.43,324,10.94825249,0.1244748858,38,71,92,1692.43,165,10.89431518,0.1754161386,1.004950959,13.9013253,1.301205,1.606452,18.39597826,1.793478,1.295775
2023-09-01,Bogotá,VINOS,136,11827,18112,305252.63,25131,12.33140319,0.1409245086,117,2169,2522,54458.21,4119,13.44096742,0.2041385505,0.91744908,16.85361252,1.387533,1.531411,21.59326328,1.633228,1.162748
2023-09-01,Cali y Bucaramanga,VINOS,84,1350,1982,36749.1,2698,13.60902463,0.1885570621,56,164,179,3862.93,286,13.33241203,0.208284849,1.020747379,18.54142281,1.361251,1.468148,21.58061453,1.597765,1.091463
2023-09-01,Costa,VINOS,71,725,1088,25737.47,1605,15.88068689,0.2280540321,49,173,211,5246.89,336,15.54847419,0.2459679508,1.021366258,23.65576287,1.475184,1.50069,24.86677725,1.592417,1.219653
2023-09-01,Costa,VINOS,98,1602,2394,40151.88,3345,12.15923088,0.1348453002,58,166,178,3664.46,299,12.8158453,0.2046994968,0.9487654224,16.7718797,1.397243,1.494382,20.58685393,1.679775,1.072289
2023-09-01,Expansión - Centro,VINOS,34,104,134,1651.91,181,9.700941781,0.07396222008,20,44,53,1047.62,83,12.40222222,0.1952201603,0.7821938365,12.32768657,1.350746,1.288462,19.76641509,1.566038,1.204545
2023-09-01,Medellín,VINOS,128,6056,9916,162257.88,13696,11.90680125,0.1323552865,101,706,809,16228.45,1274,12.9309386,0.174083426,0.9207994571,16.36323921,1.381202,1.637384,20.05988875,1.574784,1.145892
2023-10-01,Bogotá,VINOS,48,124,194,2590.46,275,10.08983333,0.100742011,31,62,76,1265.42,116,11.74867965,0.1677185656,0.8588057238,13.3528866,1.417526,1.564516,16.65026316,1.526316,1.225806
2023-10-01,Bogotá,VINOS,131,9765,14987,236660.56,20516,11.7210581,0.09016358134,121,1939,2298,49775.78,3601,13.91954867,0.196804282,0.8420573376,15.79105625,1.36892,1.534767,21.66047868,1.567015,1.185147
2023-10-01,Cali y Bucaramanga,VINOS,86,1065,1632,28827.69,2258,12.73954803,0.1287245812,55,185,213,4373.15,334,13.34215546,0.2101501158,0.9548343269,17.66402574,1.383578,1.532394,20.53122066,1.568075,1.151351
2023-10-01,Costa,VINOS,70,664,952,21726.96,1401,15.39398909,0.1559143734,52,173,201,4928.3,317,15.62668051,0.2302838135,0.9851093506,22.82243697,1.471639,1.433735,24.51890547,1.577114,1.16185
2023-10-01,Costa,VINOS,94,1370,1997,32677.12,2784,11.9186311,0.09876385593,49,146,169,3639.88,282,13.18439856,0.2270260327,0.9039950554,16.36310466,1.394091,1.457664,21.53775148,1.668639,1.157534
2023-10-01,Expansión - Centro,VINOS,40,90,124,1610.59,176,9.535217391,0.06741552817,17,34,39,702.14,55,12.74675,0.2060284285,0.7480508672,12.98862903,1.419355,1.377778,18.00358974,1.410256,1.147059
2023-10-01,Medellín,VINOS,123,5263,8765,137418.49,12260,11.29723121,0.08050067325,101,760,907,18989.39,1479,12.89286189,0.1802849822,0.8762392174,15.67809355,1.398745,1.6654,20.93648291,1.63065,1.193421
2023-11-01,Bogotá,VINOS,51,117,203,2571.46,275,9.636180885,0.01849018501,30,75,86,1853.01,143,13.46292376,0.2367437647,0.715756923,12.66729064,1.35468,1.735043,21.54662791,1.662791,1.146667
2023-11-01,Bogotá,VINOS,130,10590,15849,277206.96,21206,13.18271855,0.1213088144,123,2342,2772,63126.37,4445,14.30317538,0.2341070355,0.9216637709,17.49050161,1.338002,1.496601,22.77286075,1.603535,1.183604
2023-11-01,Cali y Bucaramanga,VINOS,87,1304,1909,34678.51,2669,13.07534075,0.1251065345,62,225,258,6446.83,460,13.93326722,0.2111131304,0.9384260381,18.16579885,1.398114,1.463957,24.98771318,1.782946,1.146667
2023-11-01,Costa,VINOS,85,1394,2047,35321,2856,12.47015578,0.1139853983,55,185,195,4554.88,325,13.82593472,0.2217271804,0.9019394378,17.25500733,1.395213,1.468436,23.35835897,1.666667,1.054054
2023-11-01,Costa,VINOS,67,662,956,22307.83,1381,16.07300146,0.171774926,50,191,233,7214.26,442,16.34442201,0.2573251003,0.9833936893,23.33455021,1.444561,1.444109,30.96248927,1.896996,1.219895
2023-11-01,Expansión - Centro,VINOS,31,91,133,1577.76,171,9.37130137,0.09196058967,19,45,56,950.34,81,11.79326389,0.1955696206,0.7946317032,11.86285714,1.285714,1.461538,16.97035714,1.446429,1.244444
2023-11-01,Medellín,VINOS,118,5597,8943,151092.53,12723,11.92351428,0.1012868536,106,968,1166,25639.8,1893,13.64136037,0.2095803922,0.874070764,16.89506094,1.422677,1.59782,21.98953688,1.623499,1.204545
2023-12-01,Bogotá,VINOS,136,15590,22419,425625.39,32318,13.38571134,0.1524029842,124,3331,3872,101007.84,6736,15.32215577,0.241984957,0.8736180175,18.98503011,1.441545,1.438037,26.08673554,1.739669,1.162414
2023-12-01,Bogotá,VINOS,59,228,310,4786.29,434,11.42796451,0.1353903551,43,114,125,2731.05,211,13.53693237,0.2282305737,0.8442063679,15.43964516,1.4,1.359649,21.8484,1.688,1.096491
2023-12-01,Cali y Bucaramanga,VINOS,93,2427,3479,68190.01,5174,13.30819662,0.1633448606,69,414,471,13114.71,880,14.65377481,0.2192991997,0.9081753194,19.60046278,1.487209,1.433457,27.8443949,1.868365,1.137681
2023-12-01,Costa,VINOS,78,1283,1799,46804.42,2981,15.7197165,0.2183148661,64,389,455,13226.12,789,16.74811989,0.2441055353,0.9385958905,26.01690939,1.657032,1.402182,29.0683956,1.734066,1.169666
2023-12-01,Costa,VINOS,99,2364,3341,62264.07,4898,12.91681565,0.1348515317,70,360,397,9875.56,710,14.31482344,0.2263376708,0.9023384544,18.63635738,1.466028,1.413283,24.87546599,1.788413,1.102778
2023-12-01,Expansión - Centro,VINOS,40,131,158,1674.73,203,8.583948413,0.002675695882,28,93,105,2188.62,170,12.56734783,0.234652105,0.6830357949,10.59955696,1.28481,1.206107,20.844,1.619048,1.129032
2023-12-01,Medellín,VINOS,129,7961,12001,216617.72,17888,12.28605699,0.1262049461,116,1298,1527,36989.15,2680,14.13809059,0.2345673814,0.8690039803,18.0499725,1.490542,1.507474,24.22341192,1.755075,1.176425
2024-01-01,Bogotá,VINOS,129,9126,13994,221028.4,18594,12.05957236,0.08898349509,116,1737,2116,43571.18,3232,13.50813301,0.1593170844,0.8927638154,15.79451193,1.328712,1.533421,20.5912949,1.52741,1.218192
2024-01-01,Bogotá,VINOS,52,127,188,2982.2,245,11.93391089,0.1068499962,27,46,54,1154.26,90,13.14267857,0.1682811814,0.9080272964,15.86276596,1.303191,1.480315,21.37518519,1.666667,1.173913
2024-01-01,Cali y Bucaramanga,VINOS,85,1277,1948,29908.86,2636,11.36040082,0.08609270783,54,151,172,3404.85,260,13.02861326,0.1425985112,0.8719577895,15.35362423,1.353183,1.52545,19.79563953,1.511628,1.139073
2024-01-01,Costa,VINOS,72,909,1248,29149.17,1883,15.50462246,0.1294474281,55,218,267,7562.14,445,17.28239061,0.200818418,0.8971341297,23.35670673,1.508814,1.372937,28.32262172,1.666667,1.224771
2024-01-01,Costa,VINOS,88,1451,2205,33504.08,3061,11.12255779,0.07726355518,49,119,126,2546.89,192,13.72623775,0.1817298784,0.8103136486,15.1945941,1.388209,1.519642,20.2134127,1.52381,1.058824
2024-01-01,Expansión - Centro,VINOS,30,85,101,1301.14,132,10.28321429,0.05267918776,19,45,51,830.67,70,11.83069182,0.1501412665,0.8691980519,12.88257426,1.306931,1.188235,16.28764706,1.372549,1.133333
2024-01-01,Medellín,VINOS,125,5385,8957,138334.48,12604,11.12212269,0.07665233807,105,744,880,17299.19,1384,12.72043007,0.1442790253,0.8743511521,15.44428715,1.407168,1.663324,19.65817045,1.572727,1.182796
2024-02-01,Bogotá,VINOS,125,10668,16372,265772.97,22014,12.19652933,0.1006361743,112,2278,2725,59403.4,4366,13.54141131,0.2334798836,0.9006837654,16.23338444,1.344613,1.534683,21.79941284,1.602202,1.196225
2024-02-01,Bogotá,VINOS,64,143,236,3783.88,308,12.43371274,0.115648237,34,66,85,1769.95,147,12.60803571,0.2473457766,0.9861736609,16.03338983,1.305085,1.65035,20.82294118,1.729412,1.287879
2024-02-01,Cali y Bucaramanga,VINOS,91,1435,2193,33007.96,2933,11.26530489,0.1049402937,60,229,275,5639.71,454,12.56693723,0.2080773545,0.8964240598,15.05150935,1.337437,1.528223,20.50803636,1.650909,1.200873
2024-02-01,Costa,VINOS,95,1498,2167,32613.5,3031,10.83187011,0.08295571277,45,112,134,2850.55,219,12.99255991,0.2942892056,0.8336979152,15.05006922,1.398708,1.446595,21.27276119,1.634328,1.196429
2024-02-01,Costa,VINOS,74,719,1019,21374.34,1522,14.18193824,0.1269865361,50,217,277,6553.49,418,15.68166667,0.2171967993,0.9043642196,20.9757998,1.493621,1.417246,23.65880866,1.509025,1.276498
2024-02-01,Expansión - Centro,VINOS,32,89,110,1366.32,141,9.881680672,0.0929383118,21,44,52,731.51,76,10.05809091,0.1378928033,0.9824608628,12.42109091,1.281818,1.235955,14.0675,1.461538,1.181818
2024-02-01,Medellín,VINOS,121,5518,9166,142499.71,12937,11.1494583,0.08745152964,106,972,1174,23659.8,1866,12.8778494,0.2229091209,0.8657857344,15.54655357,1.411412,1.661109,20.15315162,1.589438,1.207819
2024-03-01,Bogotá,VINOS,70,202,291,4885.74,412,12.20725103,0.1388356581,40,84,99,1996.37,169,12.21557143,0.2017541067,0.9993188694,16.78948454,1.415808,1.440594,20.16535354,1.707071,1.178571
2024-03-01,Bogotá,VINOS,137,11794,17949,293124.36,24191,12.25148276,0.1435228172,121,2502,3009,66655.68,4691,14.44793946,0.2167338596,0.8479743975,16.33095771,1.347763,1.521876,22.15210369,1.55899,1.202638
2024-03-01,Cali y Bucaramanga,VINOS,97,1743,2591,38916.58,3492,11.11612598,0.1299938893,62,223,252,5974.54,422,13.68582266,0.2079608022,0.8122365936,15.01990737,1.347742,1.486517,23.70849206,1.674603,1.130045
2024-03-01,Costa,VINOS,73,1014,1471,29982.26,2156,13.9699176,0.1631708015,60,318,407,10605.9,651,16.34266219,0.2402871634,0.8548128473,20.38222978,1.46567,1.45069,26.05872236,1.599509,1.279874
2024-03-01,Costa,VINOS,95,1766,2625,38469.22,3642,10.69919326,0.1146295621,53,142,151,3096.92,212,14.86985264,0.2372405817,0.7195224808,14.65494095,1.387429,1.48641,20.50940397,1.403974,1.06338
2024-03-01,Expansión -  Costa,VINOS,30,55,66,1242.16,82,15.03356061,0.2095862092,26,139,163,3489,256,13.84926316,0.2782788519,1.08551339,18.82060606,1.242424,1.2,21.40490798,1.570552,1.172662
2024-03-01,Expansión - Centro,VINOS,13,17,17,271.78,20,13.79361111,0.2584131312,4,10,11,181.05,14,12.65181818,0.3036939345,1.090247339,15.98705882,1.176471,1,16.45909091,1.272727,1.1
2024-03-01,Expansión - Centro,VINOS,46,124,162,2306.65,206,11.04747605,0.1276147232,32,77,97,1610.58,136,12.15346535,0.1778389019,0.9089980297,14.23858025,1.271605,1.306452,16.60391753,1.402062,1.25974
2024-03-01,Medellín,VINOS,123,5894,9709,152832.23,13828,11.23142299,0.1212184531,105,995,1200,25646.92,1932,13.42897034,0.1960475962,0.836357718,15.74129468,1.424246,1.647268,21.37243333,1.61,1.20603
2024-04-01,Bogotá,VINOS,152,11254,17401,294592.57,23681,12.49810499,0.134534821,132,2669,3347,74436.16,5329,14.15496207,0.2408306254,0.8829486736,16.9296345,1.360899,1.546206,22.23966537,1.592172,1.254028
2024-04-01,Bogotá,VINOS,78,197,308,5938.04,447,13.31788221,0.1552041089,33,55,70,1356.92,128,11.42960937,0.2339866499,1.165208869,19.27935065,1.451299,1.563452,19.38457143,1.828571,1.272727
2024-04-01,Cali y Bucaramanga,VINOS,102,1434,2235,37707.07,3078,12.00644482,0.1282728322,68,253,313,6629.55,491,13.38651083,0.2186477222,0.8969062199,16.87117226,1.377181,1.558577,21.18067093,1.56869,1.237154
2024-04-01,Costa,VINOS,100,1676,2501,37863.7,3462,11.08892929,0.1052362089,55,188,208,4861.1,341,14.3771115,0.2389850249,0.7712904846,15.13942423,1.384246,1.492243,23.37067308,1.639423,1.106383
2024-04-01,Costa,VINOS,80,767,1176,26223.09,1749,14.85724215,0.161179406,54,212,272,6976.23,442,15.49328466,0.254050643,0.9589472132,22.29854592,1.487245,1.533246,25.64790441,1.625,1.283019
2024-04-01,Expansión -  Costa,VINOS,32,56,67,1678.18,95,17.49740741,0.2697972027,24,69,86,1917.15,119,16.03179775,0.2217345315,1.091418921,25.04746269,1.41791,1.196429,22.29244186,1.383721,1.246377
2024-04-01,Expansión - Centro,VINOS,41,97,132,1784.41,166,10.82776596,0.1089778277,29,63,77,1363.58,107,12.32291865,0.2264940194,0.8786689472,13.51825758,1.257576,1.360825,17.70883117,1.38961,1.222222
2024-04-01,Expansión - Centro,VINOS,19,28,31,708.09,42,16.53690476,0.3166031512,9,11,16,386.68,26,15.31294118,0.2188617195,1.079930013,22.8416129,1.354839,1.107143,24.1675,1.625,1.454545
2024-04-01,Medellín,VINOS,137,5588,9334,146208.57,13154,11.17872307,0.1012184378,114,1032,1243,26208.05,1983,13.13894387,0.2067680985,0.8508083429,15.66408507,1.409256,1.670365,21.08451327,1.595334,1.204457
2024-05-01,Bogotá,VINOS,144,12105,18499,313662.4,24736,12.84197265,0.1104245903,125,2622,3210,73398.94,5115,14.45597937,0.2602039399,0.8883502332,16.95564085,1.337153,1.528211,22.8657134,1.593458,1.224256
2024-05-01,Bogotá,VINOS,82,209,313,5185.4,420,12.46311128,0.1219169722,40,91,108,2319.78,173,13.3533547,0.2571677654,0.9333318523,16.56677316,1.341853,1.497608,21.47944444,1.601852,1.186813
2024-05-01,Cali y Bucaramanga,VINOS,101,1442,2157,36291.07,2961,12.41754478,0.09596727608,72,315,363,8224.54,533,15.5747712,0.2811694051,0.7972858557,16.82478906,1.37274,1.495839,22.65713499,1.46832,1.152381
2024-05-01,Costa,VINOS,81,781,1118,23630.13,1606,14.80604725,0.1111083697,61,250,318,8563.05,521,16.37728009,0.2840537276,0.9040602079,21.13607335,1.436494,1.431498,26.92783019,1.638365,1.272
2024-05-01,Costa,VINOS,107,1872,2738,38805.38,3725,10.64830384,0.0678537016,60,266,307,6856.08,509,13.55634567,0.253400871,0.7854848274,14.17289262,1.360482,1.462607,22.33250814,1.65798,1.154135
2024-05-01,Expansión -  Costa,VINOS,35,51,56,1211.24,70,17.16841954,0.1927884275,27,109,120,2736.63,183,15.30378968,0.2812898969,1.121841054,21.62928571,1.25,1.098039,22.80525,1.525,1.100917
2024-05-01,Expansión - Centro,VINOS,41,109,153,1782.71,189,9.498899371,0.07000295676,28,85,97,1788.75,146,12.55301634,0.2280013016,0.7567025418,11.65169935,1.235294,1.40367,18.44072165,1.505155,1.141176
2024-05-01,Expansión - Centro,VINOS,22,28,43,846.47,55,15.36227273,0.1860329741,13,25,30,809.51,50,16.17785714,0.3165295576,0.9495863755,19.68534884,1.27907,1.535714,26.98366667,1.666667,1.2
2024-05-01,Medellín,VINOS,140,6355,10266,153285.63,14305,10.96229839,0.0804407718,114,1207,1462,33192.38,2516,13.41698571,0.2314384539,0.817046289,14.93138808,1.393435,1.615421,22.70340629,1.72093,1.211268
2024-06-01,Bogotá,VINOS,147,11680,17776,294808.27,23676,12.62000137,0.1007554839,126,2208,2717,59544.46,4311,13.94992995,0.2144774394,0.9046641396,16.58462365,1.331908,1.521918,21.91551711,1.586676,1.230525
2024-06-01,Bogotá,VINOS,81,228,341,5816.12,467,12.1471093,0.09892218812,44,92,118,2308,182,12.73964552,0.1760781299,0.9534887987,17.05607038,1.369501,1.495614,19.55932203,1.542373,1.282609
2024-06-01,Cali y Bucaramanga,VINOS,100,1580,2343,35242.9,3102,11.5226514,0.07613097419,64,233,258,6170.54,426,14.39862069,0.2046217533,0.8002607787,15.04178404,1.323944,1.482911,23.91682171,1.651163,1.107296
2024-06-01,Costa,VINOS,88,807,1175,24930.24,1667,14.95595964,0.1003353671,57,194,237,6041.45,366,16.50197113,0.2363016444,0.906313526,21.21722553,1.418723,1.45601,25.49135021,1.544304,1.221649
2024-06-01,Costa,VINOS,104,1780,2623,38907.22,3534,11.10919054,0.07185598898,64,215,254,4570.7,405,12.01744143,0.1563294302,0.9244222746,14.8330995,1.347312,1.473596,17.99488189,1.594488,1.181395
2024-06-01,Expansión -  Costa,VINOS,25,42,50,1214.35,64,18.72827044,0.1448079603,20,81,109,2306.77,151,15.28833333,0.2469921252,1.225004062,24.287,1.28,1.190476,21.16302752,1.385321,1.345679
2024-06-01,Expansión - Centro,VINOS,19,27,30,519.64,33,15.8025,0.1709279309,6,12,15,357.91,24,15.2415625,0.2452832113,1.036803149,17.32133333,1.1,1.111111,23.86066667,1.6,1.25
2024-06-01,Expansión - Centro,VINOS,40,106,148,1574.15,176,9.232806452,0.04677378839,26,66,77,1224.02,120,10.49762658,0.1190432403,0.8795137052,10.63614865,1.189189,1.396226,15.89636364,1.558442,1.166667
2024-06-01,Medellín,VINOS,138,6185,9798,142413.21,13630,10.64411264,0.06534709961,115,1061,1307,27148.74,2232,12.70151769,0.1978989661,0.8380189597,14.53492652,1.3911,1.584155,20.77179801,1.707728,1.231857
2024-07-01,Bogotá,VINOS,146,11231,17097,291512.77,23104,12.77563278,0.1364732149,122,1775,2115,44986.45,3234,14.16764603,0.1980434863,0.9017470334,17.05052173,1.351348,1.522304,21.27018913,1.529078,1.191549
2024-07-01,Bogotá,VINOS,74,211,304,4968.11,413,12.22467907,0.1396588822,39,78,87,1822.08,134,13.62482673,0.2229025762,0.8972355618,16.34246711,1.358553,1.440758,20.94344828,1.54023,1.115385
2024-07-01,Cali y Bucaramanga,VINOS,100,1458,2184,34170.1,2933,11.561642,0.1155966839,65,225,266,5670.42,433,13.35443503,0.1953946532,0.8657529859,15.64565018,1.342949,1.497942,21.31736842,1.62782,1.182222
2024-07-01,Costa,VINOS,86,806,1151,27691.4,1671,16.44843664,0.1625031078,52,205,258,6663.53,418,16.17915463,0.2089143975,1.016643762,24.05855778,1.451781,1.42804,25.82763566,1.620155,1.258537
2024-07-01,Costa,VINOS,109,1603,2290,36973.82,3065,12.31846138,0.1248513229,57,193,223,4230.84,338,12.72911441,0.1619805757,0.9677390731,16.14577293,1.338428,1.428571,18.97237668,1.515695,1.15544
2024-07-01,Expansión -  Costa,VINOS,34,59,83,1752.49,108,16.18025926,0.1664161913,28,124,167,3305.47,244,13.71467412,0.2119540245,1.179777159,21.11433735,1.301205,1.40678,19.79323353,1.461078,1.346774
2024-07-01,Expansión - Centro,VINOS,36,49,62,1128.22,77,14.82689394,0.2103548436,10,11,13,306.92,21,14.29095238,0.1888486909,1.037502158,18.19709677,1.241935,1.265306,23.60923077,1.615385,1.181818
2024-07-01,Expansión - Centro,VINOS,43,108,147,1754.76,187,9.606635021,0.07324604911,28,71,83,1496.71,130,11.92267816,0.1837307275,0.8057447238,11.93714286,1.272109,1.361111,18.0326506,1.566265,1.169014
2024-07-01,Medellín,VINOS,140,6072,9978,150198.86,14268,10.76061017,0.1020483849,110,939,1120,22043.61,1779,12.76544495,0.161002522,0.842948304,15.05300261,1.429946,1.643281,19.68179464,1.588393,1.192758
2024-08-01,Bogotá,VINOS,156,14305,22595,353749.31,30999,11.62799338,0.111207438,134,2183,2640,59400.56,4220,14.07858983,0.2077157808,0.8259345234,15.65608807,1.371941,1.579518,22.50021212,1.598485,1.209345
2024-08-01,Bogotá,VINOS,77,277,405,6402.36,586,11.29384831,0.1076369059,43,86,96,2104.05,172,12.55052402,0.1999605663,0.8998706582,15.8082963,1.446914,1.462094,21.9171875,1.791667,1.116279
2024-08-01,Cali y Bucaramanga,VINOS,106,1799,2813,42587.27,3789,11.23373253,0.1045355977,78,285,325,7451.48,558,13.72655895,0.1801776308,0.8183939299,15.13944899,1.346961,1.563646,22.92763077,1.716923,1.140351
2024-08-01,Costa,VINOS,85,984,1537,33218.93,2221,15.17790018,0.141985659,60,227,285,7691.78,466,16.13967769,0.2237141699,0.9404091254,21.61283669,1.445023,1.561992,26.98870175,1.635088,1.255507
2024-08-01,Costa,VINOS,104,2012,3071,48422.79,4328,11.4236348,0.1075430946,60,184,213,5329.04,368,14.42718348,0.2331629637,0.7918132332,15.76775969,1.409313,1.526342,25.01896714,1.7277,1.157609
2024-08-01,Expansión -  Costa,VINOS,31,52,71,1615.3,98,16.15448198,0.1882180259,27,108,138,3178.48,201,15.70399884,0.2182503561,1.028685887,22.75070423,1.380282,1.365385,23.03246377,1.456522,1.277778
2024-08-01,Expansión - Centro,VINOS,33,45,52,1226.38,83,14.7678125,0.1684091515,18,36,41,748.13,54,13.77546512,0.2606307531,1.072037305,23.58423077,1.596154,1.155556,18.24707317,1.317073,1.138889
2024-08-01,Expansión - Centro,VINOS,45,125,166,2008.07,212,9.400457875,0.09500260712,34,72,98,1787.82,161,11.28537202,0.1382442242,0.8329772254,12.09680723,1.277108,1.328,18.24306122,1.642857,1.361111
2024-08-01,Medellín,VINOS,147,6789,11518,171920.03,16392,10.71431649,0.09955201824,120,1105,1326,27757.07,2166,12.83376513,0.1627507276,0.834853715,14.92620507,1.423164,1.696568,20.93293363,1.633484,1.2
2024-09-01,Bogotá,VINOS,79,257,356,6129.64,485,12.86885471,0.1283120078,41,73,87,1977.38,152,13.35553105,0.2631102772,0.9635599414,17.21808989,1.36236,1.385214,22.72850575,1.747126,1.191781
2024-09-01,Bogotá,VINOS,151,13121,20584,319161.02,27984,11.60219352,0.09772557388,131,2319,2772,64588.42,4533,14.23885343,0.2701017237,0.8148263889,15.50529635,1.359503,1.568783,23.30029582,1.635281,1.195343
2024-09-01,Cali y Bucaramanga,VINOS,107,1594,2507,39501.27,3419,11.59555163,0.1072024732,71,283,334,7908.14,543,14.65360294,0.2771622373,0.7913106204,15.75639011,1.363781,1.572773,23.67706587,1.625749,1.180212
2024-09-01,Costa,VINOS,104,2018,2975,46075.98,4201,11.04038418,0.102746907,62,213,239,6023.65,402,15.20638082,0.291215361,0.7260362811,15.48772437,1.412101,1.474232,25.20355649,1.682008,1.122066
2024-09-01,Costa,VINOS,86,953,1411,30124.47,2082,14.36617262,0.1283841696,63,224,273,7359.36,460,16.04969765,0.2798861881,0.8951054985,21.34973069,1.475549,1.480588,26.95736264,1.684982,1.21875
2024-09-01,Expansión -  Costa,VINOS,28,60,83,1665.01,110,14.4126124,0.1873621344,20,86,95,1958.96,140,14.20902721,0.278630757,1.014327877,20.06036145,1.325301,1.383333,20.62063158,1.473684,1.104651
2024-09-01,Expansión - Centro,VINOS,21,30,37,881.27,57,15.01295,0.2251949424,8,17,17,245.79,19,13.26470588,0.2865807684,1.131796674,23.81810811,1.540541,1.233333,14.45823529,1.117647,1
2024-09-01,Expansión - Centro,VINOS,40,116,166,2127.73,211,10.32783333,0.09172301545,29,83,93,1599.83,129,12.3564966,0.1891307914,0.8358221322,12.8176506,1.271084,1.431034,17.20247312,1.387097,1.120482
2024-09-01,Medellín,VINOS,150,6418,10431,155346.03,14564,10.87533797,0.09690123404,118,1054,1269,27557.91,2036,13.75051749,0.2279999925,0.790903904,14.89272649,1.396223,1.625273,21.71624113,1.604413,1.203985
2024-10-01,Bogotá,VINOS,158,12557,19938,296946.49,26844,11.21979212,0.07025802905,131,2207,2716,62337.07,4362,14.41692203,0.2515511332,0.7782376917,14.89349433,1.346374,1.5878,22.95179308,1.606038,1.23063
2024-10-01,Bogotá,VINOS,80,228,336,5351.1,473,11.63146168,0.07726208833,42,63,74,1653.91,122,13.55275568,0.2424725101,0.8582359152,15.92589286,1.407738,1.473684,22.35013514,1.648649,1.174603
2024-10-01,Cali y Bucaramanga,VINOS,109,1465,2289,34243.68,3118,11.15317858,0.06553174603,73,289,337,8454.89,559,15.09965622,0.240725015,0.7386379145,14.96010485,1.362167,1.562457,25.08869436,1.658754,1.16609
2024-10-01,Costa,VINOS,111,1806,2680,38369.95,3634,10.69408407,0.06721499434,60,178,203,4379.65,313,14.29079195,0.2641116806,0.7483199046,14.31714552,1.35597,1.483942,21.57463054,1.541872,1.140449
2024-10-01,Costa,VINOS,84,851,1293,26379.77,1955,13.42534998,0.07431659901,61,213,275,7176,427,16.4389544,0.2584673971,0.8166790695,20.40198763,1.511988,1.519389,26.09454545,1.552727,1.29108
2024-10-01,Expansión -  Costa,VINOS,27,56,76,1166.1,88,12.60922078,0.0618287002,24,123,141,3099.03,225,13.52283808,0.258955426,0.9324389378,15.34342105,1.157895,1.357143,21.97893617,1.595745,1.146341
2024-10-01,Expansión - Centro,VINOS,22,37,39,622.12,44,14.436875,0.1287461296,6,10,11,139.97,11,12.72454545,0.3309198894,1.134569015,15.95179487,1.128205,1.054054,12.72454545,1,1.1
2024-10-01,Expansión - Centro,VINOS,44,97,152,2076.88,192,11.05966258,0.05552981585,33,67,86,1750.72,136,12.82743262,0.1893890615,0.8621883194,13.66368421,1.263158,1.56701,20.3572093,1.581395,1.283582
2024-10-01,Medellín,VINOS,191,6241,10231,146548.33,14204,10.49330401,0.06076653785,148,1204,1493,31402.23,2540,12.80641935,0.205674202,0.8193784479,14.32394976,1.38833,1.639321,21.03297388,1.701273,1.240033
2024-11-01,Bogotá,VINOS,179,15012,23649,382049.27,32857,11.79347968,0.1111284073,152,2122,2567,66549.75,4415,15.25983681,0.2511508405,0.772844417,16.15498626,1.389361,1.57534,25.92510713,1.719907,1.209708
2024-11-01,Bogotá,VINOS,93,283,400,6737.88,585,12.06076905,0.1115964109,41,79,93,2184.71,163,13.93363551,0.2390694027,0.8655866619,16.8447,1.4625,1.413428,23.49150538,1.752688,1.177215
2024-11-01,Cali y Bucaramanga,VINOS,125,1628,2504,40756.91,3511,11.61505631,0.1059135859,79,284,336,7549.93,535,14.3230323,0.2364938004,0.8109355662,16.27672125,1.402157,1.538084,22.47002976,1.592262,1.183099
2024-11-01,Costa,VINOS,96,983,1444,30805.9,2174,14.24141941,0.1309547145,67,215,271,7745.21,439,17.68372454,0.2492067878,0.8053404909,21.33372576,1.50554,1.468973,28.5801107,1.619926,1.260465
2024-11-01,Costa,VINOS,127,2051,3101,47646.87,4313,11.12992595,0.09166811697,70,219,243,6957.95,454,15.76805587,0.2581088586,0.7058527727,15.36500161,1.390842,1.511945,28.63353909,1.868313,1.109589
2024-11-01,Expansión -  Costa,VINOS,38,80,118,2398.5,156,14.58402554,0.1577763889,29,118,158,3330.53,235,14.27270833,0.2634267918,1.021812062,20.32627119,1.322034,1.475,21.0793038,1.487342,1.338983
2024-11-01,Expansión - Centro,VINOS,33,45,48,1285.36,80,15.59784483,0.173322786,11,13,14,361.13,25,14.13677083,0.2681013777,1.10335274,26.77833333,1.666667,1.066667,25.795,1.785714,1.076923
2024-11-01,Expansión - Centro,VINOS,54,140,182,2648.52,246,10.65526515,0.1078488484,39,82,109,1883.96,149,12.90597826,0.1744207405,0.8256069347,14.55230769,1.351648,1.3,17.2840367,1.366972,1.329268
2024-11-01,Medellín,VINOS,227,7201,11620,183012.1,16744,11.18196181,0.099301463,177,1136,1451,32902.46,2453,13.62622494,0.2015922383,0.8206206678,15.74975043,1.440964,1.613665,22.6757133,1.690558,1.277289
2024-12-01,Bogotá,VINOS,87,275,363,7373.68,563,13.431533,0.1535000003,51,95,114,2681.88,198,13.78341076,0.2541166865,0.9744709225,20.31316804,1.550964,1.32,23.52526316,1.736842,1.2
2024-12-01,Bogotá,VINOS,202,18083,26224,497362.63,37509,13.38621517,0.1444721517,170,3593,4276,107327.55,7812,14.21347992,0.237817524,0.9417971704,18.96593311,1.430331,1.450202,25.09998831,1.826941,1.190092
2024-12-01,Cali y Bucaramanga,VINOS,140,2558,3590,67957.56,5276,13.07172625,0.1427217179,93,449,491,12287.2,837,14.96830447,0.2396762356,0.873293717,18.92968245,1.469638,1.40344,25.02484725,1.704684,1.093541
2024-12-01,Costa,VINOS,138,3310,4748,86136.57,7088,12.37300356,0.1301853906,99,480,546,14087.07,966,14.85458583,0.2312730819,0.8329416724,18.14165333,1.492839,1.434441,25.80049451,1.769231,1.1375
2024-12-01,Costa,VINOS,113,1665,2312,55684.45,3663,15.10660305,0.1668691462,85,374,456,14302.88,817,17.07402994,0.2559080075,0.8847707953,24.08496972,1.584343,1.388589,31.36596491,1.791667,1.219251
2024-12-01,Expansión -  Costa,VINOS,62,214,275,5538.54,368,14.72361929,0.2066308574,46,200,243,6493.36,406,16.00223644,0.2612944252,0.9200975969,20.14014545,1.338182,1.285047,26.72164609,1.670782,1.215
2024-12-01,Expansión - Centro,VINOS,64,197,255,3834.27,322,11.80491515,0.1344126041,44,143,182,3649.21,290,12.96190112,0.2366065014,0.9107394849,15.03635294,1.262745,1.294416,20.0506044,1.593407,1.272727
2024-12-01,Expansión - Centro,VINOS,43,97,114,2401.24,153,16.09855191,0.2317303393,24,55,56,1439.97,94,15.12877869,0.2461674836,1.064101224,21.06350877,1.342105,1.175258,25.71375,1.678571,1.018182
2024-12-01,Medellín,VINOS,252,8611,13154,244882.3,19772,12.57285434,0.1317765032,197,1710,2034,48641.81,3838,13.22125176,0.233831768,0.9509579408,18.6165653,1.503117,1.527581,23.91436087,1.886922,1.189474
2025-01-01,Bogotá,VINOS,70,169,229,3532.16,299,12.07659836,0.09676414247,27,51,61,1296.37,106,12.38,0.1755379918,0.9754925978,15.42427948,1.305677,1.35503,21.25196721,1.737705,1.196078
2025-01-01,Bogotá,VINOS,195,9986,15281,237827.54,20288,11.96310087,0.08488836021,160,2097,2623,64535.4,4466,14.57474458,0.2222106037,0.8208103278,15.56361102,1.327662,1.530242,24.60365993,1.702631,1.250835
2025-01-01,Cali y Bucaramanga,VINOS,120,1477,2250,33321.27,3178,10.74801198,0.07553537694,68,243,278,6405.36,451,14.23113889,0.2008267048,0.7552460887,14.80945333,1.412444,1.523358,23.04086331,1.622302,1.144033
2025-01-01,Costa,VINOS,123,1847,2872,42923.88,4027,10.79176513,0.07663038183,58,137,170,3937.86,290,14.48717403,0.2255109395,0.7449185814,14.94564067,1.402159,1.554954,23.16388235,1.705882,1.240876
2025-01-01,Costa,VINOS,115,1070,1641,33359.31,2452,13.51802784,0.08367013503,62,176,225,6142.15,365,16.71261177,0.2203175102,0.8088519032,20.32864717,1.494211,1.533645,27.29844444,1.622222,1.278409
2025-01-01,Expansión -  Costa,VINOS,44,77,122,2163.65,157,13.29266667,0.1666835009,31,127,161,3321.16,244,13.9409714,0.2418720365,0.9534964448,17.73483607,1.286885,1.584416,20.62832298,1.515528,1.267717
2025-01-01,Expansión - Centro,VINOS,32,44,62,1260,86,14.4140625,0.1548632469,7,10,10,173.83,13,13.45283333,0.2918082142,1.071451801,20.32258065,1.387097,1.409091,17.383,1.3,1
2025-01-01,Expansión - Centro,VINOS,57,118,178,2629.45,233,11.53819303,0.09361625844,36,70,92,1783.35,131,13.2475779,0.1806894391,0.8709662336,14.77219101,1.308989,1.508475,19.38423913,1.423913,1.314286
2025-01-01,Medellín,VINOS,246,5771,9592,150466.45,13612,11.25164644,0.07259430779,166,855,1069,25123.8,1887,13.49679574,0.2068104462,0.8336531614,15.68666076,1.419099,1.662104,23.50215154,1.765201,1.250292
2025-02-01,Bogotá,VINOS,182,12186,18836,329256.01,25445,13.06908318,0.1432405296,154,1601,1863,43648.71,2845,15.5307743,0.206509595,0.8414959187,17.48014494,1.350871,1.545708,23.42925926,1.527107,1.163648
2025-02-01,Bogotá,VINOS,73,167,225,3740.55,287,13.17374833,0.15184135,32,42,54,1617.96,108,14.86168687,0.2462087951,0.886423489,16.62466667,1.275556,1.347305,29.96222222,2,1.285714
2025-02-01,Cali y Bucaramanga,VINOS,131,1614,2476,39821.11,3455,11.62318852,0.1200044464,79,229,269,5819.84,428,13.8765069,0.1683463175,0.8376163111,16.08283926,1.395396,1.534077,21.63509294,1.591078,1.174672
2025-02-01,Costa,VINOS,130,1781,2739,43024.85,3765,11.40814424,0.1123919844,61,150,165,3727.52,262,14.4520339,0.1780757302,0.7893798422,15.70823293,1.374589,1.5379,22.5910303,1.587879,1.1
2025-02-01,Costa,VINOS,107,956,1369,27604.67,2013,13.84607807,0.1303062039,60,171,214,5942.12,333,17.910212,0.2271808669,0.7730828687,20.16411249,1.470416,1.432008,27.76691589,1.556075,1.251462
2025-02-01,Expansión -  Costa,VINOS,44,76,113,2164.12,151,14.20515504,0.2249034807,27,94,121,2395.72,170,14.24901042,0.2239544563,0.9969222159,19.15150442,1.336283,1.486842,19.79933884,1.404959,1.287234
2025-02-01,Expansión - Centro,VINOS,64,133,179,2769.58,228,12.36573351,0.1341672716,38,71,91,1731.93,140,12.36613636,0.206175207,0.9999674226,15.47251397,1.273743,1.345865,19.0321978,1.538462,1.28169
2025-02-01,Expansión - Centro,VINOS,29,44,54,1360.15,93,14.70346561,0.1870763687,8,11,11,193.09,14,14.14305556,0.2668201414,1.039624397,25.18796296,1.722222,1.227273,17.55363636,1.272727,1
2025-02-01,Medellín,VINOS,249,6597,10793,180974.99,15556,11.74545899,0.1009183177,177,879,1079,24519.61,1894,13.31525345,0.1642100527,0.882105551,16.76781154,1.441305,1.636047,22.72438369,1.755329,1.227531
2023-10-01,Bogotá,VAPORIZADORES,33,61,76,745.24,130,6.592101852,0.09492768959,14,35,44,425.03,52,8.126770833,0,0.8111588215,9.80578947,1.710526,1.245902,9.65977273,1.181818,1.257143
2023-10-01,Bogotá,VAPORIZADORES,54,4661,7335,69940.49,9689,7.737642509,0.08722073646,25,201,218,1901.17,256,7.477957447,0,1.034726737,9.53517246,1.320927,1.573697,8.7209633,1.174312,1.084577
2023-10-01,Cali y Bucaramanga,VAPORIZADORES,42,808,1190,10387.16,1412,7.472384494,0.07588982841,19,56,59,509.09,67,7.585546875,0,0.9850818428,8.72870588,1.186555,1.472772,8.62864407,1.135593,1.053571
2023-10-01,Costa,VAPORIZADORES,40,309,466,4480.03,567,8.064019665,0.08798317522,17,60,74,658.62,83,8.016030702,0,1.005986624,9.61379828,1.216738,1.508091,8.90027027,1.121622,1.233333
2023-10-01,Costa,VAPORIZADORES,42,827,1286,11350.15,1519,7.565880568,0.07887944899,14,32,35,301.92,37,8.118888889,0,0.9318862065,8.82593313,1.181182,1.555018,8.62628571,1.057143,1.09375
2023-10-01,Expansión - Centro,VAPORIZADORES,31,72,104,875.89,129,6.84628655,0.09564327485,14,27,31,333.7,37,9.035,0,0.7577516934,8.42201923,1.240385,1.444444,10.76451613,1.193548,1.148148
2023-10-01,Medellín,VAPORIZADORES,47,3137,5023,45934.24,6321,7.587192984,0.06485450949,23,153,174,1482.31,195,7.64572905,0,0.9923439523,9.144782,1.258411,1.601211,8.51902299,1.12069,1.137255
2023-11-01,Bogotá,VAPORIZADORES,41,128,231,2431.01,366,7.291013942,0.052004949,14,22,30,287.46,34,8.34,0,0.8742222952,10.52385281,1.584416,1.804688,9.582,1.133333,1.363636
2023-11-01,Bogotá,VAPORIZADORES,53,8398,18460,184661.67,24489,8.027227099,0.130688237,22,188,210,1888.48,248,7.629286232,0,1.052159646,10.00334074,1.326598,2.198142,8.9927619,1.180952,1.117021
2023-11-01,Cali y Bucaramanga,VAPORIZADORES,43,1570,3388,31082.77,3961,7.940741893,0.1279816288,19,75,82,702.3,91,7.731957364,0,1.027002804,9.17437131,1.169126,2.157962,8.56463415,1.109756,1.093333
2023-11-01,Costa,VAPORIZADORES,43,725,1441,14476.48,1759,8.376781004,0.1427005316,18,73,91,868.6,113,7.773298246,0,1.077635354,10.04613463,1.22068,1.987586,9.54505495,1.241758,1.246575
2023-11-01,Costa,VAPORIZADORES,41,1606,3737,33700.84,4302,7.870315482,0.1250498156,14,38,42,333.62,47,6.925,0,1.136507651,9.0181536,1.151191,2.326899,7.94333333,1.119048,1.105263
2023-11-01,Expansión - Centro,VAPORIZADORES,38,127,230,2041.11,274,7.527777218,0.1329755504,13,25,31,305.93,43,6.8775,0,1.094551395,8.8743913,1.191304,1.811024,9.86870968,1.387097,1.24
2023-11-01,Medellín,VAPORIZADORES,46,5659,12972,124247.37,16150,7.945010427,0.09607423129,24,274,320,2595.34,352,7.413876376,0,1.071640532,9.5781198,1.244989,2.292278,8.1104375,1.1,1.167883
2023-12-01,Bogotá,VAPORIZADORES,53,9120,19563,206578.69,27083,8.179709207,0.2154809265,20,139,149,1434.17,180,7.848984375,0.0009375,1.042136003,10.55966314,1.384399,2.145066,9.62530201,1.208054,1.071942
2023-12-01,Bogotá,VAPORIZADORES,39,170,320,3510.52,514,7.412681532,0.2123222847,14,34,42,350.55,45,7.788023256,0,0.9518052641,10.970375,1.60625,1.882353,8.34642857,1.071429,1.235294
2023-12-01,Cali y Bucaramanga,VAPORIZADORES,43,2136,4502,44614.12,5532,8.142371907,0.226047515,18,61,70,609.54,79,7.757711111,0.006,1.049584316,9.90984451,1.228787,2.107678,8.70771429,1.128571,1.147541
2023-12-01,Costa,VAPORIZADORES,43,1891,4302,41557.26,5253,7.984608756,0.2251085835,13,25,28,290.34,35,8.121935484,0,0.9830918716,9.65998605,1.22106,2.274987,10.36928571,1.25,1.12
2023-12-01,Costa,VAPORIZADORES,45,952,1856,19971.36,2354,8.643085811,0.2302786696,19,68,84,714.3,97,7.372747253,0.006593406593,1.172301927,10.76043103,1.268319,1.94958,8.50357143,1.154762,1.235294
2023-12-01,Expansión - Centro,VAPORIZADORES,35,122,214,2023.04,259,7.978304094,0.1137921192,11,22,25,216.85,27,8.108653846,0.005769230769,0.9839246125,9.45345794,1.21028,1.754098,8.674,1.08,1.136364
2023-12-01,Medellín,VAPORIZADORES,49,6114,14617,151912.24,19394,8.138900249,0.1902261915,24,255,294,2582.25,343,7.473823988,0.003271028037,1.088987413,10.39284669,1.326811,2.390743,8.78316327,1.166667,1.152941
2024-01-01,Bogotá,VAPORIZADORES,69,7312,15930,159665.11,20863,8.184499736,0.1411391644,21,180,200,1700.34,220,7.722836538,0,1.059778968,10.02291965,1.309667,2.178611,8.5017,1.1,1.111111
2024-01-01,Bogotá,VAPORIZADORES,40,150,308,3120.55,468,7.621676529,0.1276054555,14,28,31,284.32,34,8.323636364,0,0.9156666865,10.13165584,1.519481,2.053333,9.1716129,1.096774,1.107143
2024-01-01,Cali y Bucaramanga,VAPORIZADORES,55,1560,3373,31477.13,3958,8.033420393,0.1359930952,18,61,67,552.32,72,7.661617647,0,1.048527969,9.33208716,1.173436,2.162179,8.24358209,1.074627,1.098361
2024-01-01,Costa,VAPORIZADORES,46,1532,3548,32773.08,4129,8.017661391,0.1310656833,12,27,29,277.07,37,7.6040625,0,1.054391832,9.2370575,1.163754,2.315927,9.55413793,1.275862,1.074074
2024-01-01,Costa,VAPORIZADORES,52,779,1528,15476.69,1847,8.552768517,0.1220672714,18,65,80,729.46,90,8.043536585,0,1.063309457,10.12872382,1.20877,1.961489,9.11825,1.125,1.230769
2024-01-01,Expansión - Centro,VAPORIZADORES,33,133,220,1889.13,262,7.258636364,0.1773553719,14,27,33,262.61,34,7.77530303,0,0.9335502855,8.58695455,1.190909,1.654135,7.95787879,1.030303,1.222222
2024-01-01,Medellín,VAPORIZADORES,61,5476,13263,130930.16,16923,8.041456673,0.1225998935,21,182,209,1719.94,224,7.63912037,0,1.052667884,9.87183593,1.275956,2.422023,8.22937799,1.07177,1.148352
2024-02-01,Bogotá,VAPORIZADORES,52,201,424,4470.95,646,7.741028768,0.1837002296,9,18,20,137.29,21,6.56325,0,1.179450542,10.5446934,1.523585,2.109453,6.8645,1.05,1.111111
2024-02-01,Bogotá,VAPORIZADORES,76,7676,17000,172921.84,22679,8.175616893,0.1429415218,16,64,71,645.08,86,7.219495495,0,1.13243604,10.17187294,1.334059,2.214695,9.0856338,1.211268,1.109375
2024-02-01,Cali y Bucaramanga,VAPORIZADORES,57,1515,3484,32548.66,4153,7.927810389,0.114638217,10,18,20,160.18,20,8.009,0,0.9898627031,9.34232491,1.192021,2.29967,8.009,1,1.111111
2024-02-01,Costa,VAPORIZADORES,52,568,1198,12222.1,1473,8.442826722,0.1317427038,16,42,46,429.4,54,8.156021739,0,1.035164813,10.20208681,1.229549,2.109155,9.33478261,1.173913,1.095238
2024-02-01,Costa,VAPORIZADORES,57,1525,3390,32017.67,3951,8.210711907,0.100517404,8,13,13,112.03,15,7.412692308,0,1.107655838,9.44474041,1.165487,2.222951,8.61769231,1.153846,1
2024-02-01,Expansión - Centro,VAPORIZADORES,29,113,183,1793.73,219,8.243606965,0.1445771144,6,12,12,102.37,14,7.040384615,0,1.170902929,9.80180328,1.196721,1.619469,8.53083333,1.166667,1
2024-02-01,Medellín,VAPORIZADORES,64,5388,13152,132685.79,17239,8.035931013,0.1359050163,18,145,167,1195.25,187,6.390847953,0,1.25741233,10.08863975,1.310751,2.44098,7.15718563,1.11976,1.151724
2024-03-01,Bogotá,VAPORIZADORES,88,9458,19795,218124.69,27498,8.582935333,0.1823249035,7,50,59,390.23,69,5.654220339,0,1.517969732,11.01918111,1.389139,2.092937,6.6140678,1.169492,1.18
2024-03-01,Bogotá,VAPORIZADORES,56,218,421,4746.47,711,8.026394718,0.1770900779,4,10,12,84.34,22,4.417777778,0,1.816839851,11.27427553,1.688836,1.931193,7.02833333,1.833333,1.2
2024-03-01,Cali y Bucaramanga,VAPORIZADORES,66,2041,4244,43831.24,5236,8.584443471,0.1790917273,3,17,18,109.59,19,5.753611111,0,1.49200968,10.32781338,1.233742,2.079373,6.08833333,1.055556,1.058824
2024-03-01,Costa,VAPORIZADORES,63,1817,4117,40695.51,4965,8.466931277,0.1713296212,6,15,18,89.13,19,4.817777778,0,1.757434998,9.8847486,1.205975,2.265823,4.95166667,1.055556,1.2
2024-03-01,Costa,VAPORIZADORES,63,848,1648,17569.98,2084,8.745738196,0.1915247775,6,23,31,198.67,33,6.020107527,0,1.452754483,10.66139563,1.264563,1.943396,6.40870968,1.064516,1.347826
2024-03-01,Expansión -  Costa,VAPORIZADORES,32,79,114,1243.42,158,8.883373016,0.1504107682,5,12,14,99.99,32,3.934666667,0,2.257719336,10.90719298,1.385965,1.443038,7.14214286,2.285714,1.166667
2024-03-01,Expansión - Centro,VAPORIZADORES,41,129,222,2138.93,255,8.415007003,0.1512631179,3,4,4,28.07,7,5.21,0,1.615164492,9.63481982,1.148649,1.72093,7.0175,1.75,1
2024-03-01,Medellín,VAPORIZADORES,74,5858,13885,147296.33,18527,8.359928125,0.1619792094,7,73,97,711.88,173,4.977176871,0,1.679652611,10.60830609,1.334318,2.370263,7.33896907,1.783505,1.328767
2024-04-01,Bogotá,VAPORIZADORES,62,209,440,4855.63,691,8.244516354,0.1580535411,3,10,11,77.59,22,4.227272727,0,1.950315697,11.03552273,1.570455,2.105263,7.05363636,2,1.1
2024-04-01,Bogotá,VAPORIZADORES,87,9331,20568,212920.08,28823,8.269409052,0.1376406977,9,56,67,447.99,109,4.779328358,0,1.730245012,10.352007,1.401352,2.204265,6.68641791,1.626866,1.196429
2024-04-01,Cali y Bucaramanga,VAPORIZADORES,68,1797,3851,36726.49,4661,8.207565145,0.1298935264,6,22,24,180.27,41,5.051180555,0,1.624880571,9.53687094,1.210335,2.143016,7.51125,1.708333,1.090909
2024-04-01,Costa,VAPORIZADORES,70,753,1546,15892.76,1955,8.371195514,0.1429625848,4,16,21,143.29,23,6.239318182,0,1.341684343,10.27992238,1.264554,2.053121,6.82333333,1.095238,1.3125
2024-04-01,Costa,VAPORIZADORES,66,1651,3794,34895.06,4478,8.060402078,0.1342716076,3,9,17,121.71,41,3.757607843,0,2.145088688,9.19743279,1.180285,2.298001,7.15941176,2.411765,1.888889
2024-04-01,Expansión -  Costa,VAPORIZADORES,39,122,191,2286.4,255,9.576095238,0.1702210702,3,7,14,85.53,23,4.301785714,0,2.226074443,11.97068063,1.335079,1.565574,6.10928571,1.642857,2
2024-04-01,Expansión - Centro,VAPORIZADORES,50,111,192,1820.13,224,8.396173139,0.1212858534,2,3,3,16.87,4,4.82,0,1.741944635,9.47984375,1.166667,1.72973,5.62333333,1.333333,1
2024-04-01,Medellín,VAPORIZADORES,72,5226,12608,127494.69,16703,8.118925112,0.1172852224,6,74,84,608.56,179,4.301641176,0,1.887401756,10.11220574,1.324794,2.412553,7.2447619,2.130952,1.135135
2024-05-01,Bogotá,VAPORIZADORES,78,9162,20365,203737.79,27575,8.136705597,0.122550298,4,50,55,370.74,109,4.114909091,0,1.977371898,10.00431083,1.354039,2.222768,6.74072727,1.981818,1.1
2024-05-01,Bogotá,VAPORIZADORES,64,257,524,5293.43,780,7.775654783,0.1153535852,2,12,19,108.44,42,2.79,0,2.786973041,10.10196565,1.48855,2.038911,5.70736842,2.210526,1.583333
2024-05-01,Cali y Bucaramanga,VAPORIZADORES,65,1753,3717,34796.21,4550,7.95386652,0.1256471395,3,29,40,290.62,101,3.4097375,0,2.332691745,9.36136938,1.224105,2.120365,7.2655,2.525,1.37931
2024-05-01,Costa,VAPORIZADORES,66,741,1530,14832.15,1947,8.001212659,0.1328527763,2,8,9,63.84,19,4.415555556,0,1.812051181,9.69421569,1.272549,2.064777,7.09333333,2.111111,1.125
2024-05-01,Costa,VAPORIZADORES,66,1716,3920,35066.65,4600,7.843773743,0.1259821313,3,19,22,169.88,66,2.90225,0,2.702652681,8.94557398,1.173469,2.284382,7.72181818,3,1.157895
2024-05-01,Expansión -  Costa,VAPORIZADORES,42,116,207,1987.07,274,7.790569801,0.1022816296,3,12,14,87.94,25,4.387857143,0,1.77548392,9.59937198,1.323671,1.784483,6.28142857,1.785714,1.166667
2024-05-01,Expansión - Centro,VAPORIZADORES,47,130,190,1701.59,207,8.31517,0.1352810345,1,1,1,2.41,1,2.41,0,3.450278008,8.95573684,1.089474,1.461538,2.41,1,1
2024-05-01,Expansión - Centro,VAPORIZADORES,46,149,228,2084.16,253,8.287009181,0.173503858,2,7,8,34.93,10,3.76375,0,2.201795863,9.14105263,1.109649,1.530201,4.36625,1.25,1.142857
2024-05-01,Medellín,VAPORIZADORES,73,5266,12838,128175.85,17085,7.999248408,0.1066242623,6,78,138,1173.55,467,2.72332971,0,2.937304425,9.98409799,1.330815,2.437904,8.50398551,3.384058,1.769231
2024-06-01,Bogotá,VAPORIZADORES,59,231,459,4828.78,751,7.352862784,0.1274997769,2,8,12,61.45,24,2.710833333,0,2.712399429,10.52021786,1.636166,1.987013,5.12083333,2,1.5
2024-06-01,Bogotá,VAPORIZADORES,79,8549,17834,185307.85,25394,8.35757098,0.1546047191,3,41,43,275.85,83,4.089186047,0,2.04382263,10.39070595,1.423909,2.086092,6.41511628,1.930233,1.04878
2024-06-01,Cali y Bucaramanga,VAPORIZADORES,62,1607,3367,33003.97,4127,8.435255236,0.1585011082,2,15,32,214.48,80,2.74859375,0,3.068934882,9.80218889,1.22572,2.095208,6.7025,2.5,2.133333
2024-06-01,Costa,VAPORIZADORES,65,748,1438,15050.99,1889,8.54403062,0.16491111,4,15,26,132.51,41,3.706153846,0,2.305363181,10.46661335,1.31363,1.92246,5.09653846,1.576923,1.733333
2024-06-01,Costa,VAPORIZADORES,63,1596,3622,33452.84,4362,8.067508875,0.1434071227,2,6,6,32.53,9,3.614166667,0,2.232190604,9.23601325,1.204307,2.269424,5.42166667,1.5,1
2024-06-01,Expansión -  Costa,VAPORIZADORES,39,146,260,2622.64,331,8.434622302,0.1456574557,3,19,24,157.83,53,3.4694,0,2.43114726,10.08707692,1.273077,1.780822,6.57625,2.208333,1.263158
2024-06-01,Expansión - Centro,VAPORIZADORES,52,135,209,2077.41,248,8.543782609,0.1838114821,1,2,2,4.82,2,2.41,0,3.545138012,9.93976077,1.186603,1.548148,2.41,1,1
2024-06-01,Expansión - Centro,VAPORIZADORES,46,145,221,2095.22,246,8.521,0.1871398482,2,3,3,14.45,3,4.816666667,0,1.769065744,9.48063348,1.113122,1.524138,4.81666667,1,1
2024-06-01,Medellín,VAPORIZADORES,70,4867,11101,116505.95,14431,8.52941683,0.1468536375,3,49,64,503.59,176,3.558712121,0,2.396770669,10.49508603,1.299973,2.280871,7.86859375,2.75,1.306122
2024-07-01,Bogotá,VAPORIZADORES,56,240,493,5024.92,768,7.646886084,0.1589808713,2,11,18,93.98,36,2.811111111,0,2.720236156,10.1925355,1.557809,2.054167,5.22111111,2,1.636364
2024-07-01,Bogotá,VAPORIZADORES,77,8940,19038,203280.9,26330,8.7337329,0.2056855861,3,27,28,229.41,83,3.1741133,0,2.751550456,10.67763946,1.383023,2.12953,8.19321429,2.964286,1.037037
2024-07-01,Cali y Bucaramanga,VAPORIZADORES,61,1611,3552,35658.9,4353,8.68263416,0.2132076235,1,8,9,45.79,19,2.41,0,3.602752763,10.03910473,1.225507,2.204842,5.08777778,2.111111,1.125
2024-07-01,Costa,VAPORIZADORES,61,780,1542,15734.72,1861,8.784786879,0.2239106521,3,10,23,139.77,52,2.724057971,0.01304347826,3.224889842,10.20409857,1.206874,1.976923,6.07695652,2.26087,2.3
2024-07-01,Costa,VAPORIZADORES,60,1735,3902,36848.72,4598,8.345625539,0.1990291556,2,8,8,51.8,14,4.215625,0.0375,1.979688786,9.4435469,1.17837,2.248991,6.475,1.75,1
2024-07-01,Expansión -  Costa,VAPORIZADORES,47,163,270,2910.96,360,8.82635,0.2315602859,4,13,20,122.89,39,3.312916667,0,2.664223368,10.78133333,1.333333,1.656442,6.1445,1.95,1.538462
2024-07-01,Expansión - Centro,VAPORIZADORES,49,155,277,2776.62,322,8.778567352,0.2141012455,4,9,11,82.41,25,4.095909091,0,2.143252488,10.02389892,1.162455,1.787097,7.49181818,2.272727,1.222222
2024-07-01,Expansión - Centro,VAPORIZADORES,47,151,246,2577.11,317,8.880075472,0.2171327049,2,2,2,13.25,4,4.215,0,2.106779471,10.47605691,1.288618,1.629139,6.625,2,1
2024-07-01,Medellín,VAPORIZADORES,69,5199,12014,128637.75,15654,8.820254644,0.1908353239,4,16,17,137.07,31,5.199607843,0,1.696330745,10.70732063,1.30298,2.310829,8.06294118,1.823529,1.0625
2024-08-01,Bogotá,VAPORIZADORES,82,8022,16646,178618.28,22303,8.730088404,0.1682124321,10,42,47,416.94,95,5.215212766,0,1.673965914,10.7304025,1.339841,2.075044,8.87106383,2.021277,1.119048
2024-08-01,Bogotá,VAPORIZADORES,54,201,398,4537.61,621,8.090100548,0.1727083506,3,14,28,204.37,78,2.995696429,0,2.700574221,11.40103015,1.560302,1.9801,7.29892857,2.785714,2
2024-08-01,Cali y Bucaramanga,VAPORIZADORES,67,1529,3271,32000.9,4137,8.286758447,0.1775855361,8,29,32,186.57,50,4.412121212,0,1.878180142,9.78321614,1.264751,2.139307,5.8303125,1.5625,1.103448
2024-08-01,Costa,VAPORIZADORES,68,1605,3517,32857.56,4256,8.161012525,0.1684326382,4,10,17,193.04,31,6.238529412,0,1.308162868,9.34249645,1.210122,2.191277,11.35529412,1.823529,1.7
2024-08-01,Costa,VAPORIZADORES,65,713,1275,13202.32,1592,8.76053763,0.1765459924,9,19,22,189.41,44,6.199545455,0,1.41309354,10.35476078,1.248627,1.788219,8.60954545,2,1.157895
2024-08-01,Expansión -  Costa,VAPORIZADORES,42,143,209,2291.91,277,9.041309524,0.2257850985,13,39,46,325.52,53,6.327608696,0,1.428866727,10.96607656,1.325359,1.461538,7.07652174,1.152174,1.179487
2024-08-01,Expansión - Centro,VAPORIZADORES,45,134,204,1954.49,246,8.095591518,0.1690137047,9,19,25,128.23,32,4.4544,0,1.817437033,9.58083333,1.205882,1.522388,5.1292,1.28,1.315789
2024-08-01,Expansión - Centro,VAPORIZADORES,46,138,191,2053.46,234,9.391525203,0.2337619574,6,6,9,67.24,11,6.025555556,0,1.558615652,10.75109948,1.225131,1.384058,7.47111111,1.222222,1.5
2024-08-01,Medellín,VAPORIZADORES,72,4436,10332,112023.99,13697,8.750557372,0.1536425562,14,123,154,1203.37,307,4.70684472,0,1.859113247,10.84243031,1.325687,2.329125,7.81409091,1.993506,1.252033
2024-09-01,Bogotá,VAPORIZADORES,63,205,416,4412.68,599,8.174331473,0.1376236141,5,10,16,157.35,48,3.704864583,0,2.206377936,10.60740385,1.439904,2.029268,9.834375,3,1.6
2024-09-01,Bogotá,VAPORIZADORES,83,7394,16146,168354.11,21625,8.451524753,0.1164954661,20,70,77,695.46,146,5.890063291,0,1.434878428,10.42698563,1.339341,2.183662,9.03194805,1.896104,1.1
2024-09-01,Cali y Bucaramanga,VAPORIZADORES,64,1357,2953,28059.26,3700,8.059642565,0.1247422599,16,28,32,259.27,57,5.607474748,0,1.437303408,9.50195056,1.252963,2.176124,8.1021875,1.78125,1.142857
2024-09-01,Costa,VAPORIZADORES,65,1419,3227,29742.66,3933,7.97554265,0.1280580221,11,19,21,183.88,35,5.97936508,0,1.333844404,9.21681438,1.218779,2.274137,8.75619048,1.666667,1.105263
2024-09-01,Costa,VAPORIZADORES,61,662,1256,13235.15,1654,8.534094566,0.1581457394,13,30,35,263.61,57,5.899857143,0,1.44649173,10.53753981,1.316879,1.897281,7.53171429,1.628571,1.166667
2024-09-01,Expansión -  Costa,VAPORIZADORES,48,151,261,2520.07,333,8.221793939,0.2563984057,12,26,35,338.76,80,6.188257143,0,1.3286122,9.65544061,1.275862,1.728477,9.67885714,2.285714,1.346154
2024-09-01,Expansión - Centro,VAPORIZADORES,50,108,167,1857.06,184,10.15937143,0.1829635468,6,9,9,74.93,9,8.325555556,0,1.220263484,11.12011976,1.101796,1.546296,8.32555556,1,1
2024-09-01,Expansión - Centro,VAPORIZADORES,52,121,219,2216.14,294,8.188032787,0.2148728622,10,16,18,142.91,22,6.6755,0,1.2265797,10.11936073,1.342466,1.809917,7.93944444,1.222222,1.125
2024-09-01,Medellín,VAPORIZADORES,69,3848,9241,96350.23,12180,8.470998008,0.112955348,19,102,125,1055.23,222,6.146614583,0,1.37815669,10.42638567,1.318039,2.401507,8.44184,1.776,1.22549
2024-10-01,Bogotá,VAPORIZADORES,61,222,433,4995.6,562,9.133766088,0.2008244691,7,14,20,107.35,25,4.759,0,1.919261628,11.53718245,1.297921,1.95045,5.3675,1.25,1.428571
2024-10-01,Bogotá,VAPORIZADORES,88,8201,17971,197318.46,23976,8.89990085,0.1873887065,23,83,93,886.8,181,6.081437276,0,1.46345353,10.97982639,1.334149,2.191318,9.53548387,1.946237,1.120482
2024-10-01,Cali y Bucaramanga,VAPORIZADORES,68,1453,3091,31638.73,3826,8.79617594,0.1930897137,12,29,38,307.37,81,5.032105263,0,1.748011117,10.23575865,1.237787,2.127323,8.08868421,2.131579,1.310345
2024-10-01,Costa,VAPORIZADORES,61,717,1417,15631.78,1777,9.322893899,0.2144323143,9,21,29,264.45,78,4.798103448,0,1.943037285,11.03160198,1.254058,1.97629,9.11896552,2.689655,1.380952
2024-10-01,Costa,VAPORIZADORES,64,1662,3678,35661.4,4427,8.532550166,0.1938201502,4,7,9,72.18,11,6.574074074,0,1.297909039,9.69586732,1.203643,2.212996,8.02,1.222222,1.285714
2024-10-01,Expansión -  Costa,VAPORIZADORES,53,170,295,3133.71,357,9.16184771,0.2235277623,15,51,58,477.12,64,7.739576271,0,1.18376606,10.62274576,1.210169,1.735294,8.2262069,1.103448,1.137255
2024-10-01,Expansión - Centro,VAPORIZADORES,51,169,261,2969.3,282,10.42747549,0.2579676353,5,5,5,41.2,5,8.24,0,1.265470326,11.37662835,1.08046,1.544379,8.24,1,1
2024-10-01,Expansión - Centro,VAPORIZADORES,49,132,212,2296.88,249,9.307217454,0.2488863987,10,18,19,154.34,28,6.5,0,1.431879608,10.83433962,1.174528,1.606061,8.12315789,1.473684,1.055556
2024-10-01,Medellín,VAPORIZADORES,71,4213,10007,112521.26,13194,9.14233165,0.1874007734,17,93,116,979.08,203,6.239957983,0,1.465127117,11.24425502,1.318477,2.375267,8.44034483,1.75,1.247312
2024-11-01,Bogotá,VAPORIZADORES,94,8938,18191,204779.38,24803,8.844299425,0.1911005778,21,98,128,1236.79,310,5.196548872,0,1.701956364,11.25718102,1.363476,2.035243,9.66242188,2.421875,1.306122
2024-11-01,Bogotá,VAPORIZADORES,60,237,463,5534.49,699,8.689866667,0.185234355,11,13,24,224.18,35,7.85,0,1.106989384,11.95354212,1.509719,1.953586,9.34083333,1.458333,1.846154
2024-11-01,Cali y Bucaramanga,VAPORIZADORES,73,1579,3045,32627.76,4008,8.766425441,0.2051308645,14,36,44,319.55,74,5.436136364,0,1.612620592,10.71519212,1.316256,1.928436,7.2625,1.681818,1.222222
2024-11-01,Costa,VAPORIZADORES,73,735,1427,16725.96,1936,9.248845978,0.2045793886,17,49,61,522.38,112,5.859206349,0,1.578515148,11.72106517,1.356692,1.941497,8.56360656,1.836066,1.244898
2024-11-01,Costa,VAPORIZADORES,71,1713,3568,36799.59,4474,8.622773297,0.192155557,10,14,17,93.39,21,4.692647059,0,1.837507315,10.31378643,1.253924,2.082896,5.49352941,1.235294,1.214286
2024-11-01,Expansión -  Costa,VAPORIZADORES,53,200,314,3614.53,406,9.161012085,0.2628787331,17,64,73,623.94,81,7.773044445,0,1.17856165,11.51124204,1.292994,1.57,8.54712329,1.109589,1.140625
2024-11-01,Expansión - Centro,VAPORIZADORES,53,156,252,3144.49,307,10.34015375,0.2685037236,5,6,7,59.52,7,8.502857143,0,1.21607991,12.47813492,1.218254,1.615385,8.50285714,1,1.166667
2024-11-01,Expansión - Centro,VAPORIZADORES,55,139,225,2727.03,265,10.27071237,0.2623507598,10,18,19,143.04,28,6.209473684,0,1.654039116,12.12013333,1.177778,1.618705,7.52842105,1.473684,1.055556
2024-11-01,Medellín,VAPORIZADORES,83,4396,9525,110896.95,13124,8.989711672,0.1692251643,24,125,148,1296.03,285,5.888442222,0,1.526670609,11.64272441,1.377848,2.166742,8.75695946,1.925676,1.184
2024-12-01,Bogotá,VAPORIZADORES,62,244,436,5484.84,682,8.815575789,0.2606508643,12,17,18,124.94,26,5.466184211,0,1.612747659,12.57990826,1.56422,1.786885,6.94111111,1.444444,1.058824
2024-12-01,Bogotá,VAPORIZADORES,98,7970,15426,183394.57,22780,8.802540355,0.2577054739,29,153,172,1524.76,388,4.71082337,0,1.868577882,11.88866654,1.476728,1.935508,8.86488372,2.255814,1.124183
2024-12-01,Cali y Bucaramanga,VAPORIZADORES,76,1550,3001,34817.07,4312,8.892624207,0.294751768,15,41,46,342.89,94,4.594057971,0,1.935679581,11.60182273,1.436854,1.936129,7.45413043,2.043478,1.121951
2024-12-01,Costa,VAPORIZADORES,75,878,1517,19465.42,2236,9.445523076,0.3051107043,17,46,57,507.74,126,5.370212644,0,1.758873196,12.83152274,1.473962,1.72779,8.9077193,2.210526,1.23913
2024-12-01,Costa,VAPORIZADORES,79,1649,3317,34861.87,4456,8.362862846,0.2942751503,9,25,47,263.02,85,3.39177305,0,2.46563161,10.5100603,1.343383,2.011522,5.59617021,1.808511,1.88
2024-12-01,Expansión -  Costa,VAPORIZADORES,49,183,315,3501.87,432,8.633708333,0.2928699347,15,59,68,610.4,107,7.247205882,0,1.191315449,11.11704762,1.371429,1.721311,8.97647059,1.573529,1.152542
2024-12-01,Expansión - Centro,VAPORIZADORES,54,145,221,2651.37,275,9.547206086,0.329765129,11,16,19,120.74,20,6.177105263,0,1.545579309,11.99714932,1.244344,1.524138,6.35473684,1.052632,1.1875
2024-12-01,Expansión - Centro,VAPORIZADORES,49,175,269,3292.72,327,10.07940311,0.3524559773,3,5,5,33.98,5,6.796,0,1.483137598,12.2405948,1.215613,1.537143,6.796,1,1
2024-12-01,Medellín,VAPORIZADORES,89,4319,9154,109179.07,13607,8.733881821,0.2516759225,30,152,182,1592.54,338,5.802001727,0,1.505322169,11.92692484,1.486454,2.119472,8.75021978,1.857143,1.197368
2025-01-01,Bogotá,VAPORIZADORES,54,151,296,3157.47,440,8.198725269,0.1436823753,17,39,57,401.74,105,4.321997222,0,1.896976062,10.66712838,1.486486,1.960265,7.04807018,1.842105,1.461538
2025-01-01,Bogotá,VAPORIZADORES,93,6640,12751,144351.13,19004,8.826526095,0.1501733372,30,274,395,2676.88,755,3.769585829,0,2.341510843,11.32076935,1.490393,1.920331,6.77691139,1.911392,1.441606
2025-01-01,Cali y Bucaramanga,VAPORIZADORES,73,1173,2262,24818.23,3189,8.98573371,0.1600339974,21,51,67,404.13,112,3.943242009,0,2.278768001,10.97180813,1.409814,1.928389,6.03179104,1.671642,1.313725
2025-01-01,Costa,VAPORIZADORES,80,751,1346,15221.83,1819,9.482468985,0.1721992746,24,61,84,608.6,146,4.927494398,0,1.92439975,11.30893759,1.351412,1.792277,7.2452381,1.738095,1.377049
2025-01-01,Costa,VAPORIZADORES,74,1315,2612,27069.12,3205,9.061187438,0.1812895548,18,65,91,585.15,179,3.580340502,0,2.530817232,10.36336907,1.227029,1.986312,6.43021978,1.967033,1.4
2025-01-01,Expansión -  Costa,VAPORIZADORES,44,128,223,2476.63,320,8.969045584,0.1449658085,18,76,94,843.31,134,7.262585034,0,1.234965999,11.10596413,1.434978,1.742188,8.97138298,1.425532,1.236842
2025-01-01,Expansión - Centro,VAPORIZADORES,51,135,224,2310.92,249,9.487128427,0.237866355,14,24,29,188.77,44,4.942903226,0,1.919343348,10.31660714,1.111607,1.659259,6.50931034,1.517241,1.208333
2025-01-01,Expansión - Centro,VAPORIZADORES,49,112,164,2156.96,202,10.88206685,0.2188943779,5,5,5,38.31,7,4.987,0,2.182086797,13.15219512,1.231707,1.464286,7.662,1.4,1
2025-01-01,Medellín,VAPORIZADORES,88,3617,7685,86419.61,11063,8.945848667,0.1260943781,33,192,285,2153.6,551,4.59254288,0,1.947907488,11.24523227,1.439558,2.124689,7.55649123,1.933333,1.484375
2025-02-01,Bogotá,VAPORIZADORES,98,6897,13698,155455.39,21108,8.614645192,0.1698145423,33,340,492,3282.83,919,3.82834571,0,2.250226559,11.34876551,1.540955,1.986081,6.6724187,1.867886,1.447059
2025-02-01,Bogotá,VAPORIZADORES,60,155,280,2967.78,473,7.496909613,0.1573603917,15,29,58,339.79,92,3.903721264,0,1.920452078,10.59921429,1.689286,1.806452,5.85844828,1.586207,2
2025-02-01,Cali y Bucaramanga,VAPORIZADORES,77,1078,2130,23324.78,3168,8.503007127,0.1902290798,18,50,56,412.9,108,4.774005747,0,1.781105339,10.95060094,1.487324,1.975881,7.37321429,1.928571,1.12
2025-02-01,Costa,VAPORIZADORES,85,612,1094,12520.8,1562,8.920026605,0.1826050056,21,51,82,540.18,136,4.452969349,0,2.003163711,11.44497258,1.427788,1.787582,6.58756098,1.658537,1.607843
2025-02-01,Costa,VAPORIZADORES,77,1308,2664,27768.49,3598,8.62156947,0.1868721208,20,66,95,533.19,150,3.651587694,0,2.361046808,10.42360736,1.350601,2.036697,5.61252632,1.578947,1.439394
2025-02-01,Expansión -  Costa,VAPORIZADORES,54,149,237,2875.1,309,9.800809647,0.2339951192,24,67,80,750.19,106,7.659427711,0,1.279574665,12.13122363,1.303797,1.590604,9.377375,1.325,1.19403
2025-02-01,Expansión - Centro,VAPORIZADORES,54,140,228,2433.11,285,9.062754813,0.2404952311,10,16,17,123.14,26,5.643055556,0,1.606001345,10.67153509,1.25,1.628571,7.24352941,1.529412,1.0625
2025-02-01,Expansión - Centro,VAPORIZADORES,47,99,146,1957.59,177,11.35262055,0.2360354065,7,9,11,44.32,12,3.722272727,0,3.049916376,13.40815068,1.212329,1.474747,4.02909091,1.090909,1.222222
2025-02-01,Medellín,VAPORIZADORES,93,3792,8185,93668.59,12552,8.599152748,0.1705997589,32,189,286,2098.24,570,4.144039478,0,2.075065354,11.4439328,1.533537,2.158492,7.3365035,1.993007,1.513228
2023-10-01,Bogotá,CIGARRILLOS,39,14023,26270,144008.71,75591,1.89022918,0,30,2233,3664,28758.09,13525,2.679606482,0,0.705412975,5.48186943,2.877465,1.873351,7.84882369,3.691321,1.640842
2023-10-01,Bogotá,CIGARRILLOS,27,355,645,3337.36,2042,1.599965033,0,26,160,281,2145.06,906,3.280004813,0,0.4877935017,5.17420155,3.165891,1.816901,7.63366548,3.224199,1.75625
2023-10-01,Cali y Bucaramanga,CIGARRILLOS,32,994,1927,8523.64,4223,1.970597896,0,20,100,143,1030.97,427,2.724997143,0,0.7231559494,4.42326933,2.191489,1.938632,7.20958042,2.986014,1.43
2023-10-01,Costa,CIGARRILLOS,28,1133,2358,11184.53,6488,1.800438883,0,18,90,149,996.79,581,2.352329608,0,0.7653854618,4.74322731,2.751484,2.0812,6.68986577,3.899329,1.655556
2023-10-01,Costa,CIGARRILLOS,28,369,779,2998.15,1591,1.856243099,0,23,145,250,1460.83,588,2.835989673,0,0.6545309796,3.8487163,2.042362,2.111111,5.84332,2.352,1.724138
2023-10-01,Expansión - Centro,CIGARRILLOS,17,52,85,393.59,133,3.369601852,0,19,72,162,1410.01,505,3.800659352,0,0.8865834951,4.63047059,1.564706,1.634615,8.70376543,3.117284,2.25
2023-10-01,Medellín,CIGARRILLOS,35,4023,8272,33217.07,17147,1.926059843,0,27,529,735,5249.87,1536,4.094673439,0,0.4703817952,4.01560324,2.072897,2.056177,7.14268027,2.089796,1.389414
2023-11-01,Bogotá,CIGARRILLOS,37,23056,60367,339629.31,185459,1.842769402,0.001374482626,31,1911,3166,21656.22,8418,3.001217951,0.01003692336,0.6140071903,5.62607567,3.072192,2.618277,6.84024637,2.658876,1.656724
2023-11-01,Bogotá,CIGARRILLOS,31,540,1922,9249.67,5522,1.616334946,0.001656351558,21,107,165,887.07,470,1.962011233,0.002049180328,0.8238153377,4.81252341,2.873049,3.559259,5.37618182,2.848485,1.542056
2023-11-01,Cali y Bucaramanga,CIGARRILLOS,36,2081,6299,25168.45,12655,1.925167377,0.002915338497,21,151,228,1543.97,657,2.770730408,0.02037069165,0.6948230587,3.99562629,2.009049,3.02691,6.77179825,2.881579,1.509934
2023-11-01,Costa,CIGARRILLOS,31,2354,7288,36049.55,21744,1.785198609,0.001091875263,23,91,159,895.58,509,2.126479856,0.05447368421,0.8395088265,4.94642563,2.983535,3.096007,5.63257862,3.201258,1.747253
2023-11-01,Costa,CIGARRILLOS,30,870,2922,10794.36,5991,1.784314273,0.002655380334,25,141,276,1953.85,797,2.838413527,0.01008458569,0.6286308375,3.69416838,2.050308,3.358621,7.07916667,2.887681,1.957447
2023-11-01,Expansión - Centro,CIGARRILLOS,24,91,155,850.53,253,4.042351297,0.002395209581,22,71,182,1348.77,455,3.734170984,0.00389560545,1.082529781,5.48729032,1.632258,1.703297,7.41082418,2.5,2.56338
2023-11-01,Medellín,CIGARRILLOS,36,7136,22321,88793.01,45928,1.922016551,0.002028613604,30,798,1180,8215.99,2678,3.657245016,0.006754574206,0.5255367202,3.97800323,2.057614,3.127943,6.96270339,2.269492,1.478697
2023-12-01,Bogotá,CIGARRILLOS,36,23331,69917,292706.98,156784,1.841894946,0,32,1594,2601,20227.56,6546,3.907304681,0.002742933654,0.4713978296,4.18649227,2.24243,2.996743,7.77683968,2.516724,1.631744
2023-12-01,Bogotá,CIGARRILLOS,30,352,2169,8451.64,5658,1.548666108,0,24,135,242,1542.4,604,2.908970688,0,0.5323759756,3.89656063,2.608575,6.161932,6.37355372,2.495868,1.792593
2023-12-01,Cali y Bucaramanga,CIGARRILLOS,37,2617,7660,31078.43,15637,1.94372289,0,19,135,199,1269.78,491,3.045743237,0.002815524624,0.6381768714,4.05723629,2.041384,2.927016,6.38080402,2.467337,1.474074
2023-12-01,Costa,CIGARRILLOS,30,2209,8239,31688.67,17903,1.770322387,0.0008223330732,24,116,173,1278.69,540,3.317227617,0,0.5336752828,3.84617915,2.172958,3.729742,7.39127168,3.121387,1.491379
2023-12-01,Costa,CIGARRILLOS,32,999,3487,12530.49,6906,1.788625331,0,25,160,299,2068.84,747,3.33598642,0.0009571909572,0.536160855,3.59348724,1.980499,3.49049,6.91919732,2.498328,1.86875
2023-12-01,Expansión - Centro,CIGARRILLOS,28,114,194,1409.91,332,5.123091667,0,20,63,142,1058.1,352,4.649244932,0.003050778051,1.101919073,7.26757732,1.71134,1.701754,7.45140845,2.478873,2.253968
2023-12-01,Medellín,CIGARRILLOS,35,7675,24851,102359.91,52714,1.930706494,0,29,680,1024,7536.89,2154,4.097320647,0.00254289146,0.4712119603,4.11894531,2.121202,3.237915,7.36024414,2.103516,1.505882
2024-01-01,Bogotá,CIGARRILLOS,34,18243,54982,257774.91,134579,1.900811843,0,27,1458,2258,14744.37,5304,3.117520389,0,0.6097191376,4.68835091,2.447692,3.013868,6.52983614,2.348981,1.548697
2024-01-01,Bogotá,CIGARRILLOS,30,336,2022,8706.94,5455,1.661777816,0,22,82,151,933.48,410,2.698236434,0,0.6158755381,4.30610287,2.697824,6.017857,6.18198675,2.715232,1.841463
2024-01-01,Cali y Bucaramanga,CIGARRILLOS,34,2196,7046,28335.11,14187,1.963578185,0,21,151,220,1637.76,608,3.464300861,0,0.5668035958,4.02144621,2.013483,3.208561,7.44436364,2.763636,1.456954
2024-01-01,Costa,CIGARRILLOS,30,2005,7165,26957.24,14273,1.864354773,0,20,89,131,890.39,367,2.50068765,0,0.7455368418,3.76235031,1.992045,3.573566,6.79687023,2.801527,1.47191
2024-01-01,Costa,CIGARRILLOS,32,1010,2607,10791.68,5336,1.974632386,0,23,147,282,1687.22,751,2.653052596,0,0.7442869353,4.13950134,2.046797,2.581188,5.98304965,2.663121,1.918367
2024-01-01,Expansión - Centro,CIGARRILLOS,21,140,323,1400.05,665,2.055414895,0,18,70,123,697.71,254,3.011447173,0,0.6825339372,4.33452012,2.058824,2.307143,5.67243902,2.065041,1.757143
2024-01-01,Medellín,CIGARRILLOS,35,7513,25878,105335.8,53678,1.957031994,0,23,588,891,5468.11,1854,3.394427111,0,0.5765426477,4.07047685,2.074272,3.44443,6.13704826,2.080808,1.515306
2024-02-01,Bogotá,CIGARRILLOS,38,23122,65888,301079.27,157307,1.910332515,0,24,1929,2977,14569.54,7276,1.990563919,0,0.959694133,4.56956153,2.387491,2.84958,4.89403426,2.444071,1.543287
2024-02-01,Bogotá,CIGARRILLOS,34,550,1610,9128.69,5618,1.766372766,0,19,102,205,1469.17,818,1.96090252,0,0.9007958059,5.66999379,3.489441,2.927273,7.16668293,3.990244,2.009804
2024-02-01,Cali y Bucaramanga,CIGARRILLOS,37,2231,7114,26941.3,13635,1.965159325,0,17,147,227,1343.12,626,2.120953503,0,0.9265452174,3.78708181,1.916643,3.188705,5.91682819,2.757709,1.544218
2024-02-01,Costa,CIGARRILLOS,36,860,2337,9707.81,4791,1.985778814,0,21,184,311,1651.75,790,2.066090648,0,0.9611286012,4.15396234,2.050064,2.717442,5.31109325,2.540193,1.690217
2024-02-01,Costa,CIGARRILLOS,34,2002,6345,23892.57,12480,1.930557532,0.00005256555548,15,109,151,964.52,461,2.115343696,0,0.9126448507,3.76557447,1.966903,3.169331,6.38754967,3.05298,1.385321
2024-02-01,Expansión - Centro,CIGARRILLOS,22,171,460,1930.32,913,2.065638544,0,15,71,123,628.8,296,2.092357323,0,0.9872302981,4.19634783,1.984783,2.690058,5.11219512,2.406504,1.732394
2024-02-01,Medellín,CIGARRILLOS,38,7314,23450,95342.68,48414,1.971378244,0,24,775,1205,6056.37,2749,2.176382047,0,0.9058052316,4.06578593,2.064563,3.20618,5.0260332,2.281328,1.554839
2024-03-01,Bogotá,CIGARRILLOS,40,34984,102535,426123.62,232193,1.962574342,0,29,3646,6894,34116.99,14848,2.493637476,0,0.7870327428,4.15588453,2.264524,2.930911,4.9487946,2.153757,1.890839
2024-03-01,Bogotá,CIGARRILLOS,36,1250,3642,13990.51,7830,1.902063192,0,27,276,693,4562.2,2737,1.829041645,0,1.039923392,3.84143602,2.149918,2.9136,6.58326118,3.949495,2.51087
2024-03-01,Cali y Bucaramanga,CIGARRILLOS,38,2611,7848,30644.36,15109,2.002152408,0,24,205,304,2171.63,788,3.172629589,0,0.6310703319,3.90473496,1.925204,3.005745,7.14351974,2.592105,1.482927
2024-03-01,Costa,CIGARRILLOS,36,1039,2891,12199.55,5936,2.029028002,0,24,165,276,1598.5,715,2.230301325,0,0.9097550987,4.21983743,2.053269,2.782483,5.79166667,2.59058,1.672727
2024-03-01,Costa,CIGARRILLOS,34,2306,8042,33595.2,17696,1.953139251,0,24,114,160,994.43,392,2.969626263,0,0.6577054076,4.17746829,2.200448,3.487424,6.2151875,2.45,1.403509
2024-03-01,Expansión -  Costa,CIGARRILLOS,30,137,387,1917.24,871,2.264189357,0,22,185,424,2500.26,1014,2.590053598,0,0.8741862946,4.95410853,2.250646,2.824818,5.89683962,2.391509,2.291892
2024-03-01,Expansión - Centro,CIGARRILLOS,26,175,470,2032.03,994,2.054541991,0,17,71,154,1129.35,432,2.99561146,0,0.6858506245,4.32346809,2.114894,2.685714,7.33344156,2.805195,2.169014
2024-03-01,Medellín,CIGARRILLOS,38,7326,23228,95948.52,47803,1.999998754,0,29,960,1461,9478.63,3553,2.993211027,0,0.6681783328,4.13072671,2.05799,3.170625,6.48776865,2.431896,1.521875
2024-04-01,Bogotá,CIGARRILLOS,35,24256,72280,305094.52,150016,2.06337565,0,28,3071,6248,25745.51,12266,2.254693266,0,0.9151469428,4.22100885,2.075484,2.979881,4.12060019,1.963188,2.034516
2024-04-01,Bogotá,CIGARRILLOS,36,698,2054,10206.04,5228,2.160577971,0,23,159,330,1536.1,774,2.258366124,0,0.9566996015,4.96886076,2.545278,2.942693,4.65484848,2.345455,2.075472
2024-04-01,Cali y Bucaramanga,CIGARRILLOS,37,2429,7861,34612.21,16384,2.090155917,0,25,159,245,1470.15,671,2.271701521,0,0.9200838657,4.40302888,2.084213,3.236311,6.00061224,2.738776,1.540881
2024-04-01,Costa,CIGARRILLOS,34,1961,7216,30120.49,14804,2.057034777,0,22,103,163,1017.14,475,2.096614279,0,0.9811221822,4.17412555,2.051552,3.679755,6.2401227,2.91411,1.582524
2024-04-01,Costa,CIGARRILLOS,35,943,2744,12128.04,5668,2.116079074,0,24,155,253,1455.34,555,2.768840304,0,0.7642474254,4.41983965,2.065598,2.909862,5.75233202,2.193676,1.632258
2024-04-01,Expansión -  Costa,CIGARRILLOS,30,167,620,2936.72,1265,2.324742642,0,26,157,385,2202.39,896,2.495623591,0,0.9315277553,4.73664516,2.040323,3.712575,5.72049351,2.327273,2.452229
2024-04-01,Expansión - Centro,CIGARRILLOS,19,44,88,323.72,165,1.915026316,0,18,50,119,502.24,244,2.15733871,0,0.8876799489,3.67863636,1.875,2,4.2205042,2.05042,2.38
2024-04-01,Expansión - Centro,CIGARRILLOS,23,157,423,1736.34,823,2.083004649,0,20,74,169,1026.14,336,3.291303295,0,0.6328814037,4.1048227,1.945626,2.694268,6.07183432,1.988166,2.283784
2024-04-01,Medellín,CIGARRILLOS,39,7222,24367,105274.35,51191,2.057529464,0,28,810,1249,6588.88,2590,2.655400323,0,0.7748471844,4.32036566,2.100833,3.373996,5.27532426,2.073659,1.541975
2024-05-01,Bogotá,CIGARRILLOS,37,560,1459,13197.43,7683,1.895122089,0,23,187,251,1418.51,683,2.114177984,0,0.8963872029,9.04553119,5.265936,2.605357,5.65143426,2.721116,1.342246
2024-05-01,Bogotá,CIGARRILLOS,38,25582,62326,477530.34,234270,1.994230108,0,31,2263,3391,21163.58,8746,2.517422934,0,0.792171264,7.66181594,3.758784,2.436322,6.24110292,2.57918,1.498453
2024-05-01,Cali y Bucaramanga,CIGARRILLOS,41,2341,7322,30026.12,14464,2.049062556,0,25,303,523,3155.31,1364,2.300057932,0,0.8908743242,4.10080852,1.975417,3.127723,6.03309751,2.608031,1.726073
2024-05-01,Costa,CIGARRILLOS,37,912,2780,11808.13,5484,2.095676363,0,23,159,276,1551.68,676,2.259421202,0,0.927527971,4.24752878,1.972662,3.048246,5.62202899,2.449275,1.735849
2024-05-01,Costa,CIGARRILLOS,36,1969,7599,28908.72,14127,2.005012622,0,22,150,241,1456.9,625,2.424577075,0,0.8269535512,3.80427951,1.85906,3.859319,6.04522822,2.593361,1.606667
2024-05-01,Expansión -  Costa,CIGARRILLOS,29,162,607,2448.03,1139,2.147411238,0,25,183,427,2138.18,935,2.277855895,0,0.942733578,4.03299835,1.876442,3.746914,5.00744731,2.189696,2.333333
2024-05-01,Expansión - Centro,CIGARRILLOS,23,155,374,1281.14,634,2.017116841,0,21,75,206,977.78,428,2.467639661,0,0.8174276305,3.42550802,1.695187,2.412903,4.74650485,2.07767,2.746667
2024-05-01,Expansión - Centro,CIGARRILLOS,29,133,509,1511.39,864,1.803664605,0,16,37,98,458.62,220,1.964039216,0,0.9183444969,2.96933202,1.697446,3.827068,4.67979592,2.244898,2.648649
2024-05-01,Medellín,CIGARRILLOS,42,7293,24225,101155.4,49088,2.042505589,0,28,907,1521,8947.04,3725,2.473116807,0,0.8258831865,4.17566151,2.026336,3.321678,5.88234057,2.449047,1.676957
2024-06-01,Bogotá,CIGARRILLOS,41,20233,62803,249548.27,123441,2.012870963,0,30,1431,2090,12969.89,5096,2.708581711,0,0.7431457409,3.97350875,1.965527,3.103989,6.205689,2.438278,1.460517
2024-06-01,Bogotá,CIGARRILLOS,36,474,1479,8560.74,4900,1.865380187,0,22,89,129,732.98,335,2.505728133,0,0.7444463598,5.78819473,3.313049,3.120253,5.6820155,2.596899,1.449438
2024-06-01,Cali y Bucaramanga,CIGARRILLOS,41,2402,7865,33389.42,15778,2.073291128,0,24,159,249,1156.77,522,2.232321561,0,0.9287600691,4.24531723,2.006103,3.274355,4.64566265,2.096386,1.566038
2024-06-01,Costa,CIGARRILLOS,35,2048,7314,28609.62,13868,2.019172806,0,20,102,149,861.16,338,2.53597983,0,0.7962101203,3.91162428,1.89609,3.571289,5.77959732,2.268456,1.460784
2024-06-01,Costa,CIGARRILLOS,36,974,2847,12084.68,5597,2.096964897,0,26,149,272,1338.66,577,2.400841549,0,0.8734291095,4.24470671,1.965929,2.922998,4.92154412,2.121324,1.825503
2024-06-01,Expansión -  Costa,CIGARRILLOS,31,207,801,3274.59,1502,2.143212803,0,24,184,391,1865.54,805,2.276506245,0,0.9414482422,4.08812734,1.875156,3.869565,4.77120205,2.058824,2.125
2024-06-01,Expansión - Centro,CIGARRILLOS,26,195,487,1799.34,867,2.091238006,0,22,83,181,1153.4,389,3.071297368,0,0.6808972741,3.69474333,1.780287,2.497436,6.37237569,2.149171,2.180723
2024-06-01,Expansión - Centro,CIGARRILLOS,29,150,419,1613.62,863,1.839107724,0,21,40,61,332.25,153,2.485894977,0,0.7398171445,3.85112172,2.059666,2.793333,5.44672131,2.508197,1.525
2024-06-01,Medellín,CIGARRILLOS,39,7163,23553,97207.78,47124,2.040554019,0,28,797,1229,6443.14,2495,2.686649096,0,0.7595163884,4.12719314,2.000764,3.288147,5.24258747,2.030106,1.542033
2024-07-01,Bogotá,CIGARRILLOS,34,463,1628,9465.69,5488,1.784802531,0,21,92,140,1099.55,528,2.258184492,0,0.7903705554,5.8143059,3.371007,3.516199,7.85392857,3.771429,1.521739
2024-07-01,Bogotá,CIGARRILLOS,41,22455,64724,344376.97,170716,1.991578424,0,27,1452,2075,14683.48,5507,2.91911664,0,0.6822538011,5.32069974,2.6376,2.882387,7.0763759,2.653976,1.429063
2024-07-01,Cali y Bucaramanga,CIGARRILLOS,40,2286,7949,34732.11,16391,2.079536169,0,23,133,227,1417.97,611,2.291912602,0,0.9073365917,4.36936847,2.06202,3.477253,6.24656388,2.69163,1.706767
2024-07-01,Costa,CIGARRILLOS,34,914,2829,11812.87,5531,2.080390042,0,27,154,285,1465.93,592,2.585633554,0,0.8045958557,4.1756345,1.955108,3.095186,5.14361404,2.077193,1.850649
2024-07-01,Costa,CIGARRILLOS,35,1923,7572,30806.62,14943,2.011400415,0,21,84,131,897.96,327,3.118228873,0,0.6450457926,4.06849181,1.973455,3.937598,6.85465649,2.496183,1.559524
2024-07-01,Expansión -  Costa,CIGARRILLOS,30,223,999,4049.24,1920,2.052401707,0,24,184,376,1965.08,809,2.478249377,0,0.8281659331,4.05329329,1.921922,4.479821,5.2262766,2.151596,2.043478
2024-07-01,Expansión - Centro,CIGARRILLOS,30,143,515,1829.35,1014,1.727700499,0,18,30,51,243.6,110,2.339547619,0,0.7384763126,3.55213592,1.968932,3.601399,4.77647059,2.156863,1.7
2024-07-01,Expansión - Centro,CIGARRILLOS,26,166,484,2013.46,933,2.143061622,0,19,72,161,794.26,332,2.407492157,0,0.8901634906,4.16004132,1.927686,2.915663,4.93329193,2.062112,2.236111
2024-07-01,Medellín,CIGARRILLOS,42,7002,24597,106153.65,51583,2.050766011,0,29,875,1470,8050.42,3149,2.765177842,0.0001915708812,0.741639825,4.31571533,2.097126,3.512853,5.47647619,2.142177,1.68
2024-08-01,Bogotá,CIGARRILLOS,38,20172,68289,310866.15,149781,2.056318453,0,28,1120,1583,8433.98,3476,2.555720637,0,0.8045943768,4.55221412,2.19334,3.385336,5.32784586,2.195831,1.413393
2024-08-01,Bogotá,CIGARRILLOS,35,465,1762,9572.06,5361,1.875893353,0,22,79,147,675.46,299,2.169109407,0,0.864821916,5.43249716,3.042565,3.789247,4.59496599,2.034014,1.860759
2024-08-01,Cali y Bucaramanga,CIGARRILLOS,37,2327,8031,34927.04,16124,2.131097405,0,23,133,239,1303.94,612,2.149930348,0,0.9912402078,4.34902752,2.00772,3.451225,5.4558159,2.560669,1.796992
2024-08-01,Costa,CIGARRILLOS,34,954,2960,13112.46,5942,2.156539304,0,26,149,253,1218.9,537,2.278974748,0,0.9462760857,4.42988514,2.007432,3.102725,4.81778656,2.12253,1.697987
2024-08-01,Costa,CIGARRILLOS,35,2121,8174,33389.93,16388,2.013088525,0,20,86,119,641.78,291,2.231005168,0,0.9023235595,4.08489479,2.004894,3.853843,5.39310924,2.445378,1.383721
2024-08-01,Expansión -  Costa,CIGARRILLOS,30,224,1013,4377.19,2244,1.93371333,0,23,157,337,1525.07,684,2.212523277,0,0.8739855304,4.32101678,2.215202,4.522321,4.52543027,2.029674,2.146497
2024-08-01,Expansión - Centro,CIGARRILLOS,26,194,544,2349.5,1089,2.138702932,0,19,84,175,805.32,339,2.348199074,0,0.910784335,4.31893382,2.001838,2.804124,4.60182857,1.937143,2.083333
2024-08-01,Expansión - Centro,CIGARRILLOS,24,133,410,1752.32,902,1.910405962,0,16,31,36,167.18,83,1.912807018,0,0.9987447477,4.27395122,2.2,3.082707,4.64388889,2.305556,1.16129
2024-08-01,Medellín,CIGARRILLOS,38,7032,24513,104842.63,49245,2.121972822,0,27,825,1343,6686.4,2775,2.390493056,0,0.8876716113,4.27702158,2.008934,3.485922,4.97870439,2.06627,1.627879
2024-09-01,Bogotá,CIGARRILLOS,38,18389,65499,274340.39,131565,2.085149638,0,30,1025,1559,9691.29,3793,2.873944659,0,0.7255357654,4.18846685,2.008657,3.561858,6.21635022,2.43297,1.520976
2024-09-01,Bogotá,CIGARRILLOS,31,424,1720,9992.14,5787,1.83420375,0,21,70,119,758.28,345,2.195096321,0,0.8355914648,5.80938372,3.364535,4.056604,6.37210084,2.89916,1.7
2024-09-01,Cali y Bucaramanga,CIGARRILLOS,39,2220,7607,31200.71,14614,2.096511611,0,26,160,298,1522.56,698,2.125396657,0,0.9864095741,4.10157881,1.921125,3.426577,5.10926174,2.342282,1.8625
2024-09-01,Costa,CIGARRILLOS,35,2066,7365,30099.37,14549,2.060644949,0,19,79,98,554.73,250,2.242375375,0,0.9189562869,4.08681195,1.975424,3.56486,5.6605102,2.55102,1.240506
2024-09-01,Costa,CIGARRILLOS,34,892,2860,12040.05,5526,2.137007319,0,25,119,219,1246.94,481,2.859640086,0,0.7472993994,4.20980769,1.932168,3.206278,5.69378995,2.196347,1.840336
2024-09-01,Expansión -  Costa,CIGARRILLOS,30,236,1301,5586.12,3159,1.827569899,0,26,158,284,1240.37,576,2.097295527,0,0.8713935995,4.29371253,2.428132,5.512712,4.3675,2.028169,1.797468
2024-09-01,Expansión - Centro,CIGARRILLOS,26,134,452,1714.12,852,1.959669349,0,17,26,44,155.94,79,1.926073333,0,1.01744275,3.79230088,1.884956,3.373134,3.54409091,1.795455,1.692308
2024-09-01,Expansión - Centro,CIGARRILLOS,26,172,522,2228.65,1013,2.150921818,0,17,69,152,608.62,274,2.205143606,0,0.9754112215,4.26944444,1.940613,3.034884,4.00407895,1.802632,2.202899
2024-09-01,Medellín,CIGARRILLOS,37,6820,23425,101268.6,47392,2.136856874,0,28,711,1084,5054.66,2143,2.349920425,0,0.909331589,4.32309925,2.023138,3.434751,4.66297048,1.976937,1.524613
2024-10-01,Bogotá,CIGARRILLOS,42,19576,71428,362298.95,170955,2.107830161,0,33,1152,2091,14587.61,6010,2.513942392,0,0.8384560313,5.07222588,2.393389,3.648754,6.97637972,2.874223,1.815104
2024-10-01,Bogotá,CIGARRILLOS,34,427,1981,10279.28,5832,1.793591422,0,22,62,125,741.73,351,2.261955257,0,0.792938506,5.18893488,2.943968,4.639344,5.93384,2.808,2.016129
2024-10-01,Cali y Bucaramanga,CIGARRILLOS,43,2235,7568,31161.03,14529,2.117777778,0,27,211,328,1814.07,796,2.18899408,0,0.9674661971,4.11747225,1.919794,3.38613,5.53070122,2.426829,1.554502
2024-10-01,Costa,CIGARRILLOS,36,991,3344,13335.07,6100,2.139300188,0,27,147,249,1148.26,504,2.293591315,0,0.9327294597,3.98776017,1.824163,3.374369,4.61148594,2.024096,1.693878
2024-10-01,Costa,CIGARRILLOS,37,2044,7577,29520.98,13881,2.103934603,0,19,81,108,559.79,233,2.341660819,0,0.8984796543,3.89613039,1.831992,3.706947,5.18324074,2.157407,1.333333
2024-10-01,Expansión -  Costa,CIGARRILLOS,32,250,1144,6784.45,3544,2.087100169,0,27,141,254,1153.79,500,2.287636364,0,0.9123391296,5.93046329,3.097902,4.576,4.54248031,1.968504,1.801418
2024-10-01,Expansión - Centro,CIGARRILLOS,25,172,403,1714.65,746,2.259314968,0,19,67,131,834.19,248,3.743775362,0,0.6034857195,4.25471464,1.851117,2.343023,6.3678626,1.89313,1.955224
2024-10-01,Expansión - Centro,CIGARRILLOS,29,172,922,3133.66,1726,1.778090866,0,13,19,28,101.61,49,2.01515,0,0.8823615444,3.39876356,1.872017,5.360465,3.62892857,1.75,1.473684
2024-10-01,Medellín,CIGARRILLOS,40,6930,24522,106252.99,49143,2.172525855,0,30,690,1092,5906.23,2264,2.710409805,0,0.8015488472,4.33296591,2.004037,3.538528,5.40863553,2.07326,1.582609
2024-11-01,Bogotá,CIGARRILLOS,33,440,1914,8872.04,4875,1.824391958,0,21,60,115,806.33,296,3.064194444,0,0.5953904006,4.6353396,2.547022,4.35,7.01156522,2.573913,1.916667
2024-11-01,Bogotá,CIGARRILLOS,44,19847,68105,334285.94,155321,2.126868878,0,33,1104,1728,12417.81,4858,2.76876313,0,0.7681657039,4.90839057,2.280611,3.431501,7.18623264,2.811343,1.565217
2024-11-01,Cali y Bucaramanga,CIGARRILLOS,44,2219,7335,31394.88,14311,2.155760585,0,26,176,276,1395.14,613,2.237901361,0,0.9632956229,4.28014724,1.951057,3.305543,5.05485507,2.221014,1.568182
2024-11-01,Costa,CIGARRILLOS,37,944,2979,12660.83,5655,2.198115733,0,23,157,275,1517.3,584,2.797784483,0,0.7856629938,4.25002685,1.898288,3.15572,5.51745455,2.123636,1.751592
2024-11-01,Costa,CIGARRILLOS,39,2089,7644,32176.73,14894,2.124518943,0,20,82,111,593.45,244,2.370322222,0,0.8962996352,4.20940999,1.948456,3.659167,5.3463964,2.198198,1.353659
2024-11-01,Expansión -  Costa,CIGARRILLOS,31,249,1671,7046.11,3952,1.871985956,0,26,193,326,1527.24,630,2.446464355,0,0.7651801478,4.21670257,2.365051,6.710843,4.68478528,1.932515,1.689119
2024-11-01,Expansión - Centro,CIGARRILLOS,34,171,513,2367.3,1131,2.153058337,0,11,19,53,179.56,101,1.797547619,0,1.19777541,4.61461988,2.204678,3,3.38792453,1.90566,2.789474
2024-11-01,Expansión - Centro,CIGARRILLOS,26,170,433,1980.2,876,2.264336213,0,20,77,150,943.52,292,3.671486869,0,0.6167354791,4.57321016,2.023095,2.547059,6.29013333,1.946667,1.948052
2024-11-01,Medellín,CIGARRILLOS,42,7165,23503,106376.91,48666,2.183407089,0,32,714,1129,6709.73,2628,2.751829336,0,0.7934384083,4.52609922,2.070629,3.280251,5.94307352,2.327724,1.581232
2024-12-01,Bogotá,CIGARRILLOS,44,19055,60479,278149.88,127762,2.151370224,0,38,1121,1714,11369.32,4199,2.960890895,0,0.7265955755,4.59911506,2.112502,3.173918,6.63320887,2.449825,1.528992
2024-12-01,Bogotá,CIGARRILLOS,30,435,1894,8359.99,4541,1.860168741,0,23,75,128,766.52,304,2.646819149,0,0.7027940468,4.41393347,2.397571,4.354023,5.9884375,2.375,1.706667
2024-12-01,Cali y Bucaramanga,CIGARRILLOS,42,2122,6641,30605.48,13553,2.221392926,0,29,224,361,1970.36,882,2.196332476,0,1.011410135,4.60856498,2.040807,3.129595,5.45806094,2.443213,1.611607
2024-12-01,Costa,CIGARRILLOS,38,2178,7502,32120.26,15065,2.139048624,0,25,144,204,1239.91,507,2.4765625,0,0.8637167945,4.28155958,2.008131,3.444444,6.0779902,2.485294,1.416667
2024-12-01,Costa,CIGARRILLOS,36,1005,3251,14515.78,6495,2.229769331,0,29,151,246,1518.24,585,2.796497446,0,0.7973435966,4.46501999,1.997847,3.234826,6.17170732,2.378049,1.629139
2024-12-01,Expansión -  Costa,CIGARRILLOS,31,290,1885,5669.85,3215,1.79122872,0,29,205,430,2412.3,1020,2.387202586,0,0.7503463386,3.00787798,1.70557,6.5,5.61,2.372093,2.097561
2024-12-01,Expansión - Centro,CIGARRILLOS,27,193,515,2137.56,963,2.188902355,0,20,85,178,1072.61,344,3.288814815,0,0.6655596249,4.15060194,1.869903,2.668394,6.02589888,1.932584,2.094118
2024-12-01,Expansión - Centro,CIGARRILLOS,32,190,579,2661.23,1315,2.101061949,0,18,34,44,176.22,77,2.321,0,0.9052399609,4.59625216,2.271157,3.047368,4.005,1.75,1.294118
2024-12-01,Medellín,CIGARRILLOS,42,6992,23214,105765.88,48007,2.19230134,0,36,582,916,5831.21,2189,2.852236344,0,0.7686254138,4.55612475,2.068019,3.32008,6.36594978,2.389738,1.573883
2025-01-01,Bogotá,CIGARRILLOS,33,329,1166,5946.44,2790,2.08669077,0,23,67,128,768.08,314,2.476856643,0,0.8424753915,5.09986278,2.392796,3.544073,6.000625,2.453125,1.910448
2025-01-01,Bogotá,CIGARRILLOS,43,16623,52631,265329.97,122280,2.139249698,0,34,888,1304,8054.65,3153,2.774894946,0,0.7709299773,5.04132488,2.323346,3.166155,6.17687883,2.417945,1.468468
2025-01-01,Cali y Bucaramanga,CIGARRILLOS,42,1866,6314,30181.7,13557,2.19221718,0,26,205,323,1891.02,847,2.204679029,0,0.9943475449,4.78012354,2.147133,3.383708,5.85455108,2.622291,1.57561
2025-01-01,Costa,CIGARRILLOS,38,1058,3280,16748.21,7332,2.227451364,0,28,141,213,1279.14,446,2.781280664,0,0.8008725595,5.10616159,2.235366,3.100189,6.00535211,2.093897,1.510638
2025-01-01,Costa,CIGARRILLOS,39,1917,6451,26879.31,12304,2.168890197,0,26,143,199,1393.91,567,2.463721212,0,0.8803310157,4.16668889,1.907301,3.365154,7.00457286,2.849246,1.391608
2025-01-01,Expansión -  Costa,CIGARRILLOS,33,270,1010,3915.89,1848,2.169685252,0,28,165,380,2315.95,894,2.865284687,0,0.7572319994,3.87711881,1.829703,3.740741,6.09460526,2.352632,2.30303
2025-01-01,Expansión - Centro,CIGARRILLOS,32,199,781,3372.95,1741,1.921123066,0,15,32,40,157.21,84,1.663069767,0,1.155166851,4.318758,2.229193,3.924623,3.93025,2.1,1.25
2025-01-01,Expansión - Centro,CIGARRILLOS,26,198,566,2446.97,1081,2.27403047,0,20,70,163,1055.31,304,3.770547619,0,0.6031035012,4.32326855,1.909894,2.858586,6.47429448,1.865031,2.328571
2025-01-01,Medellín,CIGARRILLOS,41,6391,22650,112738.49,50959,2.183367203,0,35,571,937,5415.47,2217,2.484101149,0,0.8789365134,4.97741678,2.249845,3.544046,5.77958378,2.366062,1.640981
2025-02-01,Bogotá,CIGARRILLOS,31,291,931,5180.58,2242,2.288965909,0,17,55,91,542.4,212,2.638609966,0,0.8674892988,5.56453276,2.408163,3.199313,5.96043956,2.32967,1.654545
2025-02-01,Bogotá,CIGARRILLOS,43,16481,53128,286200.13,127815,2.208938983,0,35,889,1233,6986.81,2556,3.044757914,0,0.7254892,5.38699236,2.405794,3.223591,5.66651257,2.072993,1.386952
2025-02-01,Cali y Bucaramanga,CIGARRILLOS,39,1786,6142,29570.47,13019,2.23542978,0,29,165,283,1400.47,625,2.330189701,0,0.9593338171,4.81446923,2.119668,3.43897,4.94865724,2.208481,1.715152
2025-02-01,Costa,CIGARRILLOS,36,1895,6567,29600.14,13209,2.22054995,0,25,92,122,803.26,276,2.996505291,0,0.741046564,4.50740673,2.011421,3.465435,6.58409836,2.262295,1.326087
2025-02-01,Costa,CIGARRILLOS,37,888,2743,14263.16,6165,2.292950167,0,26,130,194,1121.7,465,2.427758814,0,0.9444719769,5.19983959,2.247539,3.088964,5.78195876,2.396907,1.492308
2025-02-01,Expansión -  Costa,CIGARRILLOS,26,221,757,3859.7,1665,2.295903321,0,25,141,281,1803.02,690,2.944484075,0,0.7797302558,5.098679,2.199472,3.425339,6.41644128,2.455516,1.992908
2025-02-01,Expansión - Centro,CIGARRILLOS,31,170,602,2792.63,1293,2.142113086,0,18,28,41,160.29,74,2.490903704,0,0.8599742666,4.63892027,2.147841,3.541176,3.9095122,1.804878,1.464286
2025-02-01,Expansión - Centro,CIGARRILLOS,23,167,535,2728.21,1155,2.320425327,0,20,61,137,902.41,275,3.590292245,0,0.6463054169,5.09945794,2.158879,3.203593,6.58693431,2.007299,2.245902
2025-02-01,Medellín,CIGARRILLOS,40,6270,22149,112781.82,49593,2.256332018,0,39,499,767,4181.82,1716,2.663385828,0,0.8471667883,5.09195991,2.239063,3.532536,5.45217731,2.237288,1.537074
2022-01-01,Bogotá,FARMA,50,244,278,1097.92,428,2.841893939,0.1038844796,26,53,54,189.43,76,2.586699405,0,1.098656432,3.94935252,1.539568,1.139344,3.50796296,1.407407,1.018868
2022-01-01,Bogotá,FARMA,70,7441,8535,33317.78,12905,2.843720835,0.03678866045,56,2265,2476,9051.87,3814,2.639304398,0.0008005164569,1.077450876,3.90366491,1.512009,1.147023,3.6558441,1.540388,1.093157
2022-01-01,Cali y Bucaramanga,FARMA,50,492,576,2427.37,914,3.043866745,0.05875836357,35,171,177,671.48,237,3.102001745,0,0.9812588756,4.21418403,1.586806,1.170732,3.79367232,1.338983,1.035088
2022-01-01,Costa,FARMA,40,361,401,1587.36,511,3.266332207,0.05964133728,35,211,234,779.32,345,2.534619333,0,1.288687482,3.95850374,1.274314,1.110803,3.33042735,1.474359,1.109005
2022-01-01,Costa,FARMA,39,568,618,2785.55,835,3.560409733,0.02678947855,27,123,127,435.96,171,2.751343358,0,1.294062307,4.50736246,1.351133,1.088028,3.43275591,1.346457,1.03252
2022-01-01,Medellín,FARMA,46,2400,2698,11153.99,3556,3.341715161,0.02795398219,41,712,770,2768.58,1165,2.629968469,0.001764729898,1.270629364,4.13416976,1.318013,1.124167,3.59555844,1.512987,1.081461
2022-02-01,Bogotá,FARMA,68,5474,6234,23943.24,9477,2.827282165,0.04662317213,54,1937,2097,8207.27,3218,2.825949322,0.0003027005878,1.000471644,3.84075072,1.520212,1.138838,3.91381497,1.534573,1.082602
2022-02-01,Bogotá,FARMA,38,118,131,453.86,178,2.773761905,0.03261625296,22,33,35,128.56,54,2.651089744,0,1.046272353,3.46458015,1.358779,1.110169,3.67314286,1.542857,1.060606
2022-02-01,Cali y Bucaramanga,FARMA,43,511,589,2201.79,827,2.923909314,0.04542939492,31,90,94,334.29,135,2.73030303,0.002014005081,1.070910181,3.73818336,1.404075,1.152642,3.5562766,1.43617,1.044444
2022-02-01,Costa,FARMA,33,707,790,3185.92,1082,3.328874152,0.05417084645,21,58,58,233.12,83,3.11973545,0,1.067037319,4.03281013,1.36962,1.117397,4.01931034,1.431034,1
2022-02-01,Costa,FARMA,38,252,279,1216.48,380,3.454519459,0.02176220653,22,97,108,436.47,165,3.003429204,0.002212389381,1.150191739,4.36014337,1.362007,1.107143,4.04138889,1.527778,1.113402
2022-02-01,Medellín,FARMA,46,2100,2324,8706.28,3173,2.975980586,0.04115013502,38,551,584,2254.74,983,2.547775839,0.01178596857,1.168070024,3.74624785,1.365318,1.106667,3.86085616,1.683219,1.059891
2022-03-01,Bogotá,FARMA,40,101,111,466.69,147,3.539061625,0.006297397008,16,38,39,144.13,60,2.85047619,0.01785714286,1.241568562,4.20441441,1.324324,1.09901,3.69564103,1.538462,1.026316
2022-03-01,Bogotá,FARMA,72,6092,6801,28415.74,9353,3.271709298,0.02174066323,58,2211,2406,9163.95,3866,2.687761764,0.007394990044,1.217261642,4.17817086,1.375239,1.116382,3.80879052,1.606816,1.088195
2022-03-01,Cali y Bucaramanga,FARMA,52,680,802,3093.95,1125,2.975845238,0.02160420737,32,109,111,378.67,158,2.499032258,0.01497292894,1.19079905,3.85779302,1.402743,1.179412,3.41144144,1.423423,1.018349
2022-03-01,Costa,FARMA,42,381,418,1790.58,619,3.20276085,0.01623290216,30,163,189,910.5,393,2.781270646,0.01418918919,1.151545915,4.28368421,1.480861,1.097113,4.81746032,2.079365,1.159509
2022-03-01,Costa,FARMA,40,656,731,2996.85,1047,3.299606015,0.03385597623,26,108,110,432.56,151,3.203055085,0.002542372881,1.030143387,4.099658,1.432285,1.114329,3.93236364,1.372727,1.018519
2022-03-01,Medellín,FARMA,48,2870,3314,12244.62,4538,2.931680733,0.02133477372,39,630,676,2570.42,1080,2.696426394,0.008977082574,1.087246712,3.69481593,1.369342,1.154704,3.80239645,1.597633,1.073016
2022-04-01,Bogotá,FARMA,75,5844,6562,26626.39,9400,3.154662192,0.01385954345,58,2033,2181,9123.74,3432,3.003002865,0.006443074104,1.050502558,4.05766382,1.43249,1.122861,4.1832829,1.57359,1.072799
2022-04-01,Bogotá,FARMA,31,95,107,389.53,140,2.940847953,0.009184451398,14,45,45,165.13,82,2.28653,0,1.286161981,3.64046729,1.308411,1.126316,3.66955556,1.822222,1
2022-04-01,Cali y Bucaramanga,FARMA,48,705,829,3529.7,1236,3.22238895,0.01741054018,31,114,118,479.61,157,3.221028226,0.006456749538,1.00042245,4.25778046,1.490953,1.175887,4.06449153,1.330508,1.035088
2022-04-01,Costa,FARMA,35,701,772,3269.77,1079,3.369433856,0.0174267303,21,73,73,310.56,94,3.289758772,0.0125,1.024219127,4.23545337,1.397668,1.101284,4.25424658,1.287671,1
2022-04-01,Costa,FARMA,40,371,406,2094.08,610,3.828480072,0.01119039553,27,176,199,864.54,359,2.772710961,0.009251099955,1.380771428,5.15783251,1.502463,1.09434,4.34442211,1.80402,1.130682
2022-04-01,Medellín,FARMA,50,3592,4264,17314.36,6332,2.933090501,0.01591720295,42,581,634,2604.07,1031,2.803045876,0.008095796623,1.046394041,4.06059099,1.484991,1.187082,4.10736593,1.626183,1.091222
2022-05-01,Bogotá,FARMA,81,8018,9284,37932.23,14051,2.97886702,0.03094873186,57,2373,2592,11272.75,4050,3.118711671,0.008343159416,0.9551594809,4.08576368,1.513464,1.157895,4.34905478,1.5625,1.092288
2022-05-01,Bogotá,FARMA,37,146,167,667.76,252,2.896758772,0.04565306735,24,54,60,260.16,94,3.18798718,0,0.9086481873,3.99856287,1.508982,1.143836,4.336,1.566667,1.111111
2022-05-01,Cali y Bucaramanga,FARMA,44,1003,1163,4903.66,1656,3.252633772,0.03150190374,30,118,126,504.6,173,3.197186274,0.005902076,1.017342592,4.21638865,1.423904,1.159521,4.0047619,1.373016,1.067797
2022-05-01,Costa,FARMA,35,1109,1280,5360.11,1791,3.354777982,0.026605745,24,101,104,438.59,130,3.510249221,0.00515271278,0.9557093444,4.18758594,1.399219,1.154193,4.21721154,1.25,1.029703
2022-05-01,Costa,FARMA,29,402,452,2070.03,671,3.490842017,0.03096632518,26,139,161,695.83,245,3.20674138,0.006604404336,1.088594808,4.57971239,1.484513,1.124378,4.32192547,1.521739,1.158273
2022-05-01,Medellín,FARMA,64,5151,6331,26989.01,10595,2.810788591,0.0421051291,44,727,789,3243.47,1195,2.942527347,0.008437960277,0.9552293861,4.26299321,1.673511,1.229082,4.11086185,1.514575,1.085282
2022-06-01,Bogotá,FARMA,392,10141,12431,68701.9,20051,3.934685244,0.01434984687,79,2341,2567,11695.34,3812,3.393340069,0.004676263749,1.15953166,5.52665916,1.612984,1.225816,4.55603428,1.485002,1.09654
2022-06-01,Bogotá,FARMA,36,123,144,619.31,221,3.155286145,0.01535989992,18,41,41,152.34,51,3.166309524,0.005984907624,0.9965185402,4.30076389,1.534722,1.170732,3.71560976,1.243902,1
2022-06-01,Cali y Bucaramanga,FARMA,32,953,1108,4808.68,1619,3.287294007,0.00893490667,21,115,118,475.05,171,3.168777778,0.001984126984,1.037401244,4.3399639,1.461191,1.162644,4.02584746,1.449153,1.026087
2022-06-01,Costa,FARMA,29,608,690,3414.19,990,3.848444773,0.01493377342,24,140,154,692.4,247,3.373256581,0.001562439721,1.14086927,4.94810145,1.434783,1.134868,4.4961039,1.603896,1.1
2022-06-01,Costa,FARMA,31,1271,1505,6971.65,2075,3.723374569,0.02500644374,24,100,104,407.88,120,3.541150794,0.01676767677,1.051458914,4.63232558,1.378738,1.184107,3.92192308,1.153846,1.04
2022-06-01,Medellín,FARMA,70,5619,7190,32580.66,12634,2.861722645,0.01140921272,51,621,666,2843.73,1046,2.965802832,0.01566628393,0.9649065725,4.53138526,1.757163,1.279587,4.26986486,1.570571,1.072464
2022-07-01,Bogotá,FARMA,429,14451,18550,103948.03,31236,3.811159279,0.01895058194,84,2014,2173,10374.85,3238,3.564899802,0.02495596906,1.069078934,5.60366739,1.683881,1.283648,4.77443626,1.490106,1.078947
2022-07-01,Bogotá,FARMA,41,189,228,1047.86,393,3.037155597,0.01862513672,17,39,41,192.75,81,2.796982269,0.04147920268,1.085868734,4.59587719,1.723684,1.206349,4.70121951,1.97561,1.051282
2022-07-01,Cali y Bucaramanga,FARMA,36,1376,1649,7504.98,2630,3.255003832,0.0140775537,24,109,117,456.01,162,3.045169312,0.01533084214,1.068907341,4.55123105,1.594906,1.198401,3.89752137,1.384615,1.073394
2022-07-01,Costa,FARMA,31,792,914,4869.1,1497,3.780702776,0.01755266918,18,124,131,554.09,206,3.107283487,0.03954315263,1.216722836,5.32724289,1.637856,1.15404,4.22969466,1.572519,1.056452
2022-07-01,Costa,FARMA,31,1835,2210,9954.72,3157,3.517970621,0.02285804274,23,81,84,377.48,102,3.986796935,0.04310244851,0.8824052687,4.50439819,1.428507,1.20436,4.49380952,1.214286,1.037037
2022-07-01,Medellín,FARMA,88,7470,9924,45495.81,18153,2.78679226,0.01452049405,58,657,728,3269.78,1101,3.244832103,0.03059007665,0.8588402022,4.58442261,1.829202,1.328514,4.49145604,1.512363,1.108067
2022-08-01,Bogotá,FARMA,55,211,245,1122.01,416,2.987694892,0.06789865994,29,71,74,332.64,114,3.278652263,0.07992231877,0.9112570204,4.57963265,1.697959,1.161137,4.49513514,1.540541,1.042254
2022-08-01,Bogotá,FARMA,521,17348,23020,136145.15,38931,3.980708348,0.05686932921,108,2573,2834,13657.92,4220,3.525418091,0.06337611601,1.129145039,5.91421156,1.691182,1.326954,4.8193084,1.489061,1.101438
2022-08-01,Cali y Bucaramanga,FARMA,71,1771,2143,9754.95,3398,3.162078098,0.06699603444,49,134,141,631.58,219,3.305545555,0.04978552012,0.9565979487,4.55200653,1.585628,1.210051,4.47929078,1.553191,1.052239
2022-08-01,Costa,FARMA,69,2276,2794,12928.24,4081,3.47215334,0.08590246408,47,125,129,578.41,170,3.668351582,0.100143674,0.9465159658,4.62714388,1.46063,1.227592,4.48379845,1.317829,1.032
2022-08-01,Costa,FARMA,68,907,1052,5388.29,1747,3.483914016,0.08150992673,46,172,200,907.46,305,3.275347158,0.06753676167,1.063677787,5.12194867,1.660646,1.159868,4.5373,1.525,1.162791
2022-08-01,Medellín,FARMA,95,9168,12474,59695.75,23131,2.898065625,0.05688722164,71,777,830,3696.53,1207,3.35251838,0.05565617069,0.864444366,4.78561408,1.854337,1.360602,4.4536506,1.454217,1.068211
2022-09-01,Bogotá,FARMA,63,241,292,1422.41,453,3.410744879,0.04423652795,33,81,85,354.46,137,2.886329966,0.1131656597,1.181689176,4.87126712,1.55137,1.211618,4.17011765,1.611765,1.049383
2022-09-01,Bogotá,FARMA,616,21291,28496,181561.18,46789,4.331709791,0.04401292017,108,2635,2814,13650.85,4149,3.556422503,0.06925472594,1.217996396,6.37146196,1.64195,1.338406,4.85104833,1.474414,1.067932
2022-09-01,Cali y Bucaramanga,FARMA,98,2012,2420,11486.7,3713,3.37962322,0.05568020257,58,179,192,817.55,272,3.254042064,0.07881956359,1.038592358,4.74657025,1.534298,1.202783,4.25807292,1.416667,1.072626
2022-09-01,Costa,FARMA,106,2942,3738,17516.53,5690,3.369676985,0.0623401957,54,156,160,717.09,199,3.708333333,0.09482417342,0.9086769397,4.68607009,1.522204,1.270564,4.4818125,1.24375,1.025641
2022-09-01,Costa,FARMA,99,1143,1448,7568.64,2560,3.305820003,0.05294777216,54,203,232,1046.19,336,3.44475853,0.07257822274,0.9596666861,5.22696133,1.767956,1.266842,4.50943966,1.448276,1.142857
2022-09-01,Medellín,FARMA,129,9232,12420,61482.89,21766,3.133593911,0.04373673753,89,899,971,4353.8,1388,3.373704208,0.06877507655,0.9288288828,4.9503132,1.752496,1.345321,4.4838311,1.429454,1.080089
2022-10-01,Bogotá,FARMA,772,26512,36342,238353.92,59660,4.416153026,0.02995889525,108,2326,2510,12451.86,3774,3.537995983,0.03366943935,1.248207473,6.55863519,1.641627,1.370775,4.9609004,1.503586,1.079106
2022-10-01,Bogotá,FARMA,66,227,268,1226.2,418,3.153494135,0.01846001622,28,69,72,264.18,102,2.853767068,0.03975520071,1.105028567,4.57537313,1.559701,1.180617,3.66916667,1.416667,1.043478
2022-10-01,Cali y Bucaramanga,FARMA,107,2275,2726,13268.1,4065,3.536292627,0.03112688274,60,173,176,806.76,255,3.417563452,0.03444122284,1.034740884,4.86724138,1.491196,1.198242,4.58386364,1.448864,1.017341
2022-10-01,Costa,FARMA,111,3280,4210,19964.03,6340,3.432727265,0.03772878622,51,128,131,545.02,165,3.539284314,0.03455259617,0.969893052,4.74204988,1.505938,1.283537,4.16045802,1.259542,1.023438
2022-10-01,Costa,FARMA,98,1246,1618,8445.81,2883,3.288835368,0.03111631871,59,227,253,1052.78,365,3.115032864,0.0346628968,1.055794758,5.21990729,1.781829,1.298555,4.16118577,1.442688,1.114537
2022-10-01,Medellín,FARMA,403,11898,16198,88253.43,27996,3.529341239,0.02971628045,90,680,732,3473.9,1097,3.358986176,0.0283610401,1.050716214,5.44841524,1.728362,1.361405,4.74576503,1.498634,1.076471
2022-11-01,Bogotá,FARMA,985,29388,40928,303285.68,66364,5.041338694,0.03044742241,105,2248,2432,12793.71,3599,3.765213074,0.03281582034,1.338925207,7.41022478,1.621482,1.392677,5.26057155,1.479852,1.081851
2022-11-01,Bogotá,FARMA,77,232,285,1557.7,450,3.659074003,0.02037053433,37,89,97,464.51,149,3.458027523,0.02977606707,1.058139063,5.46561404,1.578947,1.228448,4.78876289,1.536082,1.089888
2022-11-01,Cali y Bucaramanga,FARMA,123,2567,3137,16523.51,4845,3.696857401,0.02617810442,54,145,155,686.6,211,3.438037037,0.03529118015,1.075281436,5.26729678,1.544469,1.222049,4.42967742,1.36129,1.068966
2022-11-01,Costa,FARMA,118,3318,4233,20779.24,6554,3.457182068,0.03269504278,39,108,110,437.65,135,3.379458689,0.02982067586,1.022998766,4.90886841,1.548311,1.275769,3.97863636,1.227273,1.018519
2022-11-01,Costa,FARMA,114,1456,1881,10829.87,3620,3.398323637,0.02699307547,64,228,257,1212.5,360,3.531575654,0.02697815693,0.9622683952,5.75750665,1.924508,1.291896,4.71789883,1.400778,1.127193
2022-11-01,Medellín,FARMA,727,16107,23083,164551.21,40321,4.632010006,0.02646889308,90,701,741,3584.83,1074,3.544957616,0.02990281061,1.3066475,7.12867522,1.746783,1.433104,4.83782726,1.449393,1.057061
2022-12-01,Bogotá,FARMA,87,286,342,1827.24,525,3.647075061,0.02300444415,38,84,86,400.05,138,3.165330189,0.01617467217,1.152194192,5.34280702,1.535088,1.195804,4.65174419,1.604651,1.02381
2022-12-01,Bogotá,FARMA,1017,34747,51338,390870.52,89132,4.857194323,0.02096730995,112,2216,2395,12335.61,3531,3.748080509,0.01428041097,1.295915152,7.61366863,1.73618,1.47748,5.15056785,1.474322,1.080776
2022-12-01,Cali y Bucaramanga,FARMA,141,3648,4645,26000.7,7563,3.792842672,0.0283523623,59,205,214,902.01,282,3.436943262,0.01282215594,1.103551145,5.59756728,1.628202,1.2733,4.215,1.317757,1.043902
2022-12-01,Costa,FARMA,137,4687,6388,32439.75,11114,3.268080966,0.0220379221,42,106,109,471.02,149,3.271694915,0.01653854384,0.9988953891,5.07823262,1.739825,1.362919,4.3212844,1.366972,1.028302
2022-12-01,Costa,FARMA,131,2142,2893,16244.77,5581,3.294259025,0.02348209263,65,284,316,1580.32,524,3.401550725,0.01195137677,0.968458004,5.61519876,1.929139,1.350607,5.00101266,1.658228,1.112676
2022-12-01,Expansión - Centro,FARMA,23,85,96,434.97,187,2.626276,0.01042254315,13,42,43,207.72,57,3.928979592,0.01329019413,0.6684371702,4.5309375,1.947917,1.129412,4.83069767,1.325581,1.02381
2022-12-01,Medellín,FARMA,907,22752,35568,270762.11,65618,4.667702944,0.01807989169,87,707,756,3545.28,1130,3.466729311,0.01043067802,1.346428441,7.61251996,1.844861,1.563291,4.68952381,1.494709,1.069307
2023-01-01,Bogotá,FARMA,822,14525,17551,125783.68,30101,4.626762477,0.02952983256,103,821,847,4411.03,1293,3.80411971,0.01237135602,1.216250494,7.16675289,1.715059,1.20833,5.20782763,1.526564,1.031669
2023-01-01,Bogotá,FARMA,71,122,131,704.13,226,3.426554935,0.03381099035,19,36,38,156.33,45,3.531219512,0.008588394707,0.9703602178,5.37503817,1.725191,1.07377,4.11394737,1.184211,1.055556
2023-01-01,Cali y Bucaramanga,FARMA,128,1251,1383,8044.64,2061,4.240382827,0.04057081798,40,91,91,364.55,122,3.22490099,0.009053428563,1.314887756,5.81680405,1.490239,1.105516,4.00604396,1.340659,1
2023-01-01,Costa,FARMA,126,975,1110,7176.22,2139,3.945440818,0.03825390022,51,135,141,648.92,209,3.458087607,0.019234403,1.140931424,6.46506306,1.927027,1.138462,4.6022695,1.48227,1.044444
2023-01-01,Costa,FARMA,124,1874,2121,11047.51,3310,3.67111068,0.03173096896,34,47,47,211.27,56,4.018183673,0.01327423788,0.913624408,5.20863272,1.560585,1.131804,4.49510638,1.191489,1
2023-01-01,Expansión - Centro,FARMA,18,39,39,176.42,67,2.950055556,0.02717694861,10,21,21,101.32,33,3.265724638,0.006627783669,0.9033387327,4.52358974,1.717949,1,4.8247619,1.571429,1
2023-01-01,Medellín,FARMA,783,10822,13691,108810.3,24688,4.905814637,0.02847509375,72,277,289,1372.5,426,3.521579305,0.0104724224,1.393072316,7.9475787,1.803228,1.265108,4.74913495,1.474048,1.043321
2023-02-01,Bogotá,FARMA,920,31569,46637,331472.3,82256,4.467991016,0.02130861027,114,2003,2192,10925.56,3438,3.511564119,0.02326378731,1.272364925,7.10749619,1.76375,1.477304,4.98428832,1.568431,1.094358
2023-02-01,Bogotá,FARMA,82,300,360,1888.91,585,3.41567577,0.0309460583,34,90,94,417.31,155,2.97847411,0.03230177994,1.146787128,5.24697222,1.625,1.2,4.43946809,1.648936,1.044444
2023-02-01,Cali y Bucaramanga,FARMA,130,2798,3577,19561.42,6074,3.525944343,0.02418934187,56,141,145,737.26,215,3.838282208,0.01469875971,0.9186256119,5.46866648,1.698071,1.278413,5.08455172,1.482759,1.028369
2023-02-01,Costa,FARMA,124,1704,2268,13655.22,4750,3.271008366,0.02038316716,53,177,190,912.26,325,3.179348837,0.02643170327,1.028829655,6.02082011,2.094356,1.330986,4.80136842,1.710526,1.073446
2023-02-01,Costa,FARMA,129,5417,7785,42168.84,15017,3.116201242,0.02481250491,49,143,148,781.43,260,3.366705665,0.03027222329,0.9255936076,5.41667823,1.928966,1.437142,5.27993243,1.756757,1.034965
2023-02-01,Expansión - Centro,FARMA,44,95,111,465.84,186,2.698890023,0.007495144788,28,71,77,383.68,125,3.399877395,0.03013438214,0.7938198086,4.19675676,1.675676,1.168421,4.98285714,1.623377,1.084507
2023-02-01,Medellín,FARMA,871,21341,33023,259195.33,60402,4.829449836,0.01423973032,91,586,650,3247.08,1100,3.321339727,0.0200659023,1.454066802,7.84893347,1.829089,1.547397,4.99550769,1.692308,1.109215
2023-03-01,Bogotá,FARMA,102,351,430,2763.26,756,3.998841404,0.02895388153,36,101,118,626.99,242,2.872852321,0.008463837499,1.391941164,6.42618605,1.75814,1.225071,5.31347458,2.050847,1.168317
2023-03-01,Bogotá,FARMA,1034,36063,55166,414813.32,97881,4.705172469,0.01617185641,117,2349,2622,13103.7,4422,3.303696224,0.01454899425,1.424214622,7.51936555,1.774299,1.529712,4.99759725,1.686499,1.11622
2023-03-01,Cali y Bucaramanga,FARMA,137,3270,4242,24155.94,7001,3.772966811,0.02047951016,49,117,124,562.16,178,3.313800676,0.009073977824,1.138561785,5.69446959,1.650401,1.297248,4.53354839,1.435484,1.059829
2023-03-01,Costa,FARMA,131,1948,2716,17097.47,5641,3.421370381,0.01900019155,58,238,267,1412.02,466,3.39733612,0.002487322171,1.007074443,6.29509205,2.076951,1.394251,5.28846442,1.745318,1.121849
2023-03-01,Costa,FARMA,142,5004,7159,39732.25,12465,3.487706973,0.02283445972,43,147,151,685.21,235,3.121138554,0.01923076923,1.117447019,5.54997206,1.741165,1.430655,4.53781457,1.556291,1.027211
2023-03-01,Expansión - Centro,FARMA,56,161,186,939.85,326,3.192846819,0.01140210183,29,66,70,357.02,117,3.442496795,0.005128205128,0.9274799684,5.05295699,1.752688,1.15528,5.10028571,1.671429,1.060606
2023-03-01,Medellín,FARMA,971,22758,37289,302114.9,67837,4.990551986,0.01162710601,89,642,689,3379.68,1094,3.404059134,0.01026045427,1.466059134,8.1019845,1.819223,1.638501,4.90519594,1.587808,1.073209
2023-04-01,Bogotá,FARMA,113,398,505,3031.76,843,3.931675465,0.03680528721,41,94,103,514.55,180,3.096372549,0.003333608724,1.269768222,6.00348515,1.669307,1.268844,4.99563107,1.747573,1.095745
2023-04-01,Bogotá,FARMA,1049,35607,53286,387040.63,92748,4.605445834,0.02426604613,105,2014,2191,11089.41,3409,3.549622716,0.007678601185,1.297446575,7.26345813,1.74057,1.496503,5.06134642,1.555911,1.087885
2023-04-01,Cali y Bucaramanga,FARMA,149,3792,4851,27945.2,7973,3.808354267,0.03371423533,57,158,167,764.46,235,3.372077473,0.004699761775,1.129379232,5.76070913,1.643579,1.279272,4.57760479,1.407186,1.056962
2023-04-01,Costa,FARMA,154,5458,7768,43218.47,13181,3.604792718,0.03113977572,43,92,94,364.9,130,2.883640777,0.01464343262,1.250083834,5.56365474,1.696833,1.423232,3.88191489,1.382979,1.021739
2023-04-01,Costa,FARMA,145,2214,3075,19079.27,6037,3.535257805,0.02919707541,61,257,283,1380.47,462,3.282369931,0.003861141897,1.077044294,6.20464065,1.963252,1.388889,4.87798587,1.632509,1.101167
2023-04-01,Expansión - Centro,FARMA,61,202,235,1119.11,395,3.092280278,0.02052337194,24,45,49,243.51,76,3.598619048,0.01332671958,0.8592963681,4.76217021,1.680851,1.163366,4.96959184,1.55102,1.088889
2023-04-01,Medellín,FARMA,1001,22468,36034,289613.26,67016,4.894287719,0.01817751377,87,595,634,3128,965,3.471640752,0.00394517073,1.409790952,8.03722207,1.859799,1.603792,4.93375394,1.522082,1.065546
2023-05-01,Bogotá,FARMA,1061,40836,63749,451077.2,110599,4.483710755,0.009980658611,105,2103,2315,10787.35,3522,3.317328988,0.0008230816009,1.351602681,7.07583178,1.734913,1.561098,4.65976242,1.521382,1.100808
2023-05-01,Bogotá,FARMA,108,426,532,3003.16,879,3.675201311,0.01559494734,43,97,110,566.42,204,3.146001199,0,1.168213576,5.64503759,1.652256,1.248826,5.14927273,1.854545,1.134021
2023-05-01,Cali y Bucaramanga,FARMA,151,4275,5604,30877.63,9130,3.681655578,0.01453625459,59,163,173,859.91,258,3.705592401,0.001039372033,0.993540352,5.50992684,1.629193,1.310877,4.97057803,1.491329,1.06135
2023-05-01,Costa,FARMA,144,6264,9190,48460.99,15604,3.375240817,0.01408017013,40,106,111,449.39,159,3.108423729,0.002572639225,1.085836781,5.27323069,1.697933,1.467114,4.04855856,1.432432,1.04717
2023-05-01,Costa,FARMA,143,2253,3207,19452.15,6365,3.438945652,0.01637865016,69,256,294,1350,475,3.140173034,0,1.095145272,6.06552853,1.984721,1.423435,4.59183673,1.615646,1.148438
2023-05-01,Expansión - Centro,FARMA,67,239,288,1498.92,485,3.344742877,0.01794181069,31,68,73,328.06,108,3.300969136,0.003703703704,1.013260876,5.20458333,1.684028,1.205021,4.4939726,1.479452,1.073529
2023-05-01,Medellín,FARMA,1039,25036,41059,318286.61,75631,4.73285681,0.008087973684,91,670,719,3273.38,1112,3.226345974,0.001069297308,1.466940262,7.75193283,1.842008,1.639998,4.55268428,1.546592,1.073134
2023-06-01,Bogotá,FARMA,1282,41070,64489,456922.15,113258,4.439222468,0.009208447596,106,1921,2088,9765.17,3243,3.272332191,0.0009772419377,1.356592855,7.08527268,1.756237,1.570222,4.67680556,1.553161,1.086934
2023-06-01,Bogotá,FARMA,110,453,558,3142.4,895,3.744656743,0.01195310712,36,79,92,487.08,187,2.8205125,0,1.327651178,5.63154122,1.603943,1.231788,5.29434783,2.032609,1.164557
2023-06-01,Cali y Bucaramanga,FARMA,147,4385,5775,31957.4,9433,3.70841949,0.01198325083,53,150,159,736.66,249,3.277380952,0,1.131519205,5.53374892,1.63342,1.31699,4.63308176,1.566038,1.06
2023-06-01,Costa,FARMA,147,2584,3673,21612.42,7101,3.409012922,0.01062179652,54,283,336,1614.9,627,2.832579509,0,1.203501229,5.88413286,1.933297,1.42144,4.80625,1.866071,1.187279
2023-06-01,Costa,FARMA,151,6435,9306,48894.05,15580,3.421062134,0.01095036792,37,94,98,393.49,131,3.218220065,0,1.063029272,5.25403503,1.674189,1.446154,4.01520408,1.336735,1.042553
2023-06-01,Expansión - Centro,FARMA,68,249,287,1432.42,486,3.222443923,0.01553589715,20,47,53,262.1,111,2.689013889,0,1.198373849,4.99101045,1.69338,1.15261,4.94528302,2.09434,1.12766
2023-06-01,Medellín,FARMA,1238,25612,41837,315393.76,74636,4.699296876,0.008506499331,91,536,564,2673.97,901,3.282360447,0.001152073733,1.431682155,7.53863231,1.783971,1.633492,4.74108156,1.597518,1.052239
2023-07-01,Bogotá,FARMA,101,451,549,3122.85,917,3.704328283,0.01200276387,40,79,91,418.47,166,2.734785714,0,1.354522317,5.68825137,1.67031,1.217295,4.59857143,1.824176,1.151899
2023-07-01,Bogotá,FARMA,1177,40531,62106,394469.37,109520,3.9785225,0.01078511978,111,1900,2086,10109,3294,3.337033388,0.001895264129,1.192233351,6.35155009,1.763437,1.532309,4.84611697,1.579099,1.097895
2023-07-01,Cali y Bucaramanga,FARMA,147,4978,6716,36959.8,11172,3.582135145,0.0185831392,55,178,186,864.44,278,3.321866667,0.002559995153,1.078350068,5.50324598,1.66349,1.349136,4.64752688,1.494624,1.044944
2023-07-01,Costa,FARMA,144,2835,4065,23164.04,7923,3.248099085,0.01134559849,68,315,347,1807.24,622,3.318375506,0.001832231966,0.9788220408,5.69841082,1.949077,1.433862,5.20818444,1.792507,1.101587
2023-07-01,Costa,FARMA,144,7006,10480,54181.37,17833,3.301647953,0.01009830958,39,98,103,443.63,157,3.11060663,0.005166939075,1.061416098,5.16997805,1.701622,1.495861,4.30708738,1.524272,1.05102
2023-07-01,Expansión - Centro,FARMA,72,339,405,1884.89,670,3.001728137,0.007889146155,34,83,94,523.3,163,3.485603448,0.001724137931,0.8611788981,4.65404938,1.654321,1.19469,5.56702128,1.734043,1.13253
2023-07-01,Medellín,FARMA,956,23116,35717,215503.04,65046,3.688220085,0.008452170264,95,610,642,3417.84,1013,3.682064675,0.002927195251,1.001671728,6.03362656,1.82115,1.54512,5.32373832,1.577882,1.052459
2023-08-01,Bogotá,FARMA,1108,40862,62289,394515.78,108788,3.993301256,0.02252815516,116,2266,2527,12544.9,4127,3.354215274,0.002442983282,1.19053219,6.33363483,1.746504,1.524375,4.96434507,1.633162,1.115181
2023-08-01,Bogotá,FARMA,111,531,660,3581.65,1019,3.784302904,0.02331220128,38,88,105,547.15,225,2.730456718,0,1.385959674,5.42674242,1.543939,1.242938,5.21095238,2.142857,1.193182
2023-08-01,Cali y Bucaramanga,FARMA,147,4970,6658,36541.01,11550,3.469792833,0.02263035546,68,185,201,973.89,316,3.357268207,0.0008403361345,1.033516722,5.48828627,1.734755,1.339638,4.84522388,1.572139,1.086486
2023-08-01,Costa,FARMA,147,6421,9523,50433.93,16373,3.389913908,0.01959721047,53,173,200,988.23,355,3.184250369,0.004006218608,1.064587741,5.29601281,1.719311,1.483102,4.94115,1.775,1.156069
2023-08-01,Costa,FARMA,145,2628,3744,22191.79,7282,3.421128321,0.02207273948,69,346,394,2031.64,714,3.215935734,0.000639410597,1.06380494,5.92729434,1.944979,1.424658,5.1564467,1.812183,1.138728
2023-08-01,Expansión - Centro,FARMA,77,282,347,1786.62,609,3.275885027,0.01672881398,35,70,77,364.87,117,3.311414894,0,0.9892704877,5.14876081,1.755043,1.230496,4.73857143,1.519481,1.1
2023-08-01,Medellín,FARMA,1006,23786,37069,241147.94,68398,3.966077734,0.02030824509,98,664,712,3637.26,1213,3.367168271,0.002605060228,1.177867399,6.50538024,1.845154,1.558438,5.10851124,1.703652,1.072289
2023-09-01,Bogotá,FARMA,118,524,662,3826.42,1034,3.996474124,0.0451133693,39,86,101,528.58,210,2.800295739,0.00262969611,1.427161449,5.78009063,1.561934,1.263359,5.23346535,2.079208,1.174419
2023-09-01,Bogotá,FARMA,1153,41664,64740,419488.89,114114,4.042649515,0.02998820213,108,2161,2389,11341.58,3921,3.160018372,0.002356395167,1.279312029,6.47959361,1.762651,1.553859,4.74741733,1.641272,1.105507
2023-09-01,Cali y Bucaramanga,FARMA,382,5006,6846,39557.66,11488,3.779410711,0.03095060487,64,220,235,1144.02,389,3.260514286,0.005357432066,1.159145577,5.77821502,1.67806,1.367559,4.86817021,1.655319,1.068182
2023-09-01,Costa,FARMA,445,7231,10838,61821.38,18776,3.63045679,0.02870357393,54,169,179,765.84,260,3.16310016,0.008658320334,1.147752713,5.70413176,1.732423,1.498825,4.27843575,1.452514,1.059172
2023-09-01,Costa,FARMA,143,2472,3497,20589.87,6678,3.425277314,0.02628794972,69,338,387,1974.84,757,2.953266429,0.000636712662,1.159826719,5.88786674,1.909637,1.414644,5.10294574,1.956072,1.14497
2023-09-01,Expansión - Centro,FARMA,76,314,371,1893.62,626,3.283009642,0.0330558136,43,90,111,560.01,198,3.214829545,0,1.021207997,5.10409704,1.687332,1.181529,5.04513514,1.783784,1.233333
2023-09-01,Medellín,FARMA,1072,24684,38953,264404.23,71767,4.129373834,0.02986705801,94,735,806,3975.2,1490,2.953321149,0.001708851535,1.398213613,6.78777578,1.8424,1.578067,4.93200993,1.848635,1.096599
2023-10-01,Bogotá,FARMA,114,481,584,3329.37,916,3.889907501,0.02084550954,47,122,148,802.64,317,2.83021375,0,1.374421808,5.70097603,1.568493,1.214137,5.42324324,2.141892,1.213115
2023-10-01,Bogotá,FARMA,1171,40877,63028,413129.94,108951,4.17341528,0.01593627702,110,2157,2385,11925.4,4108,3.167381697,0.001335281675,1.317623097,6.55470489,1.728613,1.541894,5.00016771,1.722432,1.105702
2023-10-01,Cali y Bucaramanga,FARMA,566,5103,7067,42627.56,11702,3.980268618,0.01813400181,63,175,198,1069.6,358,3.218444444,0.004062665862,1.236705709,6.03191736,1.655865,1.384872,5.4020202,1.808081,1.131429
2023-10-01,Costa,FARMA,731,7496,11336,73576.37,21532,4.006709221,0.01678825313,40,121,125,503.5,186,2.922902778,0.004865409779,1.370797979,6.49050547,1.899435,1.512273,4.028,1.488,1.033058
2023-10-01,Costa,FARMA,146,2523,3572,21434.73,6812,3.512051482,0.01430592791,60,323,370,1783.34,680,2.903074864,0.0008832250195,1.209769519,6.00076428,1.907055,1.415775,4.81983784,1.837838,1.145511
2023-10-01,Expansión - Centro,FARMA,73,335,387,1973.36,688,3.104223782,0.0153153748,41,100,114,588.74,211,3.074688249,0,1.009606025,5.09912145,1.777778,1.155224,5.16438596,1.850877,1.14
2023-10-01,Medellín,FARMA,1054,22593,35092,228537.5,63379,4.044592579,0.0140639712,96,681,725,3676.23,1307,3.146368805,0.004339069579,1.285479494,6.51252422,1.806081,1.553224,5.07066207,1.802759,1.064611
2023-11-01,Bogotá,FARMA,1195,43929,68513,459472.35,118209,4.290546997,0.02296555104,108,2296,2557,12628.28,4395,3.153028233,0.007330698057,1.360770244,6.70635281,1.725351,1.55963,4.93870943,1.718811,1.113676
2023-11-01,Bogotá,FARMA,125,501,630,3757.8,1034,3.810231949,0.02653042283,47,111,132,788.38,309,2.886662429,0.007640415548,1.319943721,5.9647619,1.64127,1.257485,5.97257576,2.340909,1.189189
2023-11-01,Cali y Bucaramanga,FARMA,645,5586,7626,48099.81,12478,4.208790883,0.02408070051,64,203,229,1253.52,426,3.328988224,0.007428902735,1.264285302,6.30734461,1.636244,1.365199,5.47388646,1.860262,1.128079
2023-11-01,Costa,FARMA,804,8935,15386,89134.5,26388,3.741380953,0.01810972505,45,145,159,692.9,261,2.941762032,0.01123529107,1.271816317,5.79322111,1.715066,1.721992,4.35786164,1.641509,1.096552
2023-11-01,Costa,FARMA,154,2741,3891,24268.95,7317,3.68548669,0.02122244574,64,363,413,2342.25,919,2.911176001,0.003801483859,1.265978659,6.23720123,1.880493,1.419555,5.67130751,2.225182,1.137741
2023-11-01,Expansión - Centro,FARMA,76,333,406,2104.75,727,3.154546504,0.02102703748,34,105,113,585.57,213,3.112976538,0.007318082625,1.013353768,5.1841133,1.79064,1.219219,5.1820354,1.884956,1.07619
2023-11-01,Medellín,FARMA,1053,24521,37727,249905.28,70637,4.001926522,0.01763187055,94,996,1079,5573.73,1986,3.082140239,0.009948301998,1.29842454,6.62404326,1.87232,1.538559,5.16564411,1.840593,1.083333
2023-12-01,Bogotá,FARMA,1298,48332,77683,535078.3,139443,4.257238941,0.01955057121,107,2491,2770,13384.17,4798,3.038518886,0.01210420159,1.40109017,6.88797163,1.795026,1.607279,4.83183032,1.73213,1.112003
2023-12-01,Bogotá,FARMA,115,614,811,4757.33,1348,3.838452835,0.02183163708,45,133,158,914.77,362,2.89546651,0.00772256882,1.325676819,5.86600493,1.662145,1.320847,5.78968354,2.291139,1.18797
2023-12-01,Cali y Bucaramanga,FARMA,911,8722,12873,87282.48,22352,4.327312701,0.02111063219,64,353,386,2030.61,755,3.02934119,0.008981068641,1.428466597,6.78027499,1.736347,1.475923,5.26064767,1.955959,1.093484
2023-12-01,Costa,FARMA,158,3928,5733,36132.19,11060,3.645038761,0.0173320849,67,523,605,2964.18,1161,2.839878239,0.0117398259,1.283519382,6.30249259,1.929182,1.459521,4.89947107,1.919008,1.156788
2023-12-01,Costa,FARMA,1017,10607,18204,118525.99,31626,4.207225381,0.02015637626,46,186,203,936.57,387,2.543080606,0.00913868553,1.65438145,6.51098605,1.73731,1.716225,4.61364532,1.906404,1.091398
2023-12-01,Expansión - Centro,FARMA,75,458,583,3236.93,1227,2.903073452,0.02130052477,34,132,147,710.4,292,2.672327215,0.004187353499,1.086346551,5.55219554,2.104631,1.272926,4.83265306,1.986395,1.113636
2023-12-01,Medellín,FARMA,1262,30738,52241,375818.61,102303,4.19229285,0.01699540532,95,970,1057,5932.36,2108,3.200137574,0.01029441824,1.310035195,7.19393982,1.958289,1.699558,5.61245033,1.994324,1.089691
2024-01-01,Bogotá,FARMA,123,635,817,4669.92,1322,3.781264216,0.02101853337,50,117,143,879.26,339,2.977678982,0,1.269869667,5.71593635,1.618115,1.286614,6.14867133,2.370629,1.222222
2024-01-01,Bogotá,FARMA,1349,47608,74653,540727.39,131851,4.559283098,0.01386233803,103,2554,2814,14981.15,5423,3.056351132,0.01034947805,1.491740609,7.24321045,1.766185,1.568077,5.32379176,1.92715,1.101801
2024-01-01,Cali y Bucaramanga,FARMA,962,7828,11353,81387.83,18889,4.723653468,0.0184003207,73,279,308,1641.34,546,3.36976611,0.009078144848,1.401774875,7.16883907,1.663789,1.450307,5.32902597,1.772727,1.103943
2024-01-01,Costa,FARMA,161,3965,5590,36019.95,10939,3.711751502,0.01316570406,67,374,431,2299.34,863,2.953278958,0.005835170041,1.256823874,6.44364043,1.956887,1.409836,5.33489559,2.00232,1.152406
2024-01-01,Costa,FARMA,1129,11260,18649,134766.17,32163,4.712388806,0.0154629057,41,137,147,667.4,265,2.739853723,0.002664545303,1.71994175,7.22645557,1.72465,1.656217,4.54013605,1.802721,1.072993
2024-01-01,Expansión - Centro,FARMA,104,484,636,3633.87,1203,3.312798716,0.006910401147,40,149,179,946.2,378,2.742299275,0.002601028354,1.2080369,5.71363208,1.891509,1.31405,5.28603352,2.111732,1.201342
2024-01-01,Medellín,FARMA,1242,27731,46478,328690.95,86902,4.298300832,0.01213510119,96,830,916,4749.59,1598,3.334897673,0.006344785231,1.288885373,7.07196846,1.869745,1.67603,5.18514192,1.744541,1.103614
2024-02-01,Bogotá,FARMA,126,678,866,4885.2,1409,3.742503562,0.02495337301,40,102,122,802.88,310,2.989333476,0.01292789344,1.251952515,5.64110855,1.627021,1.277286,6.58098361,2.540984,1.196078
2024-02-01,Bogotá,FARMA,1355,50287,78818,561873.57,135530,4.602585601,0.01724091681,109,2371,2707,14232.84,4780,3.273524933,0.01450215938,1.406002916,7.12874686,1.719531,1.567363,5.25779091,1.765792,1.141712
2024-02-01,Cali y Bucaramanga,FARMA,963,7685,11130,78020.18,18101,4.747339436,0.03414104597,58,186,204,1000.11,321,3.449395658,0.01386961148,1.376281502,7.00989937,1.626325,1.448276,4.9025,1.573529,1.096774
2024-02-01,Costa,FARMA,1129,12229,19773,142163.86,33871,4.721874515,0.01874522461,33,123,127,674.93,251,2.98316342,0.01005776945,1.582841384,7.1897972,1.712992,1.616894,5.31440945,1.976378,1.03252
2024-02-01,Costa,FARMA,162,2757,3737,23227.64,6818,3.764112891,0.02270115742,63,381,432,2545.2,943,3.073293362,0.009180725782,1.224781512,6.21558469,1.824458,1.355459,5.89166667,2.18287,1.133858
2024-02-01,Expansión - Centro,FARMA,113,462,603,3571.64,1136,3.502385057,0.02925528046,44,101,112,655.17,226,3.272519813,0.01853818696,1.070241055,5.92311774,1.883914,1.305195,5.84973214,2.017857,1.108911
2024-02-01,Medellín,FARMA,1226,26323,43066,314485.21,78980,4.511519515,0.01579330214,94,898,979,5266.42,1802,3.265052022,0.01340216525,1.381760378,7.3024012,1.833929,1.63606,5.37938713,1.840654,1.0902
2024-03-01,Bogotá,FARMA,1411,60064,97619,716271.55,173000,4.611575548,0.01769207028,112,2763,3123,16627.84,5655,3.190011395,0.02565768978,1.445629804,7.33741946,1.772196,1.62525,5.32431636,1.810759,1.130293
2024-03-01,Bogotá,FARMA,125,816,1051,6196.64,1851,3.639078837,0.02166459291,39,118,140,754.39,309,2.628388592,0.01632450787,1.384528471,5.89594672,1.76118,1.28799,5.3885,2.207143,1.186441
2024-03-01,Cali y Bucaramanga,FARMA,972,9696,14044,93776.91,22971,4.470551962,0.0221163753,67,278,309,1592.85,521,3.41120967,0.03393352938,1.310547399,6.67736471,1.635645,1.448432,5.15485437,1.686084,1.111511
2024-03-01,Costa,FARMA,1136,12738,20683,146026.97,32869,4.915871031,0.02146778772,41,124,134,572.16,180,3.381213152,0.03025193774,1.453877886,7.06024126,1.58918,1.623724,4.26985075,1.343284,1.080645
2024-03-01,Costa,FARMA,170,3692,5196,31422.44,9523,3.663658774,0.02024733226,69,451,517,2773.49,1044,2.965685366,0.01475475026,1.235349783,6.04742879,1.832756,1.407367,5.36458414,2.019342,1.146341
2024-03-01,Expansión -  Costa,FARMA,89,366,436,2285.12,732,3.385085141,0.01201979232,35,240,265,1363.78,550,2.672690983,0.008054240017,1.266545651,5.24110092,1.678899,1.191257,5.14633962,2.075472,1.104167
2024-03-01,Expansión - Centro,FARMA,116,561,716,3981.25,1250,3.491669338,0.03786078341,44,126,137,751.97,257,3.235957843,0.03521341145,1.079021887,5.56040503,1.74581,1.276292,5.48883212,1.875912,1.087302
2024-03-01,Expansión - Centro,FARMA,52,100,108,543.29,178,3.274588808,0.002184781522,17,46,53,260.82,106,2.588295455,0.01289162299,1.265152632,5.03046296,1.648148,1.08,4.92113208,2,1.152174
2024-03-01,Medellín,FARMA,1222,26786,44657,323158.28,81506,4.466880994,0.0168638062,92,1087,1235,6970.13,2485,3.136890644,0.01848885028,1.423983652,7.23645296,1.825156,1.667177,5.64382996,2.012146,1.136155
2024-04-01,Bogotá,FARMA,134,801,1025,6073.77,1854,3.613630884,0.02302041294,37,91,105,535.63,201,2.785976368,0.008208053668,1.2970788,5.92562927,1.80878,1.27965,5.1012381,1.914286,1.153846
2024-04-01,Bogotá,FARMA,1413,57323,93126,677509.18,164321,4.614558363,0.01770339371,108,2663,3070,16016.5,5487,3.191071355,0.01758514617,1.446084355,7.27518824,1.764502,1.624584,5.21710098,1.787296,1.152835
2024-04-01,Cali y Bucaramanga,FARMA,1017,9874,14285,100468.96,23360,4.734914423,0.02281304566,73,244,268,1414.3,450,3.452363914,0.02676128669,1.371499222,7.03317886,1.635282,1.446729,5.27723881,1.679104,1.098361
2024-04-01,Costa,FARMA,1154,11770,18971,131864.34,29998,4.900102396,0.02079902197,43,134,141,661.28,238,3.000517751,0.03846366187,1.633085621,6.95083759,1.581256,1.61181,4.68992908,1.687943,1.052239
2024-04-01,Costa,FARMA,180,3092,4398,26891.1,7961,3.716700993,0.02608524712,70,365,434,2363.74,947,2.798847619,0.00883178908,1.327939745,6.11439291,1.810141,1.42238,5.44640553,2.182028,1.189041
2024-04-01,Expansión -  Costa,FARMA,105,381,503,2722.58,814,3.657599475,0.02700937092,36,171,197,1096.38,460,2.638303774,0.01358765901,1.386345087,5.4126839,1.61829,1.32021,5.56538071,2.335025,1.152047
2024-04-01,Expansión - Centro,FARMA,85,239,281,1433.69,442,3.47559057,0.0207567669,19,39,39,218.8,79,2.959388889,0.02159934113,1.174428472,5.10209964,1.572954,1.175732,5.61025641,2.025641,1
2024-04-01,Expansión - Centro,FARMA,115,444,588,3281.86,1020,3.513444811,0.03492975457,35,82,91,553.36,213,2.969492188,0.03672242666,1.183180352,5.58139456,1.734694,1.324324,6.08087912,2.340659,1.109756
2024-04-01,Medellín,FARMA,1243,25976,42246,306867.88,76720,4.527946009,0.01699260778,99,1059,1186,6495.89,2238,3.25722929,0.01410638829,1.390121974,7.26383279,1.81603,1.626347,5.47714165,1.887015,1.119924
2024-05-01,Bogotá,FARMA,132,868,1106,6503.27,1906,3.771800115,0.0158287547,45,109,130,655.19,240,3.019283537,0.006711322887,1.249236804,5.87999096,1.723327,1.274194,5.03992308,1.846154,1.192661
2024-05-01,Bogotá,FARMA,1394,60969,100087,722797.26,174030,4.60522007,0.01608479708,111,2829,3214,16608.47,5761,3.183364501,0.009035463411,1.446651827,7.22168973,1.738787,1.641605,5.16753889,1.79247,1.13609
2024-05-01,Cali y Bucaramanga,FARMA,1081,11074,16276,118174.23,27421,4.803085243,0.02012779541,66,293,321,1496.22,561,2.850601161,0.009692099709,1.684937658,7.26064328,1.684751,1.469749,4.6611215,1.747664,1.095563
2024-05-01,Costa,FARMA,443,3588,5202,32316.59,9502,3.772708257,0.01463397367,68,448,552,3012.84,1209,2.717670812,0.004510157606,1.388213849,6.21233948,1.826605,1.449833,5.45804348,2.190217,1.232143
2024-05-01,Costa,FARMA,1181,13729,23289,166184.39,37382,4.928558532,0.02111584412,39,165,172,714.55,274,2.836666667,0.005103706418,1.737447191,7.13574606,1.605135,1.696336,4.15436047,1.593023,1.042424
2024-05-01,Expansión -  Costa,FARMA,112,378,497,3001.96,752,4.204388799,0.01776681173,42,204,232,1311.23,544,2.661037686,0.006047809727,1.579980931,6.04016097,1.513078,1.314815,5.65185345,2.344828,1.137255
2024-05-01,Expansión - Centro,FARMA,99,290,349,1856.92,543,3.678854167,0.01662674641,13,21,23,113.65,39,3.087068966,0.01031918985,1.191698082,5.32068768,1.555874,1.203448,4.94130435,1.695652,1.095238
2024-05-01,Expansión - Centro,FARMA,117,469,592,3473.57,1038,3.649035504,0.01629528237,36,96,116,624.47,222,3.127482684,0.01233212819,1.166764415,5.86751689,1.753378,1.26226,5.38336207,1.913793,1.208333
2024-05-01,Medellín,FARMA,1270,28815,47978,361456.53,87492,4.647544381,0.01742211318,96,1134,1248,6782.9,2559,2.999364927,0.006397147812,1.549509478,7.53379737,1.823586,1.665036,5.43501603,2.050481,1.100529
2024-06-01,Bogotá,FARMA,1388,60656,101298,737859.81,178448,4.578236184,0.03236174115,114,2663,3014,15530.17,5472,3.092946855,0.02618451035,1.480218186,7.28405112,1.761614,1.670041,5.1526775,1.815528,1.131806
2024-06-01,Bogotá,FARMA,134,868,1107,6402.35,1863,3.757071084,0.02953195428,50,134,161,960.93,317,3.270254148,0.0302512519,1.148862111,5.783514,1.682927,1.275346,5.96850932,1.968944,1.201493
2024-06-01,Cali y Bucaramanga,FARMA,1074,11465,16872,123579.48,28560,4.850278521,0.03343126181,62,304,327,1799.61,670,2.984482278,0.02072985082,1.625165798,7.32453058,1.692745,1.471609,5.5033945,2.04893,1.075658
2024-06-01,Costa,FARMA,564,4189,6124,39656.51,11254,3.942421949,0.02995904958,73,568,660,3488.18,1387,2.760264848,0.01789714629,1.428276693,6.47558948,1.837688,1.461924,5.28512121,2.101515,1.161972
2024-06-01,Costa,FARMA,1149,13693,23295,167323.15,38572,4.826220367,0.03619583106,34,217,224,1020.37,437,2.526004212,0.03034266346,1.910614537,7.18279244,1.655806,1.701234,4.55522321,1.950893,1.032258
2024-06-01,Expansión -  Costa,FARMA,117,429,546,3443.64,874,4.17481705,0.03353716291,42,304,341,1819.45,800,2.476532287,0.02219221868,1.685751109,6.30703297,1.600733,1.272727,5.3356305,2.346041,1.121711
2024-06-01,Expansión - Centro,FARMA,111,359,430,2545.3,733,3.764884549,0.02900031267,26,47,50,271.85,90,3.367251282,0.03492224218,1.118088385,5.91930233,1.704651,1.197772,5.437,1.8,1.06383
2024-06-01,Expansión - Centro,FARMA,125,503,628,3525.78,1006,3.766208635,0.03421075369,42,134,153,840.58,328,2.833640244,0.01342440732,1.329106136,5.61429936,1.601911,1.248509,5.49398693,2.143791,1.141791
2024-06-01,Medellín,FARMA,1270,29109,48823,364248.3,89223,4.593014641,0.03140137947,103,1242,1402,7648.92,3126,2.753607271,0.02363113535,1.667999169,7.46058825,1.827479,1.677248,5.4557204,2.229672,1.128824
2024-07-01,Bogotá,FARMA,148,829,1070,6430.68,1814,3.826629475,0.03233374423,35,93,109,577.86,212,3.022751799,0,1.265942337,6.00998131,1.695327,1.290712,5.30146789,1.944954,1.172043
2024-07-01,Bogotá,FARMA,1366,59479,98668,699536.5,174023,4.448035458,0.02705615725,106,2480,2770,13627.97,5000,2.958259911,0.006880705286,1.503598599,7.08980115,1.763723,1.658871,4.91984477,1.805054,1.116935
2024-07-01,Cali y Bucaramanga,FARMA,1015,10706,16050,113620.44,26652,4.698870858,0.03103250399,62,234,257,1209.6,412,3.160618967,0.004043891654,1.486693241,7.07915514,1.660561,1.499159,4.70661479,1.603113,1.098291
2024-07-01,Costa,FARMA,540,3672,5573,35765.78,10179,3.918666132,0.02508227408,66,448,548,2812.31,1121,2.790172221,0.002653007597,1.404453138,6.41768886,1.826485,1.517702,5.13195255,2.04562,1.223214
2024-07-01,Costa,FARMA,1138,12429,20731,146213.98,34391,4.755225277,0.02894915065,40,168,174,743.96,300,2.657390995,0.002845380258,1.789433804,7.05291496,1.658917,1.667954,4.27563218,1.724138,1.035714
2024-07-01,Expansión -  Costa,FARMA,123,478,698,3633.23,1061,3.652540669,0.03132941633,46,263,319,1943.89,818,2.534859234,0.001182828383,1.440924458,5.20520057,1.520057,1.460251,6.09369906,2.564263,1.212928
2024-07-01,Expansión - Centro,FARMA,109,333,405,2416.3,700,3.768820062,0.03408541701,18,29,31,165.82,60,3.130450451,0.02302684245,1.203922605,5.96617284,1.728395,1.216216,5.34903226,1.935484,1.068966
2024-07-01,Expansión - Centro,FARMA,127,527,655,3743.82,1077,3.685239583,0.02457574582,39,137,158,834.63,332,2.650173611,0.0009314047776,1.390565346,5.71575573,1.644275,1.242884,5.28246835,2.101266,1.153285
2024-07-01,Medellín,FARMA,1262,30188,50860,380969.39,93419,4.577295881,0.02536871071,103,1142,1310,6885.82,2811,2.723353479,0.00403776515,1.680757168,7.49055033,1.836787,1.684775,5.25635115,2.145802,1.14711
2024-08-01,Bogotá,FARMA,154,834,1103,6356.25,1825,3.807126796,0.03389759902,43,115,133,734.42,263,3.065734637,0.01927454916,1.241831811,5.76269266,1.654578,1.322542,5.52195489,1.977444,1.156522
2024-08-01,Bogotá,FARMA,1376,57987,94759,663624.76,163602,4.49085736,0.02982980955,116,2549,2895,14586.14,5459,2.911509254,0.02623576634,1.54244997,7.00329003,1.726506,1.634142,5.03839033,1.885665,1.13574
2024-08-01,Cali y Bucaramanga,FARMA,1007,10505,15636,111072.64,25914,4.752112141,0.0315964994,61,270,298,1373.4,517,2.892952123,0.02676434724,1.642651499,7.10364799,1.657329,1.488434,4.60872483,1.734899,1.103704
2024-08-01,Costa,FARMA,568,3978,5899,39282.17,11073,3.984051517,0.03060628611,83,509,590,3403.39,1323,2.861316515,0.02501371709,1.392384064,6.65912358,1.877098,1.482906,5.76845763,2.242373,1.159136
2024-08-01,Costa,FARMA,1129,12680,21369,148201.62,34439,4.787536784,0.03404536532,54,198,211,828.18,314,2.779330601,0.02582793065,1.722550308,6.93535589,1.611634,1.685252,3.9250237,1.488152,1.065657
2024-08-01,Expansión -  Costa,FARMA,124,524,714,3846.38,1125,3.68959497,0.0390775672,50,322,384,2409.33,1041,2.552855087,0.0261657409,1.44528179,5.38708683,1.57563,1.362595,6.27429688,2.710938,1.192547
2024-08-01,Expansión - Centro,FARMA,107,346,429,2342.58,692,3.653448786,0.03343519181,16,35,35,210.64,87,2.564866768,0.03941859142,1.424420493,5.46055944,1.613054,1.239884,6.01828571,2.485714,1
2024-08-01,Expansión - Centro,FARMA,131,536,698,3837.4,1164,3.583870609,0.0390912222,52,149,176,812.2,298,2.925445441,0.0262408518,1.225068346,5.49770774,1.667622,1.302239,4.61477273,1.693182,1.181208
2024-08-01,Medellín,FARMA,1251,29315,48825,361911.47,89518,4.573081931,0.03061279705,105,1353,1560,8162.77,3428,2.623585646,0.04512764408,1.743065617,7.4124213,1.833446,1.66553,5.23254487,2.197436,1.152993
2024-09-01,Bogotá,FARMA,157,881,1145,6594.77,1876,3.813005318,0.05266468663,43,100,114,588.21,223,2.958697279,0.07937160285,1.28874466,5.75962445,1.638428,1.299659,5.15973684,1.95614,1.14
2024-09-01,Bogotá,FARMA,1406,61044,101186,719338.01,174749,4.58445141,0.04514532155,119,2828,3235,16166.75,6106,2.860709122,0.06432228369,1.602557693,7.10906657,1.727008,1.657591,4.99744977,1.887481,1.143918
2024-09-01,Cali y Bucaramanga,FARMA,1062,10487,15445,108371.38,25125,4.775642102,0.04284398483,67,308,336,1617.05,605,2.963015833,0.06594837174,1.61175045,7.01659955,1.62674,1.472776,4.81264881,1.800595,1.090909
2024-09-01,Costa,FARMA,554,3854,5574,36049.59,10329,3.909457308,0.0501335149,74,463,534,2749.85,1102,2.756040183,0.05487038162,1.418505192,6.46745425,1.853068,1.44629,5.14953184,2.06367,1.153348
2024-09-01,Costa,FARMA,1162,12808,21096,146910.2,32999,4.922556377,0.04107743085,68,232,247,1191.98,416,3.123965998,0.06073121734,1.575739422,6.96388889,1.56423,1.647096,4.82582996,1.684211,1.064655
2024-09-01,Expansión -  Costa,FARMA,130,557,744,3892.21,1150,3.646755959,0.05068780687,47,239,276,1580.91,699,2.473693029,0.05472399824,1.474215238,5.23146505,1.545699,1.335727,5.72793478,2.532609,1.154812
2024-09-01,Expansión - Centro,FARMA,120,510,683,3722.03,1155,3.488753407,0.04164245339,46,147,176,900.49,356,2.82693018,0.06233422811,1.234113751,5.44953148,1.691069,1.339216,5.11642045,2.022727,1.197279
2024-09-01,Expansión - Centro,FARMA,110,344,425,2294.36,668,3.712750947,0.05893704627,23,48,51,195.94,79,2.615698925,0.07305014585,1.419410664,5.39849412,1.571765,1.235465,3.84196078,1.54902,1.0625
2024-09-01,Medellín,FARMA,1255,27731,45476,329735.09,82085,4.578064973,0.04400346803,107,1460,1686,8885.11,3731,2.614858032,0.05568362104,1.750789113,7.25074963,1.805018,1.639898,5.26993476,2.21293,1.154795
2024-10-01,Bogotá,FARMA,1569,58712,94244,626807.88,162239,4.28655487,0.05170866426,115,2710,3061,15188.23,5832,2.846304309,0.06791106324,1.506007231,6.65090489,1.721478,1.605191,4.96185234,1.90526,1.12952
2024-10-01,Bogotá,FARMA,166,961,1262,7154.83,2141,3.641249596,0.04955970667,38,112,125,664.66,272,2.687915577,0.06487568768,1.354674093,5.6694374,1.696513,1.313215,5.31728,2.176,1.116071
2024-10-01,Cali y Bucaramanga,FARMA,947,9283,13158,83560.56,21404,4.28420341,0.04185253876,69,299,313,1528.83,572,2.855581642,0.05538482104,1.500290991,6.35055176,1.626691,1.41743,4.88444089,1.827476,1.046823
2024-10-01,Costa,FARMA,1202,12920,21224,132322.38,34357,4.318185129,0.04786000051,59,210,221,1018.12,390,2.887807503,0.0649473206,1.495316126,6.2345637,1.618781,1.642724,4.60687783,1.764706,1.052381
2024-10-01,Costa,FARMA,454,3968,5844,35910.12,10187,3.916048641,0.05574371219,83,504,607,3242.61,1294,2.789423778,0.06418701874,1.403891611,6.14478439,1.743155,1.472782,5.34202636,2.131796,1.204365
2024-10-01,Expansión -  Costa,FARMA,129,646,861,4217.51,1336,3.428332058,0.08120604693,48,297,334,1862.45,832,2.422607014,0.07959386471,1.415141638,4.8983856,1.551684,1.332817,5.5761976,2.491018,1.124579
2024-10-01,Expansión - Centro,FARMA,126,554,693,3830.66,1150,3.6217779,0.07217567673,39,127,154,743.9,298,2.699873299,0.05926236482,1.341462172,5.52764791,1.659452,1.250903,4.83051948,1.935065,1.212598
2024-10-01,Expansión - Centro,FARMA,119,443,530,2978.84,830,3.868372206,0.07027451381,17,41,44,174.53,82,2.275269608,0.0782399277,1.700181901,5.62045283,1.566038,1.196388,3.96659091,1.863636,1.073171
2024-10-01,Medellín,FARMA,1379,27744,45594,310467.05,81212,4.314887543,0.04001696081,112,1355,1604,8409.62,3615,2.569259785,0.05718885151,1.67942828,6.80938391,1.781199,1.643382,5.24290524,2.253741,1.183764
2024-11-01,Bogotá,FARMA,167,1128,1451,8350.85,2402,3.776231976,0.02065282842,41,90,98,611.53,247,2.863750627,0.0350391342,1.318631567,5.75523777,1.65541,1.286348,6.24010204,2.520408,1.088889
2024-11-01,Bogotá,FARMA,1769,63764,104939,713549.82,182736,4.379351963,0.02075019575,118,2103,2371,11675.33,4336,2.930884441,0.03935100274,1.494208336,6.79966285,1.741355,1.645741,4.92422185,1.828764,1.127437
2024-11-01,Cali y Bucaramanga,FARMA,1320,11307,16728,118695.76,28785,4.672889189,0.02300077904,62,276,297,1412.29,543,2.887430633,0.03837845051,1.61835548,7.09563367,1.720768,1.479438,4.75518519,1.828283,1.076087
2024-11-01,Costa,FARMA,1372,13727,23122,154422.28,39570,4.394517518,0.0221224926,57,215,239,1166.36,450,2.854424617,0.0450497401,1.53954583,6.67858663,1.711357,1.684418,4.88016736,1.882845,1.111628
2024-11-01,Costa,FARMA,705,4125,6007,38458.53,10883,4.005074054,0.02051314296,77,474,562,2903.03,1128,2.83620585,0.03560844369,1.412123896,6.40228567,1.81172,1.456242,5.16553381,2.007117,1.185654
2024-11-01,Expansión -  Costa,FARMA,139,707,1045,5255.65,1669,3.457301873,0.02351240468,46,275,313,1954.38,867,2.48811722,0.04269897692,1.389525318,5.02933014,1.597129,1.478076,6.24402556,2.769968,1.138182
2024-11-01,Expansión - Centro,FARMA,123,426,542,3117.05,865,3.91877037,0.03678409111,12,37,40,156.95,75,2.143411765,0.04137921757,1.828286303,5.75101476,1.595941,1.2723,3.92375,1.875,1.081081
2024-11-01,Expansión - Centro,FARMA,138,602,782,4454.08,1300,3.789267011,0.027727469,45,132,156,782,299,2.875477218,0.04641101518,1.317787179,5.69575448,1.662404,1.299003,5.01282051,1.916667,1.181818
2024-11-01,Medellín,FARMA,1668,31051,51065,378688.31,93498,4.583967874,0.01948191147,119,1191,1346,7350.12,2815,2.875845855,0.03801528579,1.593954651,7.41580946,1.830961,1.644553,5.46071322,2.091382,1.130143
2024-12-01,Bogotá,FARMA,1807,63342,105029,743724.83,188809,4.455201255,0.01997301295,121,2429,2721,13625.76,5058,2.954779124,0.05549604008,1.507795022,7.08113788,1.797684,1.658126,5.00762955,1.858875,1.120214
2024-12-01,Bogotá,FARMA,161,1000,1266,7896.51,2198,3.947172971,0.02781312831,34,85,97,518.21,192,2.879583333,0.07506407802,1.370744484,6.23736967,1.736177,1.266,5.34237113,1.979381,1.141176
2024-12-01,Cali y Bucaramanga,FARMA,1243,11438,17378,125162.07,31933,4.473208801,0.01457018337,86,400,437,2362.22,860,3.081987649,0.06536079053,1.45140387,7.20232881,1.837553,1.519322,5.40553776,1.967963,1.0925
2024-12-01,Costa,FARMA,811,4967,7439,49590.59,13203,4.237386324,0.01688031125,76,585,685,3811.7,1482,2.877742538,0.07632084326,1.472468877,6.66629789,1.774835,1.497685,5.56452555,2.163504,1.17094
2024-12-01,Costa,FARMA,1475,14630,25337,177482.65,42991,4.708992793,0.01268136687,66,328,352,1746.95,687,2.858278164,0.08087433217,1.647492834,7.00488021,1.696768,1.731852,4.96292614,1.951705,1.073171
2024-12-01,Expansión -  Costa,FARMA,138,786,1173,6159.96,1871,3.607112035,0.01974075566,53,366,428,2477.78,1077,2.533746212,0.08528241184,1.423627993,5.2514578,1.595055,1.492366,5.78920561,2.516355,1.169399
2024-12-01,Expansión - Centro,FARMA,237,612,783,5361.23,1393,4.358464095,0.02508196525,27,59,65,362.82,127,3.121174243,0.1006287946,1.396418065,6.84703704,1.779055,1.279412,5.58184615,1.953846,1.101695
2024-12-01,Expansión - Centro,FARMA,137,637,827,4919.66,1363,3.93167424,0.02780052187,45,140,159,766.9,318,2.596217593,0.04745065462,1.514385486,5.9488029,1.648126,1.298273,4.82327044,2,1.135714
2024-12-01,Medellín,FARMA,1766,34176,57701,438537.8,109963,4.598413043,0.011124888,130,1232,1349,8175.07,3044,3.066282414,0.06348375761,1.499670422,7.60017677,1.905738,1.688349,6.06009637,2.256486,1.094968
2025-01-01,Bogotá,FARMA,184,956,1219,7801.17,2078,4.181737046,0.02142143098,36,82,96,470.5,181,2.80947479,0.01049958647,1.488440851,6.39964725,1.704676,1.275105,4.90104167,1.885417,1.170732
2025-01-01,Bogotá,FARMA,1812,57993,93736,675689.12,167238,4.564753252,0.02015640801,120,2051,2267,11449.34,3925,3.176094386,0.01371480048,1.437222166,7.20842707,1.784138,1.616333,5.0504367,1.731363,1.105314
2025-01-01,Cali y Bucaramanga,FARMA,1354,11275,17013,126365,29951,4.802543649,0.023295563,66,273,293,1453.73,513,3.089229108,0.01103402171,1.554609089,7.4275554,1.760477,1.508914,4.96153584,1.750853,1.07326
2025-01-01,Costa,FARMA,828,5048,7440,51492.1,13959,4.218205478,0.01789052676,76,378,419,2417.65,851,3.187811471,0.02218874948,1.32322928,6.92098118,1.87621,1.473851,5.77004773,2.031026,1.108466
2025-01-01,Costa,FARMA,1427,13552,22975,162231.24,39051,4.77268641,0.02280396823,52,161,164,859.85,275,3.397110317,0.01172169363,1.404925353,7.0612074,1.699717,1.695322,5.2429878,1.676829,1.018634
2025-01-01,Expansión -  Costa,FARMA,136,782,1026,5470.67,1722,3.471051869,0.02102467523,48,221,256,1390.11,551,2.739553097,0.01894712072,1.267013905,5.33203704,1.678363,1.31202,5.43011719,2.152344,1.158371
2025-01-01,Expansión - Centro,FARMA,144,786,1018,5972.49,1784,3.698417147,0.01727353052,42,135,170,926.63,361,2.808405864,0.01050730644,1.31690978,5.86688605,1.752456,1.295165,5.45076471,2.123529,1.259259
2025-01-01,Expansión - Centro,FARMA,386,726,955,6434.41,1591,4.50239973,0.01560944777,15,25,26,100.55,39,2.70612069,0.02616365505,1.663783787,6.73760209,1.665969,1.315427,3.86730769,1.5,1.04
2025-01-01,Medellín,FARMA,1564,26754,43124,317385.88,79838,4.515736423,0.01592201943,124,874,985,5731.73,1950,3.273453214,0.01540532622,1.379502357,7.35984324,1.851359,1.611871,5.81901523,1.979695,1.127002
2025-02-01,Bogotá,FARMA,1927,61645,99418,733337.97,180513,4.676082704,0.04860744837,127,2796,3144,17103.97,6010,3.114463294,0.06503529451,1.501408834,7.37630982,1.815697,1.61275,5.44019402,1.911578,1.124464
2025-02-01,Bogotá,FARMA,173,952,1246,7820.82,2105,4.020740685,0.06001033791,43,111,127,639.5,239,2.890064516,0.07104453303,1.391228695,6.27674157,1.689406,1.308824,5.03543307,1.88189,1.144144
2025-02-01,Cali y Bucaramanga,FARMA,1381,10411,15437,114032.23,27043,4.866702945,0.04211098513,76,282,310,1696.81,535,3.513373728,0.06032308477,1.385193641,7.38694241,1.75183,1.482759,5.47358065,1.725806,1.099291
2025-02-01,Costa,FARMA,734,4141,6136,41784.7,11231,4.235566849,0.05382135287,77,432,499,2671.51,970,3.045238003,0.06495844555,1.390882041,6.80976206,1.830346,1.481768,5.35372745,1.943888,1.155093
2025-02-01,Costa,FARMA,1481,14039,23430,165768.53,40785,4.73778836,0.04596673986,66,296,308,1700.45,598,3.157718643,0.08080698058,1.500383314,7.07505463,1.740717,1.668922,5.52094156,1.941558,1.040541
2025-02-01,Expansión -  Costa,FARMA,136,620,857,4330.74,1390,3.434921816,0.06999993112,43,204,234,1401.24,592,2.559656085,0.07182610464,1.341946614,5.05337223,1.621937,1.382258,5.98820513,2.529915,1.147059
2025-02-01,Expansión - Centro,FARMA,406,698,929,6746.45,1686,4.517949189,0.04225170424,17,35,38,194.04,74,2.707857143,0.07143254245,1.66845921,7.26205597,1.814855,1.330946,5.10631579,1.947368,1.085714
2025-02-01,Expansión - Centro,FARMA,152,657,864,4995.38,1523,3.654383251,0.06233016918,45,130,152,777.9,280,2.958391026,0.06571183205,1.23526039,5.78168981,1.762731,1.315068,5.11776316,1.842105,1.169231
2025-02-01,Medellín,FARMA,297,21814,32830,209129.5,58935,3.915521793,0.05584018494,123,995,1123,6424.66,2276,3.09217696,0.06590923832,1.266267049,6.3700731,1.795157,1.504997,5.72097952,2.026714,1.128643
2022-01-01,Bogotá,BEBIDAS SIN ALCOHOL,119,946,1542,3664.58,3066,1.294426482,0.027818682,90,440,606,1834.74,1400,1.533024969,0.0170407625,0.8443609908,2.37651102,1.988327,1.630021,3.02762376,2.310231,1.377273
2022-01-01,Bogotá,BEBIDAS SIN ALCOHOL,164,32624,56845,136703.59,131421,1.183594873,0.02065177638,147,14185,21468,63556.77,55169,1.436880936,0.02030242914,0.8237250863,2.4048481,2.311918,1.742429,2.96053522,2.569825,1.51343
2022-01-01,Cali y Bucaramanga,BEBIDAS SIN ALCOHOL,127,3019,5351,13826.48,13388,1.159945718,0.02581914196,106,1252,1673,4631.37,4281,1.295144408,0.01841866271,0.895611108,2.58390581,2.501962,1.772441,2.76830245,2.558876,1.336262
2022-01-01,Costa,BEBIDAS SIN ALCOHOL,123,6137,12135,27371.59,29781,1.026125256,0.0225797062,95,1305,1669,4393.55,3955,1.31417014,0.01600871481,0.7808161399,2.25559044,2.454141,1.97735,2.63244458,2.369682,1.278927
2022-01-01,Costa,BEBIDAS SIN ALCOHOL,111,2487,4640,13383.58,13474,1.15767726,0.01902908713,99,1860,2751,8545.6,8948,1.210523894,0.02017941747,0.9563439981,2.88439224,2.903879,1.865702,3.10636132,3.252635,1.479032
2022-01-01,Medellín,BEBIDAS SIN ALCOHOL,115,14755,31630,73920.47,74702,1.101259308,0.01861018951,101,5012,7185,21186.13,18985,1.387548727,0.0142828256,0.7936725291,2.33703667,2.361745,2.14368,2.9486611,2.64231,1.433559
2022-02-01,Bogotá,BEBIDAS SIN ALCOHOL,103,646,919,2038.61,1887,1.189856197,0.0326396786,86,418,555,1614.81,1258,1.54163392,0.004780024482,0.7718150084,2.21829162,2.053319,1.422601,2.90956757,2.266667,1.327751
2022-02-01,Bogotá,BEBIDAS SIN ALCOHOL,157,32998,56083,138272.14,131201,1.209385188,0.04418360006,140,13379,19558,59859.59,49520,1.499578231,0.01595488494,0.8064835587,2.46549115,2.339408,1.699588,3.06061918,2.531956,1.461843
2022-02-01,Cali y Bucaramanga,BEBIDAS SIN ALCOHOL,124,3383,6003,16320.31,14795,1.258088594,0.04444746128,102,1017,1319,3897.47,3364,1.404006593,0.01691735837,0.8960702897,2.71869232,2.464601,1.774461,2.95486732,2.550417,1.296952
2022-02-01,Costa,BEBIDAS SIN ALCOHOL,114,6094,11833,28416.39,28960,1.095923787,0.0411659051,100,1225,1564,3966.84,3479,1.333664082,0.01073539086,0.8217389984,2.40145272,2.447393,1.941746,2.53634271,2.224425,1.276735
2022-02-01,Costa,BEBIDAS SIN ALCOHOL,111,1985,3654,11647.07,10702,1.276489198,0.04992267301,100,1245,1865,6049.88,5618,1.349031501,0.01829382633,0.9462263831,3.18748495,2.928845,1.840806,3.24390349,3.012332,1.497992
2022-02-01,Medellín,BEBIDAS SIN ALCOHOL,109,15710,31509,79244.12,77588,1.185556662,0.0441886282,100,4171,5732,17600.48,15492,1.384563871,0.02550672145,0.8562672239,2.51496779,2.462408,2.005665,3.07056525,2.702722,1.374251
2022-03-01,Bogotá,BEBIDAS SIN ALCOHOL,72,673,1048,2136.52,2091,1.078364949,0.0461948983,61,454,602,1604.7,1396,1.293425091,0.053970677,0.8337281813,2.03866412,1.995229,1.557207,2.66561462,2.318937,1.325991
2022-03-01,Bogotá,BEBIDAS SIN ALCOHOL,152,39183,72264,178093.41,169523,1.180715857,0.05447439119,136,14671,21781,63792.31,52255,1.493589423,0.04312677393,0.7905223744,2.46448315,2.345885,1.844269,2.92880538,2.399109,1.48463
2022-03-01,Cali y Bucaramanga,BEBIDAS SIN ALCOHOL,124,3981,7512,18710.29,17515,1.198612976,0.05182694824,103,1211,1639,4924.5,4165,1.427091911,0.05057123762,0.8398989349,2.49072018,2.331603,1.886963,3.00457596,2.541184,1.353427
2022-03-01,Costa,BEBIDAS SIN ALCOHOL,109,7528,15768,37331.14,36387,1.129726739,0.055131843,97,1686,2204,5436.14,4597,1.334166677,0.05452419787,0.8467658188,2.36752537,2.307648,2.09458,2.4664882,2.085753,1.307236
2022-03-01,Costa,BEBIDAS SIN ALCOHOL,110,2431,4555,13214.71,12742,1.216090472,0.04699383121,94,1654,2526,7564.77,6640,1.373883305,0.03654385668,0.8851483,2.9011438,2.797366,1.873715,2.99476247,2.628662,1.527207
2022-03-01,Medellín,BEBIDAS SIN ALCOHOL,108,17926,37633,93496.51,92207,1.154781943,0.0507291546,99,5257,7490,23499.91,19097,1.461725365,0.04054156398,0.790012933,2.48442883,2.450163,2.099353,3.13750467,2.549666,1.424767
2022-04-01,Bogotá,BEBIDAS SIN ALCOHOL,67,652,1119,2305.6,2126,1.155671952,0.05390895997,56,446,567,1507.13,1191,1.388316617,0.06022787672,0.8324267952,2.06041108,1.899911,1.716258,2.6580776,2.100529,1.2713
2022-04-01,Bogotá,BEBIDAS SIN ALCOHOL,154,43625,79203,207597.41,182088,1.268091377,0.06902754984,140,13730,19243,63497.84,45394,1.697243956,0.0558710287,0.7471473812,2.62108014,2.299004,1.815542,3.29978901,2.358988,1.401529
2022-04-01,Cali y Bucaramanga,BEBIDAS SIN ALCOHOL,116,4307,7599,19761.88,17839,1.238170922,0.06853268205,99,1271,1656,5222.52,3997,1.565715358,0.05586928299,0.7908020544,2.60058955,2.347546,1.764337,3.15369565,2.413647,1.302911
2022-04-01,Costa,BEBIDAS SIN ALCOHOL,112,8043,16833,43524.96,39046,1.239510571,0.08927302156,102,1647,2094,5857.64,4140,1.575255948,0.05264525856,0.7868629682,2.58569239,2.31961,2.092876,2.79734479,1.977077,1.271403
2022-04-01,Costa,BEBIDAS SIN ALCOHOL,105,3008,5840,18934.8,15920,1.392362627,0.08647290484,94,1879,2756,9623.87,7588,1.561927629,0.04174112452,0.8914386308,3.24226027,2.726027,1.941489,3.49197025,2.753266,1.466738
2022-04-01,Medellín,BEBIDAS SIN ALCOHOL,120,21548,45301,124144.38,107917,1.300803945,0.06722645621,109,5442,7532,25082.04,17946,1.643187542,0.05507673437,0.7916344982,2.74043354,2.382221,2.10233,3.33006373,2.382634,1.38405
2022-05-01,Bogotá,BEBIDAS SIN ALCOHOL,214,45122,84422,251847.41,189028,1.493996082,0.02551235552,191,16612,24887,91864.37,61155,1.839423122,0.02778737523,0.8122090366,2.98319644,2.239085,1.870972,3.69125929,2.457307,1.498134
2022-05-01,Bogotá,BEBIDAS SIN ALCOHOL,72,730,1251,2873.5,2332,1.297843528,0.0266052438,63,468,622,1732.76,1275,1.520526285,0.02967592244,0.8535488936,2.29696243,1.864109,1.713699,2.78578778,2.049839,1.32906
2022-05-01,Cali y Bucaramanga,BEBIDAS SIN ALCOHOL,113,4828,8706,24613.31,19765,1.392089736,0.03787699202,101,1228,1614,4819.79,3845,1.47873126,0.03305441585,0.9414082019,2.82716632,2.270273,1.803231,2.98623916,2.38228,1.314332
2022-05-01,Costa,BEBIDAS SIN ALCOHOL,102,2980,5635,19991.53,15238,1.527168062,0.04445959217,96,1528,2348,7588,5838,1.538615426,0.01472882409,0.9925599576,3.54774268,2.70417,1.89094,3.23168654,2.486371,1.536649
2022-05-01,Costa,BEBIDAS SIN ALCOHOL,109,7985,16622,49646.79,38073,1.450524248,0.03622630509,101,1507,1918,4804.91,3959,1.379710453,0.02503573433,1.051325113,2.98681206,2.290519,2.081653,2.50516684,2.064129,1.272727
2022-05-01,Medellín,BEBIDAS SIN ALCOHOL,189,23423,50197,154201.68,120204,1.454298057,0.02706639349,171,6680,9812,36672.8,24237,1.795447414,0.01812445818,0.8099920084,3.0719302,2.394645,2.143065,3.73754586,2.470139,1.468862
2022-06-01,Bogotá,BEBIDAS SIN ALCOHOL,79,780,1330,3150.06,2573,1.319129441,0.03484403196,68,408,545,1626.97,1309,1.413747753,0.03337386182,0.933072706,2.36846617,1.934586,1.705128,2.98526606,2.401835,1.335784
2022-06-01,Bogotá,BEBIDAS SIN ALCOHOL,215,42423,80578,242488.19,177253,1.521434702,0.0250746584,196,14840,21679,80697.97,54732,1.808143691,0.03412173753,0.8414346214,3.00935975,2.199769,1.899394,3.72240279,2.524655,1.460849
2022-06-01,Cali y Bucaramanga,BEBIDAS SIN ALCOHOL,103,4677,8363,24480.82,19219,1.400803405,0.04983708985,87,1062,1346,3982,3172,1.46424047,0.03672233886,0.9566757877,2.92727729,2.298099,1.788112,2.95839525,2.356612,1.26742
2022-06-01,Costa,BEBIDAS SIN ALCOHOL,105,7796,16229,49507.58,37508,1.461303417,0.02641250192,96,1328,1732,4490.65,3783,1.358590951,0.05225625516,1.075602201,3.05056257,2.311171,2.081709,2.59275404,2.18418,1.304217
2022-06-01,Costa,BEBIDAS SIN ALCOHOL,99,3420,6388,22972.04,16826,1.564789501,0.03395313733,91,1611,2404,7793.36,5977,1.55984314,0.02165247905,1.003171063,3.59612398,2.634001,1.867836,3.24183028,2.486273,1.492241
2022-06-01,Medellín,BEBIDAS SIN ALCOHOL,194,22781,48555,150036.75,115570,1.452019683,0.02518510787,176,5737,8109,30141.89,19647,1.801448205,0.03669008451,0.8060291045,3.09003707,2.380187,2.131381,3.71709089,2.422863,1.413457
2022-07-01,Bogotá,BEBIDAS SIN ALCOHOL,81,914,1514,4089.65,3027,1.44683088,0.03153723088,69,419,531,1705.2,1249,1.515910835,0.03306219602,0.9544300672,2.70122193,1.999339,1.656455,3.21129944,2.352166,1.267303
2022-07-01,Bogotá,BEBIDAS SIN ALCOHOL,230,48821,95345,297729.94,202069,1.619852911,0.02529733001,203,14168,20145,80059.83,51040,1.922777571,0.04016537785,0.8424546527,3.12265919,2.119346,1.952951,3.9741787,2.533631,1.421866
2022-07-01,Cali y Bucaramanga,BEBIDAS SIN ALCOHOL,101,5824,10160,30459.61,22694,1.464574224,0.04023624357,87,1005,1304,3918.39,3113,1.45938247,0.04601813403,1.003557501,2.99799311,2.233661,1.744505,3.00490031,2.38727,1.297512
2022-07-01,Costa,BEBIDAS SIN ALCOHOL,103,4266,8152,31066.44,20825,1.673840639,0.02903019246,94,1679,2467,8985.8,6314,1.666568435,0.03387272317,1.00436358,3.81089794,2.554588,1.910924,3.64239968,2.559384,1.469327
2022-07-01,Costa,BEBIDAS SIN ALCOHOL,114,8960,19181,61622.17,42616,1.57648382,0.01962692528,101,1369,1723,5761.94,4144,1.564857566,0.07725490944,1.007429593,3.21266722,2.221782,2.140737,3.34413233,2.405107,1.258583
2022-07-01,Medellín,BEBIDAS SIN ALCOHOL,215,26884,58677,195328.82,138083,1.587782611,0.0178874614,186,6203,8692,35684.66,23120,1.838406516,0.03508537632,0.8636732942,3.32888219,2.353273,2.182599,4.10546019,2.659917,1.401257
2022-08-01,Bogotá,BEBIDAS SIN ALCOHOL,101,1053,1671,4758.8,3210,1.562993275,0.03676347289,84,523,698,2497.62,1570,1.848208443,0.05704513267,0.8456801943,2.84787552,1.921005,1.586895,3.57825215,2.249284,1.334608
2022-08-01,Bogotá,BEBIDAS SIN ALCOHOL,236,54918,108995,355607.96,235476,1.678297078,0.04187187204,210,14448,21008,86339.94,54695,1.943608648,0.04917197181,0.8634953748,3.26260801,2.160429,1.984686,4.10986005,2.603532,1.454042
2022-08-01,Cali y Bucaramanga,BEBIDAS SIN ALCOHOL,123,7109,12831,39707.17,28287,1.526517844,0.05952974284,110,1180,1522,5350.41,3437,1.822987382,0.05532208871,0.837371591,3.09462785,2.204583,1.804895,3.51538108,2.258213,1.289831
2022-08-01,Costa,BEBIDAS SIN ALCOHOL,137,10270,22176,70487.55,48658,1.578208667,0.04051478279,118,1626,2079,7342.66,4664,1.757138544,0.06208286932,0.8981697388,3.17855114,2.194174,2.159299,3.53182299,2.243386,1.278598
2022-08-01,Costa,BEBIDAS SIN ALCOHOL,129,4263,8082,30949.1,20751,1.673659109,0.04405552354,113,1728,2574,9638.55,6543,1.744977541,0.0461835846,0.9591293125,3.82938629,2.567558,1.895848,3.74458042,2.541958,1.489583
2022-08-01,Medellín,BEBIDAS SIN ALCOHOL,217,30089,67434,227306.77,157254,1.615340735,0.03707544279,191,6129,8628,35138.26,22867,1.855984863,0.04066225968,0.8703415463,3.3708036,2.331969,2.241151,4.07258461,2.650325,1.407734
2022-09-01,Bogotá,BEBIDAS SIN ALCOHOL,109,1049,1718,5413.04,3323,1.751378807,0.06199327336,95,597,786,3184.03,1848,2.04283338,0.06950326119,0.85732827,3.15077998,1.934226,1.63775,4.05092875,2.351145,1.316583
2022-09-01,Bogotá,BEBIDAS SIN ALCOHOL,240,58827,116846,398798.72,245941,1.798105161,0.0690615385,215,14657,20978,86240.78,54045,1.947109134,0.0514709186,0.9234742573,3.41302843,2.10483,1.986265,4.11101058,2.57627,1.431262
2022-09-01,Cali y Bucaramanga,BEBIDAS SIN ALCOHOL,129,7557,14117,46644.8,30427,1.679353934,0.08457468792,111,1203,1593,6160.6,3697,1.881794466,0.06589754026,0.8924215499,3.30415811,2.155345,1.868069,3.86729441,2.320778,1.32419
2022-09-01,Costa,BEBIDAS SIN ALCOHOL,145,10850,23732,79339.79,50607,1.704644937,0.0793780197,119,1673,2118,7214.07,4585,1.754321312,0.0744747883,0.9716834225,3.3431565,2.132437,2.187281,3.40607649,2.164778,1.265989
2022-09-01,Costa,BEBIDAS SIN ALCOHOL,134,4259,8655,32475.21,21081,1.71816469,0.06767981791,114,1505,2223,7837.45,5400,1.70576178,0.05800833811,1.007271185,3.75219064,2.435702,2.032167,3.52561853,2.42915,1.477076
2022-09-01,Medellín,BEBIDAS SIN ALCOHOL,218,29877,65749,246252.71,147618,1.834179513,0.06622672531,191,6666,8974,35289.25,23339,1.812085061,0.0491506372,1.012192834,3.74534533,2.245175,2.200656,3.93238801,2.600735,1.346235
2022-10-01,Bogotá,BEBIDAS SIN ALCOHOL,114,982,1526,4844.29,2996,1.768649487,0.06208061816,96,518,664,2530.73,1448,1.970807485,0.02602393044,0.8974237723,3.17450197,1.963303,1.553971,3.81134036,2.180723,1.281853
2022-10-01,Bogotá,BEBIDAS SIN ALCOHOL,239,63747,130401,442451.99,267402,1.825671839,0.06162157737,213,13182,18693,74164.74,47623,1.913349792,0.01900382674,0.9541756801,3.39301071,2.050613,2.045602,3.96751404,2.547638,1.41807
2022-10-01,Cali y Bucaramanga,BEBIDAS SIN ALCOHOL,135,8461,15880,51815.89,33147,1.714453381,0.07754091315,116,1118,1455,5586.06,3341,1.88686413,0.0232358657,0.9086257744,3.26296537,2.087343,1.876847,3.83921649,2.29622,1.301431
2022-10-01,Costa,BEBIDAS SIN ALCOHOL,139,4622,9619,36709.88,22286,1.824955273,0.05536256476,124,1857,2771,10818.86,6888,1.853731751,0.025596617,0.9844764606,3.81639256,2.316873,2.081134,3.90431613,2.485745,1.492192
2022-10-01,Costa,BEBIDAS SIN ALCOHOL,146,11643,26134,87904.59,54135,1.755808104,0.06793339098,121,1522,1920,6651.93,4101,1.847229088,0.02945043581,0.950509125,3.36361024,2.07144,2.24461,3.46454688,2.135938,1.261498
2022-10-01,Medellín,BEBIDAS SIN ALCOHOL,222,33823,77696,282012.29,173363,1.798281636,0.06499535711,201,5642,7740,31105.39,20314,1.829810801,0.02168938565,0.9827691667,3.62968866,2.231299,2.297135,4.01878424,2.624548,1.371854
2022-11-01,Bogotá,BEBIDAS SIN ALCOHOL,237,66495,136005,507934.01,298900,1.895018323,0.1506460271,211,13619,18969,80001.32,49294,1.992969021,0.08416478868,0.9508518711,3.73467159,2.197713,2.045342,4.21747694,2.598661,1.392834
2022-11-01,Bogotá,BEBIDAS SIN ALCOHOL,120,903,1541,5460.48,3360,1.818432218,0.1674380577,98,566,730,2920.32,1691,2.030077611,0.1007431021,0.8957451716,3.54346528,2.180402,1.706534,4.00043836,2.316438,1.289753
2022-11-01,Cali y Bucaramanga,BEBIDAS SIN ALCOHOL,141,8515,16234,57461.03,36223,1.74844181,0.1555503501,121,1158,1498,5932.83,3849,1.861341527,0.11538844,0.9393449749,3.53954848,2.231305,1.906518,3.96050067,2.569426,1.29361
2022-11-01,Costa,BEBIDAS SIN ALCOHOL,153,12268,28202,109206.88,66961,1.801016325,0.1669077453,126,1447,1807,7323.13,4409,1.879004632,0.1265273413,0.9584948828,3.87230977,2.374335,2.298826,4.05264527,2.439956,1.248791
2022-11-01,Costa,BEBIDAS SIN ALCOHOL,140,4904,10076,41549.39,24632,1.871279546,0.1498671743,121,1602,2404,10370.42,6518,1.908885861,0.08539982605,0.9802993383,4.12359964,2.444621,2.054649,4.31381864,2.711314,1.500624
2022-11-01,Expansión - Centro,BEBIDAS SIN ALCOHOL,14,17,17,41.21,35,1.297386364,0,14,137,175,591.77,332,2.079921875,0.1203088371,0.6237668728,2.42411765,2.058824,1,3.38154286,1.897143,1.277372
2022-11-01,Medellín,BEBIDAS SIN ALCOHOL,217,36955,83760,342964.52,197745,1.930636693,0.1366013557,195,5799,7876,35956.49,21628,1.969112639,0.08939454911,0.9804602615,4.09460984,2.360852,2.26654,4.56532377,2.746064,1.358165
2022-12-01,Bogotá,BEBIDAS SIN ALCOHOL,117,963,1651,6304.01,3651,1.953235775,0.1389953369,96,589,759,3523.9,1993,2.100005703,0.1035100634,0.930109748,3.818298,2.211387,1.714434,4.6428195,2.625823,1.288625
2022-12-01,Bogotá,BEBIDAS SIN ALCOHOL,242,71970,149255,574857.82,343304,1.869164183,0.1777541903,211,13065,17724,80829.71,48328,2.023024807,0.09036035406,0.9239452608,3.85151466,2.300117,2.07385,4.5604666,2.726698,1.356602
2022-12-01,Cali y Bucaramanga,BEBIDAS SIN ALCOHOL,145,11289,21563,79514.1,50419,1.748494003,0.1800017656,122,1311,1703,7536.61,4685,1.956048823,0.1186916755,0.8938907777,3.68752493,2.338218,1.910089,4.42549031,2.751028,1.299008
2022-12-01,Costa,BEBIDAS SIN ALCOHOL,155,14182,33451,135871.02,82257,1.835480828,0.1981214379,128,1657,2050,9566.85,5224,2.014125004,0.1190056022,0.9113043255,4.06179247,2.45903,2.358694,4.6667561,2.548293,1.237176
2022-12-01,Costa,BEBIDAS SIN ALCOHOL,146,6282,13267,58548.18,35640,1.854232139,0.1782829582,122,1981,3000,13470.31,8692,1.88137918,0.108012592,0.98557067,4.41306852,2.686365,2.111907,4.49010333,2.897333,1.514387
2022-12-01,Expansión - Centro,BEBIDAS SIN ALCOHOL,62,265,339,917.93,749,1.365736209,0.03080504476,51,378,489,1901.07,1097,1.9502347,0.1253891258,0.7002932567,2.70775811,2.20944,1.279245,3.88766871,2.243354,1.293651
2022-12-01,Medellín,BEBIDAS SIN ALCOHOL,220,41454,97836,413548.3,237017,1.936020634,0.1720231224,194,5604,7458,36272.51,20997,2.032489006,0.09535156752,0.9525368298,4.22695429,2.422595,2.36011,4.86357066,2.815366,1.330835
2023-01-01,Bogotá,BEBIDAS SIN ALCOHOL,228,37563,55226,191113.4,115181,1.83225833,0.07257489178,198,5349,6191,24329.41,15737,1.943795477,0.04373946562,0.9426188875,3.4605693,2.08563,1.470223,3.92980294,2.541916,1.157413
2023-01-01,Bogotá,BEBIDAS SIN ALCOHOL,106,510,671,2266,1359,1.833824159,0.06514658882,67,202,239,1016.45,563,2.088092307,0.043242625,0.8782294506,3.37704918,2.025335,1.315686,4.25292887,2.355649,1.183168
2023-01-01,Cali y Bucaramanga,BEBIDAS SIN ALCOHOL,143,5418,7851,25084.67,16227,1.696452296,0.07107712401,104,495,552,2205.91,1421,1.927850059,0.04755381221,0.8799710786,3.19509234,2.06687,1.449059,3.99621377,2.574275,1.115152
2023-01-01,Costa,BEBIDAS SIN ALCOHOL,152,7816,12408,42087.87,26143,1.765243817,0.07291530121,102,499,555,1915.04,1188,1.822987932,0.05406441742,0.9683244666,3.39199468,2.106947,1.587513,3.45052252,2.140541,1.112224
2023-01-01,Costa,BEBIDAS SIN ALCOHOL,141,3921,5785,24435.43,14905,1.847928813,0.07246413814,121,949,1171,4492.97,3312,1.667309067,0.04368803027,1.108330093,4.22392913,2.576491,1.475389,3.83686593,2.828352,1.23393
2023-01-01,Expansión - Centro,BEBIDAS SIN ALCOHOL,65,196,236,765.2,553,1.518213319,0.02404674091,45,176,202,693.45,402,1.874367486,0.04504700864,0.8099870119,3.24237288,2.34322,1.204082,3.43292079,1.990099,1.147727
2023-01-01,Medellín,BEBIDAS SIN ALCOHOL,206,23146,38209,144019.27,84627,1.877631636,0.06486230786,174,2334,2644,11183.3,7048,1.929861181,0.04226317913,0.9729361134,3.76924991,2.214845,1.650782,4.22968986,2.665658,1.132819
2023-02-01,Bogotá,BEBIDAS SIN ALCOHOL,114,1006,1842,6427,3715,1.894626578,0.06030464656,94,441,592,2391.05,1376,2.132947123,0.02761399578,0.888267017,3.48914224,2.01683,1.831014,4.03893581,2.324324,1.342404
2023-02-01,Bogotá,BEBIDAS SIN ALCOHOL,231,67692,143511,518390.54,299117,1.910567824,0.06842948561,209,11244,15412,62985.04,38627,2.031352586,0.02356236183,0.9405397357,3.61220074,2.084279,2.120059,4.08675318,2.506294,1.370687
2023-02-01,Cali y Bucaramanga,BEBIDAS SIN ALCOHOL,140,8990,17872,59900.62,36577,1.783668034,0.06663238783,121,929,1189,4531.95,2852,1.953931837,0.03191336375,0.9128609302,3.35164615,2.046609,1.987987,3.81156434,2.398654,1.279871
2023-02-01,Costa,BEBIDAS SIN ALCOHOL,150,12935,29170,105486.18,59423,1.909757499,0.06147620783,122,1060,1300,4576.91,2861,1.787306012,0.03681809066,1.068511764,3.61625574,2.037127,2.255122,3.5207,2.200769,1.226415
2023-02-01,Costa,BEBIDAS SIN ALCOHOL,145,4929,10372,42400.86,24253,1.939224928,0.05689829095,125,1326,1995,7709.19,5072,1.888510623,0.02359135562,1.026854127,4.08801196,2.338315,2.104281,3.86425564,2.542356,1.504525
2023-02-01,Expansión - Centro,BEBIDAS SIN ALCOHOL,79,444,655,1993.41,1419,1.555204813,0.01971432782,66,329,430,1636.13,859,2.206266981,0.01993434638,0.7049032718,3.04337405,2.166412,1.475225,3.80495349,1.997674,1.306991
2023-02-01,Medellín,BEBIDAS SIN ALCOHOL,210,37329,90429,356745.31,198911,1.965546066,0.06315948639,191,4386,5785,25464.46,14849,2.07402368,0.02773612809,0.9476970223,3.94503212,2.199637,2.422487,4.40180812,2.566811,1.318969
2023-03-01,Bogotá,BEBIDAS SIN ALCOHOL,115,1141,2028,6844.3,4068,1.846303387,0.09597026497,96,571,802,3119.55,1801,2.088513217,0.07309658301,0.8840276289,3.37490138,2.005917,1.777388,3.88971322,2.245636,1.404553
2023-03-01,Bogotá,BEBIDAS SIN ALCOHOL,228,73674,161481,575160.38,329877,1.926778676,0.0902391306,202,12131,16627,68791.42,41534,2.031173668,0.06601142197,0.9486036109,3.56178362,2.042822,2.191832,4.13733205,2.497985,1.370621
2023-03-01,Cali y Bucaramanga,BEBIDAS SIN ALCOHOL,141,9724,19541,66519.08,39985,1.811194957,0.09875770675,119,1051,1327,5088.38,3109,1.95977457,0.09158068516,0.9241853551,3.40407758,2.046211,2.009564,3.83449887,2.342879,1.262607
2023-03-01,Costa,BEBIDAS SIN ALCOHOL,145,5466,11757,48517.07,27653,1.94709292,0.0851333339,127,1377,2149,8789.37,5636,1.856303175,0.05344569277,1.048908899,4.12665391,2.352046,2.150933,4.08998139,2.622615,1.560639
2023-03-01,Costa,BEBIDAS SIN ALCOHOL,148,13136,31161,111694.34,63513,1.898936705,0.08984713552,118,1265,1569,5336.26,3380,1.795018979,0.1010479219,1.057892272,3.58442733,2.038221,2.372183,3.401058,2.154238,1.240316
2023-03-01,Expansión - Centro,BEBIDAS SIN ALCOHOL,94,500,771,2324.41,1635,1.608060482,0.02489395176,75,391,539,2162.42,1061,2.210042185,0.08588343334,0.7276152884,3.01479896,2.120623,1.542,4.01191095,1.96846,1.378517
2023-03-01,Medellín,BEBIDAS SIN ALCOHOL,209,38637,95889,371507.96,209499,1.948901731,0.08464911585,187,4737,6206,27305.78,16196,2.051740746,0.07154478836,0.9498771879,3.87435431,2.184807,2.481792,4.3999001,2.609733,1.310112
2023-04-01,Bogotá,BEBIDAS SIN ALCOHOL,124,1228,2211,7288.29,4353,1.841316743,0.09343366041,100,533,712,2826.76,1693,2.001898782,0.07347698796,0.9197851361,3.2963772,1.968792,1.800489,3.97016854,2.377809,1.335835
2023-04-01,Bogotá,BEBIDAS SIN ALCOHOL,223,77055,162551,562013.43,325850,1.904116613,0.09243791656,193,11793,15954,62432.45,39355,1.942143745,0.06827664499,0.9804200218,3.45745907,2.004602,2.109545,3.9132788,2.466779,1.352836
2023-04-01,Cali y Bucaramanga,BEBIDAS SIN ALCOHOL,143,11887,22758,74416.02,44026,1.821839982,0.09784426495,119,1216,1513,5377.74,3521,1.822157588,0.07529654207,0.9998256981,3.269884,1.934529,1.914528,3.55435558,2.327165,1.244243
2023-04-01,Costa,BEBIDAS SIN ALCOHOL,150,15543,35493,122950.28,69685,1.895493016,0.0884378337,122,1315,1630,5157.88,3348,1.726862457,0.06941948183,1.097651412,3.46407123,1.963345,2.283536,3.16434356,2.053988,1.239544
2023-04-01,Costa,BEBIDAS SIN ALCOHOL,146,6287,13301,53155.55,30705,1.943484546,0.08793753384,125,1771,2716,10450.03,6569,1.865872897,0.05043664447,1.041595357,3.99635742,2.308473,2.115635,3.847581,2.41863,1.533597
2023-04-01,Expansión - Centro,BEBIDAS SIN ALCOHOL,103,837,1409,3932.6,2834,1.543588413,0.02832487341,80,502,756,2550.87,1477,1.897204205,0.06010542953,0.8136121609,2.79105749,2.011356,1.683393,3.37416667,1.953704,1.505976
2023-04-01,Medellín,BEBIDAS SIN ALCOHOL,209,40872,97472,370990,208145,1.961794529,0.08752777147,181,5034,6550,25417.13,16344,1.861333992,0.07289274665,1.053972332,3.80611868,2.135434,2.384811,3.88047786,2.495267,1.301152
2023-05-01,Bogotá,BEBIDAS SIN ALCOHOL,115,1251,2368,7398.83,4752,1.704037898,0.106132602,90,470,677,2722.18,1612,2.053064956,0.04703728407,0.8299970699,3.12450591,2.006757,1.892886,4.02094535,2.381093,1.440426
2023-05-01,Bogotá,BEBIDAS SIN ALCOHOL,221,81733,178994,581656.6,359286,1.785819796,0.08544543369,192,12444,17521,64325.32,42772,1.840526433,0.04953765604,0.970276636,3.24958714,2.007252,2.189984,3.67132698,2.441185,1.407988
2023-05-01,Cali y Bucaramanga,BEBIDAS SIN ALCOHOL,141,12676,25428,77820.95,50047,1.683316564,0.1005675899,116,1141,1483,5182.28,3483,1.747658832,0.052928247,0.9631837362,3.06044321,1.968185,2.005996,3.49445718,2.348618,1.299737
2023-05-01,Costa,BEBIDAS SIN ALCOHOL,150,16662,39652,128320.98,79606,1.743149341,0.0917689411,113,1365,1671,5414.42,3457,1.693112638,0.06193982465,1.029553086,3.23617926,2.007616,2.379786,3.24022741,2.068821,1.224176
2023-05-01,Costa,BEBIDAS SIN ALCOHOL,149,6300,13826,52382.95,31334,1.843155405,0.08499936241,123,1634,2532,8913.55,5778,1.746080758,0.03543560167,1.055595737,3.78872776,2.26631,2.194603,3.5203594,2.281991,1.549572
2023-05-01,Expansión - Centro,BEBIDAS SIN ALCOHOL,110,815,1387,3938.6,2867,1.549783796,0.02512278206,90,424,646,2374.97,1347,1.926505672,0.04501042197,0.8044532744,2.83965393,2.067051,1.70184,3.67642415,2.085139,1.523585
2023-05-01,Medellín,BEBIDAS SIN ALCOHOL,204,44152,109733,395270.85,235668,1.840884169,0.08051359811,181,5366,7295,27233.02,18065,1.782784658,0.04835331095,1.032589191,3.60211468,2.147649,2.485346,3.73310761,2.476354,1.359486
2023-06-01,Bogotá,BEBIDAS SIN ALCOHOL,228,80390,175982,568372.03,345441,1.808909824,0.06698188931,194,11307,15559,58251.62,37050,1.917340153,0.03693843546,0.943447526,3.22971685,1.962934,2.189103,3.74391799,2.381258,1.37605
2023-06-01,Bogotá,BEBIDAS SIN ALCOHOL,130,1187,2167,6725.91,4224,1.737888939,0.07379316087,108,515,719,3113.4,1839,2.118176512,0.0415928252,0.8204646445,3.10378865,1.949239,1.825611,4.33018081,2.557719,1.396117
2023-06-01,Cali y Bucaramanga,BEBIDAS SIN ALCOHOL,141,12961,26264,80373.92,50902,1.69573481,0.07331413088,113,1125,1469,5232.63,3281,1.84966589,0.04306657197,0.9167789812,3.0602315,1.93809,2.026387,3.5620354,2.233492,1.305778
2023-06-01,Costa,BEBIDAS SIN ALCOHOL,148,7064,15841,57598.56,34067,1.842203263,0.06984836889,131,1768,2677,9875.09,6432,1.794490331,0.03184800117,1.02658857,3.63604318,2.150559,2.242497,3.6888644,2.40269,1.51414
2023-06-01,Costa,BEBIDAS SIN ALCOHOL,155,16542,40402,132549.01,79328,1.79267096,0.06988875271,121,1239,1542,5177.31,3313,1.7688457,0.0472555606,1.013469383,3.28075368,1.963467,2.442389,3.35752918,2.148508,1.244552
2023-06-01,Expansión - Centro,BEBIDAS SIN ALCOHOL,110,859,1448,4139.66,2855,1.586528491,0.01945396072,86,407,626,2344.93,1295,2.046479361,0.04038916804,0.7752477361,2.85888122,1.971685,1.685681,3.74589457,2.06869,1.538084
2023-06-01,Medellín,BEBIDAS SIN ALCOHOL,207,43895,110729,389299.14,232051,1.833748049,0.066111871,185,4477,5829,22679.42,14396,1.908049565,0.03878884572,0.9610589177,3.51578304,2.095666,2.522588,3.89079087,2.46972,1.301988
2023-07-01,Bogotá,BEBIDAS SIN ALCOHOL,229,83423,182819,579244.01,360799,1.772389713,0.07730864027,193,10821,14729,56346.55,35431,1.963273642,0.04165395393,0.9027726317,3.16840159,1.973531,2.19147,3.82555163,2.405527,1.36115
2023-07-01,Bogotá,BEBIDAS SIN ALCOHOL,136,1270,2355,7474.3,4595,1.762277381,0.08864527984,106,473,655,2625.71,1455,2.197087869,0.0442657248,0.8020969055,3.17380042,1.951168,1.854331,4.00871756,2.221374,1.384778
2023-07-01,Cali y Bucaramanga,BEBIDAS SIN ALCOHOL,141,14122,29024,87120.37,56937,1.656150564,0.08760573752,117,1103,1452,5481.07,3259,1.916590365,0.04765549054,0.8641129547,3.00166655,1.961721,2.055233,3.7748416,2.24449,1.31641
2023-07-01,Costa,BEBIDAS SIN ALCOHOL,156,17393,42765,139849.06,85121,1.772902713,0.07822178309,120,1242,1521,4749.93,3337,1.724868901,0.05371122871,1.027847804,3.27017561,1.990436,2.458748,3.12289941,2.193951,1.224638
2023-07-01,Costa,BEBIDAS SIN ALCOHOL,149,7583,17159,62405.14,38035,1.804381116,0.07319466578,124,1914,2857,10420.62,6761,1.814634023,0.0497060537,0.9943498766,3.63687511,2.216621,2.262825,3.64739937,2.366468,1.492685
2023-07-01,Expansión - Centro,BEBIDAS SIN ALCOHOL,117,941,1653,4570.93,3292,1.518947142,0.01669158272,85,444,682,2627.07,1442,2.045968512,0.05406193024,0.7424098333,2.76523291,1.991531,1.756642,3.8520088,2.11437,1.536036
2023-07-01,Medellín,BEBIDAS SIN ALCOHOL,205,46562,120163,421200.96,251299,1.831846261,0.073676013,182,4880,6368,26977.04,16324,2.008977157,0.04696609729,0.9118303086,3.50524671,2.091318,2.58071,4.23634422,2.563442,1.304918
2023-08-01,Bogotá,BEBIDAS SIN ALCOHOL,230,80997,178809,586915.29,351997,1.836673439,0.05390818183,195,11552,15926,61184.85,37587,1.995515296,0.02860520567,0.9204005814,3.28235877,1.968564,2.2076,3.84182155,2.360103,1.378636
2023-08-01,Bogotá,BEBIDAS SIN ALCOHOL,132,1358,2608,8331.36,5053,1.76828473,0.06274995632,102,500,695,2840.08,1626,2.100976862,0.04105346584,0.8416488361,3.19453988,1.9375,1.920471,4.08644604,2.339568,1.39
2023-08-01,Cali y Bucaramanga,BEBIDAS SIN ALCOHOL,143,12955,26330,82622.75,52719,1.697818004,0.06067453173,125,1309,1675,6015.29,3539,1.940017166,0.03793552276,0.8751561758,3.13797,2.002241,2.03242,3.59121791,2.112836,1.279603
2023-08-01,Costa,BEBIDAS SIN ALCOHOL,157,16427,40607,135772.17,80783,1.827931598,0.05656670839,125,1310,1613,4962.73,3134,1.804883682,0.04182424592,1.012769751,3.34356564,1.989386,2.471967,3.076708,1.942963,1.231298
2023-08-01,Costa,BEBIDAS SIN ALCOHOL,148,6818,15729,55472.69,34663,1.778675128,0.05231972242,122,1866,2823,10331.44,6361,1.8789138,0.03191604917,0.9466507339,3.52677793,2.203764,2.306982,3.65973787,2.253277,1.512862
2023-08-01,Expansión - Centro,BEBIDAS SIN ALCOHOL,126,1044,1743,4854.43,3317,1.582064017,0.0204924837,95,473,757,2832.22,1557,2.035910881,0.02973035028,0.777079209,2.7851004,1.903041,1.66954,3.74137384,2.056803,1.600423
2023-08-01,Medellín,BEBIDAS SIN ALCOHOL,207,46159,115403,427170.3,245233,1.912622836,0.05425765961,183,4862,6293,24866.34,15317,1.942187,0.02869172427,0.9847779003,3.70155282,2.125014,2.500119,3.95142857,2.433974,1.294323
2023-09-01,Bogotá,BEBIDAS SIN ALCOHOL,233,81381,180462,610486.84,350563,1.926321538,0.0490994157,195,11390,15414,58490.06,35888,1.96975318,0.04507848743,0.9779507184,3.38291075,1.942586,2.217495,3.7946062,2.328273,1.353292
2023-09-01,Bogotá,BEBIDAS SIN ALCOHOL,134,1316,2555,8232.97,4893,1.830917895,0.05839476891,102,498,675,2662.24,1508,2.074849577,0.05461954963,0.88243404,3.22229746,1.915068,1.941489,3.94405926,2.234074,1.355422
2023-09-01,Cali y Bucaramanga,BEBIDAS SIN ALCOHOL,149,12606,26170,84523.52,51184,1.787612787,0.05466600141,123,1271,1599,5600.45,3495,1.869205224,0.05828194084,0.9563491287,3.22978678,1.955827,2.075996,3.50247029,2.185741,1.258065
2023-09-01,Costa,BEBIDAS SIN ALCOHOL,162,16522,40395,136664.99,78645,1.892873262,0.05020933609,121,1367,1703,4871.03,3358,1.650181748,0.06564056544,1.147069567,3.3832155,1.946899,2.444922,2.86026424,1.971814,1.245794
2023-09-01,Costa,BEBIDAS SIN ALCOHOL,155,6332,14575,53296.04,31053,1.884444935,0.04496873879,127,1749,2586,9329.87,5761,1.882139903,0.03505646749,1.001224687,3.65667513,2.130566,2.3018,3.60783836,2.227765,1.478559
2023-09-01,Expansión - Centro,BEBIDAS SIN ALCOHOL,125,1137,1863,5382.75,3559,1.636895607,0.04889936042,91,552,830,2914.21,1632,1.959249468,0.06006876916,0.835470742,2.88929147,1.91036,1.638522,3.51109639,1.966265,1.503623
2023-09-01,Medellín,BEBIDAS SIN ALCOHOL,218,44946,111470,421039.54,233155,1.987330191,0.05224269398,180,4636,5973,23770.19,14297,1.972408463,0.04950037601,1.007565232,3.77715565,2.091639,2.480087,3.97960656,2.393605,1.288395
2023-10-01,Bogotá,BEBIDAS SIN ALCOHOL,137,1346,2595,7898.43,4772,1.831937345,0.04153745222,110,545,807,3103.13,1988,1.871973879,0.01558427174,0.9786126638,3.04371098,1.838921,1.927935,3.84526642,2.463445,1.480734
2023-10-01,Bogotá,BEBIDAS SIN ALCOHOL,238,79225,175053,577564.12,335820,1.90853352,0.04345298548,199,10999,15164,57423.87,35319,1.993271484,0.01891505514,0.9574879963,3.29936716,1.91839,2.209568,3.78685505,2.329135,1.378671
2023-10-01,Cali y Bucaramanga,BEBIDAS SIN ALCOHOL,150,11377,23065,71141.9,43800,1.760299796,0.04872573354,125,1148,1513,5529.24,3282,1.900895245,0.02703662597,0.9260372448,3.08440928,1.898981,2.027336,3.65448777,2.1692,1.317944
2023-10-01,Costa,BEBIDAS SIN ALCOHOL,166,15709,37685,126083.65,72624,1.903336999,0.0468153286,125,1070,1273,3856.73,2559,1.768405608,0.02343794335,1.076301155,3.34572509,1.927133,2.398943,3.02963865,2.010212,1.18972
2023-10-01,Costa,BEBIDAS SIN ALCOHOL,160,6674,15352,54253.74,31628,1.90543011,0.0470116467,131,1619,2498,9764.84,5929,1.940932471,0.01194804074,0.9817086055,3.53398515,2.060188,2.30027,3.90906325,2.373499,1.542928
2023-10-01,Expansión - Centro,BEBIDAS SIN ALCOHOL,124,945,1589,4476.81,3001,1.642021963,0.07040142513,93,493,760,2688.54,1514,1.9812533,0.0193791116,0.8287794208,2.81737571,1.888609,1.681481,3.53755263,1.992105,1.541582
2023-10-01,Medellín,BEBIDAS SIN ALCOHOL,221,41448,100694,368084.84,202658,1.996061461,0.04262147789,186,4301,5629,21969.23,13092,1.990719034,0.01974874112,1.002683667,3.65547937,2.012612,2.429406,3.90286552,2.325813,1.308765
2023-11-01,Bogotá,BEBIDAS SIN ALCOHOL,234,78168,171284,556772.75,330102,1.875730835,0.04364073644,199,11236,15637,60493.28,36709,1.989976977,0.03574040373,0.9425892143,3.25058237,1.92722,2.191229,3.86859884,2.347573,1.391687
2023-11-01,Bogotá,BEBIDAS SIN ALCOHOL,136,1394,2870,8521.3,5309,1.774172529,0.04255120518,109,507,715,2749.87,1717,1.917535676,0.0345107595,0.9252357343,2.96909408,1.849826,2.058824,3.84597203,2.401399,1.410256
2023-11-01,Cali y Bucaramanga,BEBIDAS SIN ALCOHOL,154,11104,22150,65392.52,41800,1.696232051,0.04949041836,123,1289,1646,5778.87,3370,1.924154345,0.03585133737,0.881546772,2.95225824,1.887133,1.994777,3.51085662,2.047388,1.276959
2023-11-01,Costa,BEBIDAS SIN ALCOHOL,166,15599,37762,122558.57,73248,1.854468125,0.05007499452,123,1105,1326,4004.99,2741,1.74736654,0.04131666539,1.061293141,3.24555294,1.939728,2.420796,3.02035445,2.067119,1.2
2023-11-01,Costa,BEBIDAS SIN ALCOHOL,156,6522,15651,55209.03,32431,1.871654638,0.04999848065,129,1577,2459,9067.07,5852,1.858645069,0.02906119666,1.006999491,3.52750815,2.072136,2.399724,3.68729972,2.379829,1.55929
2023-11-01,Expansión - Centro,BEBIDAS SIN ALCOHOL,126,1017,1816,5140.57,3394,1.650519427,0.04976576352,95,502,780,2813.21,1607,1.91938232,0.03399157733,0.8599221791,2.83071035,1.868943,1.785644,3.60667949,2.060256,1.553785
2023-11-01,Medellín,BEBIDAS SIN ALCOHOL,220,41168,93795,332927.88,191682,1.919015249,0.03756600011,187,5482,7103,28366.01,16946,1.991766398,0.04299746144,0.9634740551,3.54952695,2.043627,2.278347,3.99352527,2.385752,1.295695
2023-12-01,Bogotá,BEBIDAS SIN ALCOHOL,139,1563,3045,10013.25,5895,1.868918448,0.0713062527,111,577,801,3484.42,2043,2.075571545,0.03965540464,0.9004355703,3.28842365,1.935961,1.948177,4.35008739,2.550562,1.388215
2023-12-01,Bogotá,BEBIDAS SIN ALCOHOL,238,83818,186226,625847.77,372697,1.857045871,0.06827162005,203,11837,16219,66703,37791,2.099338421,0.03318136034,0.8845862355,3.36068954,2.001316,2.22179,4.11264566,2.330045,1.370195
2023-12-01,Cali y Bucaramanga,BEBIDAS SIN ALCOHOL,159,14576,29460,93640.58,57634,1.743968796,0.0721950405,133,1491,1897,7579.28,4288,1.98909715,0.03346654955,0.876764011,3.17856687,1.956348,2.021131,3.99540327,2.260411,1.2723
2023-12-01,Costa,BEBIDAS SIN ALCOHOL,163,8558,20047,72772.96,42785,1.868938414,0.07071473515,136,2249,3397,14549.77,8374,2.049916015,0.02854102165,0.9117146265,3.63011722,2.134235,2.342487,4.28312334,2.465116,1.510449
2023-12-01,Costa,BEBIDAS SIN ALCOHOL,175,17107,43452,148679.32,87209,1.855287482,0.07576372714,133,1404,1701,7503.51,3731,2.133232517,0.06241955393,0.8697071076,3.42169106,2.007019,2.540013,4.41123457,2.193416,1.211538
2023-12-01,Expansión - Centro,BEBIDAS SIN ALCOHOL,126,1104,2075,6230.46,3949,1.702259551,0.02375539717,96,559,887,3248.57,1755,1.98278989,0.0468456793,0.8585173646,3.00263133,1.903133,1.879529,3.6624239,1.978579,1.586762
2023-12-01,Medellín,BEBIDAS SIN ALCOHOL,217,45306,112234,404329.33,235930,1.884374706,0.07068117744,186,5459,7204,31960.32,17634,2.141870605,0.03741039809,0.8797798994,3.60255653,2.102126,2.477244,4.43646863,2.447807,1.319656
2024-01-01,Bogotá,BEBIDAS SIN ALCOHOL,157,1470,2780,8451.89,5391,1.775484989,0.02345713221,113,525,718,3019.17,1877,2.039305669,0.02012685649,0.8706321059,3.0402482,1.939209,1.891156,4.20497214,2.614206,1.367619
2024-01-01,Bogotá,BEBIDAS SIN ALCOHOL,247,76117,168509,535848.46,330265,1.83301827,0.02001727983,205,11706,16391,60682.02,39274,1.902789328,0.01288808179,0.9633322212,3.17993971,1.959925,2.213816,3.70215484,2.396071,1.400222
2024-01-01,Cali y Bucaramanga,BEBIDAS SIN ALCOHOL,178,12442,25880,75625.18,49148,1.677691835,0.02382028416,139,1304,1698,5898.53,3721,1.854327348,0.01756608409,0.9047441581,2.9221476,1.899073,2.080051,3.47381037,2.191402,1.302147
2024-01-01,Costa,BEBIDAS SIN ALCOHOL,191,15600,38021,118086.46,71936,1.825008544,0.02292612138,136,1112,1327,4287.74,2968,1.745991593,0.01949006388,1.045256203,3.10582205,1.892007,2.437244,3.23115298,2.236624,1.193345
2024-01-01,Costa,BEBIDAS SIN ALCOHOL,184,8455,18287,67854.29,40019,1.912309557,0.0241453327,146,1972,3087,12374.86,7877,1.912579675,0.01200810366,0.9998587681,3.71052059,2.188385,2.162862,4.008701,2.551668,1.565416
2024-01-01,Expansión - Centro,BEBIDAS SIN ALCOHOL,133,1078,1850,5548.26,3476,1.745839014,0.04068771706,108,552,904,3404.98,2125,1.850103073,0.01565164028,0.9436441893,2.99905946,1.878919,1.716141,3.7665708,2.350664,1.637681
2024-01-01,Medellín,BEBIDAS SIN ALCOHOL,228,43118,109408,373668.79,222557,1.859394499,0.02003083523,190,4878,6563,24731.6,15818,1.909706233,0.01346158987,0.973654726,3.4153699,2.034193,2.537409,3.76833765,2.410178,1.345428
2024-02-01,Bogotá,BEBIDAS SIN ALCOHOL,255,81716,181017,576158.98,352338,1.842613108,0.02549951279,216,11837,16622,61877.99,39322,1.938901169,0.02201358266,0.9503388504,3.18289984,1.946436,2.215197,3.72265612,2.36566,1.404241
2024-02-01,Bogotá,BEBIDAS SIN ALCOHOL,167,1741,3322,10757.59,6492,1.885113148,0.0301069625,122,464,657,3013.06,1824,2.041595544,0.02377815248,0.9233528911,3.23828718,1.954244,1.908099,4.58608828,2.776256,1.415948
2024-02-01,Cali y Bucaramanga,BEBIDAS SIN ALCOHOL,189,12673,25927,76354.19,49679,1.682454667,0.03443988953,146,1226,1637,5769.04,3553,1.918656711,0.02724437843,0.8768919721,2.94496818,1.916111,2.045845,3.52415394,2.170434,1.335237
2024-02-01,Costa,BEBIDAS SIN ALCOHOL,208,16468,38202,119497.87,73091,1.839172976,0.02314527025,142,1025,1256,4232.16,2782,1.763524751,0.05233230618,1.042896038,3.12805272,1.913277,2.319772,3.36955414,2.214968,1.225366
2024-02-01,Costa,BEBIDAS SIN ALCOHOL,197,6462,13915,49173.9,29337,1.919611423,0.03711656092,159,2041,3151,12403.18,8352,1.848506016,0.01844893684,1.038466419,3.53387711,2.1083,2.153358,3.93626785,2.650587,1.543851
2024-02-01,Expansión - Centro,BEBIDAS SIN ALCOHOL,141,1236,2154,6466.42,4098,1.731186835,0.05267152188,112,482,799,2952.04,1815,1.907914655,0.02571935217,0.9073712133,3.002052,1.902507,1.742718,3.69466834,2.271589,1.657676
2024-02-01,Medellín,BEBIDAS SIN ALCOHOL,243,42090,103147,366228.96,214044,1.905302754,0.0283292952,201,5221,7185,28545.44,17259,1.973031144,0.01885604991,0.9656729242,3.55055368,2.075135,2.45063,3.97292136,2.402088,1.376173
2024-03-01,Bogotá,BEBIDAS SIN ALCOHOL,188,2079,3942,12622.51,7445,1.887818903,0.04387173293,142,645,993,4068.63,2389,2.020516248,0.04658573815,0.9343250295,3.20205733,1.888635,1.896104,4.09731118,2.405841,1.539535
2024-03-01,Bogotá,BEBIDAS SIN ALCOHOL,276,91627,205302,659693.61,398584,1.867163149,0.04032038218,237,13625,19480,73884.54,43692,2.003837137,0.04465535473,0.9317938641,3.21328389,1.941452,2.240628,3.79284086,2.242916,1.429725
2024-03-01,Cali y Bucaramanga,BEBIDAS SIN ALCOHOL,213,15651,32308,95465.91,60594,1.716795569,0.04508803189,169,1571,2025,7544.31,4631,1.907845773,0.04760719683,0.8998607717,2.95486907,1.875511,2.064277,3.72558519,2.286914,1.288988
2024-03-01,Costa,BEBIDAS SIN ALCOHOL,218,8712,19256,69739.83,39871,1.954224718,0.0484730627,184,2438,3869,16243.84,9008,2.060826391,0.04971870162,0.9482723664,3.62171946,2.070575,2.210285,4.19845955,2.32825,1.586957
2024-03-01,Costa,BEBIDAS SIN ALCOHOL,227,18871,45848,146772.86,87044,1.879953576,0.04802013274,152,1127,1393,5001.17,2783,1.983786372,0.0641341299,0.9476592854,3.20129253,1.898534,2.429548,3.59021536,1.997846,1.236025
2024-03-01,Expansión -  Costa,BEBIDAS SIN ALCOHOL,156,855,1416,4516.24,2673,1.821996544,0.03661757624,132,1231,1770,7324.97,4319,1.969126842,0.05163411674,0.925281452,3.18943503,1.887712,1.65614,4.13840113,2.440113,1.437855
2024-03-01,Expansión - Centro,BEBIDAS SIN ALCOHOL,162,1443,2713,8412.63,5383,1.742302227,0.1226965047,130,653,1028,3682.26,2173,1.930428093,0.04808013722,0.902547074,3.10085883,1.98415,1.880111,3.58196498,2.113813,1.574273
2024-03-01,Expansión - Centro,BEBIDAS SIN ALCOHOL,112,310,437,1287.16,889,1.637372465,0.07297715073,73,244,333,1038.92,734,1.696755361,0.05247290457,0.9650020871,2.94544622,2.034325,1.409677,3.11987988,2.204204,1.364754
2024-03-01,Medellín,BEBIDAS SIN ALCOHOL,263,46245,115929,411749.83,240945,1.903458138,0.04002476312,217,6385,8686,35794.57,20519,2.062409381,0.04426245129,0.9229293442,3.55174141,2.078384,2.506844,4.1209498,2.362307,1.360376
2024-04-01,Bogotá,BEBIDAS SIN ALCOHOL,288,92148,210067,683485.55,414567,1.878638212,0.03573986218,249,14528,21271,82586.02,48679,2.035068117,0.052095136,0.9231328406,3.25365502,1.973499,2.27967,3.88256405,2.288515,1.464138
2024-04-01,Bogotá,BEBIDAS SIN ALCOHOL,195,2020,3914,11978.46,7423,1.812062599,0.04004865656,150,564,808,3667.17,1953,2.20117237,0.06799036306,0.8232261243,3.0604139,1.896525,1.937624,4.53857673,2.417079,1.432624
2024-04-01,Cali y Bucaramanga,BEBIDAS SIN ALCOHOL,219,14029,28670,84274.12,53311,1.726169796,0.04209091364,173,1573,2073,6812.72,4265,1.846019906,0.04948366925,0.9350764803,2.93945309,1.85947,2.043624,3.28640617,2.057405,1.317864
2024-04-01,Costa,BEBIDAS SIN ALCOHOL,226,7473,16989,60950.85,35394,1.919955972,0.04420416201,188,2155,3615,14625.31,8234,2.025957464,0.04883286271,0.9476783229,3.58766555,2.083348,2.273384,4.04572891,2.277732,1.677494
2024-04-01,Costa,BEBIDAS SIN ALCOHOL,235,18021,44873,141515.8,85561,1.857162522,0.03614986764,168,1447,1837,6581.28,3688,1.999724878,0.06182548484,0.9287090155,3.15369599,1.906737,2.490039,3.58262384,2.007621,1.269523
2024-04-01,Expansión -  Costa,BEBIDAS SIN ALCOHOL,173,1107,2025,6067.92,3538,1.807178541,0.03071122471,136,902,1325,4886.56,2945,1.89775933,0.04917061685,0.9522696117,2.9965037,1.74716,1.829268,3.68796981,2.222642,1.468958
2024-04-01,Expansión - Centro,BEBIDAS SIN ALCOHOL,154,818,1417,3389.36,2532,1.441289557,0.08634258156,84,254,355,1187.89,687,1.90515596,0.06257175712,0.756520509,2.39192661,1.786874,1.732274,3.34616901,1.935211,1.397638
2024-04-01,Expansión - Centro,BEBIDAS SIN ALCOHOL,164,1193,2331,6802.31,4199,1.755190668,0.07810848422,119,563,930,3334.21,1978,1.850424854,0.04375060068,0.9485338812,2.91819391,1.801373,1.953898,3.58517204,2.126882,1.651865
2024-04-01,Medellín,BEBIDAS SIN ALCOHOL,274,42959,106025,379859.53,218284,1.934735905,0.03737104905,232,6256,8667,35871.48,20123,2.075072395,0.0542617329,0.9323703164,3.58273549,2.058797,2.468051,4.13885774,2.321795,1.38539
2024-05-01,Bogotá,BEBIDAS SIN ALCOHOL,301,96947,227383,747627.44,452484,1.870312907,0.03540085536,254,14071,20223,74926.48,47522,1.88670018,0.02855642811,0.9913143205,3.28796542,1.989964,2.345436,3.7050131,2.349899,1.437211
2024-05-01,Bogotá,BEBIDAS SIN ALCOHOL,198,2179,4338,13543.66,8338,1.811844243,0.03983956381,139,615,910,3756.82,2150,2.052442701,0.03700136971,0.8827745797,3.12209774,1.922084,1.990821,4.12837363,2.362637,1.479675
2024-05-01,Cali y Bucaramanga,BEBIDAS SIN ALCOHOL,237,13849,27427,82421.32,51025,1.759505677,0.04540738222,175,1692,2216,7209.07,4483,1.812078079,0.03596789432,0.9709877834,3.00511613,1.860393,1.980432,3.25319043,2.023014,1.309693
2024-05-01,Costa,BEBIDAS SIN ALCOHOL,247,19732,50842,158737.14,96007,1.821346519,0.03639424284,170,1627,2052,6590.53,4072,1.795979096,0.04018324457,1.014124565,3.12216553,1.88834,2.576627,3.21175926,1.984405,1.261217
2024-05-01,Costa,BEBIDAS SIN ALCOHOL,238,8412,19141,68097.11,39844,1.910425402,0.03983257062,193,2408,4020,15512.47,9289,1.921676806,0.03186262932,0.9941450071,3.55765686,2.081605,2.27544,3.85882338,2.310697,1.669435
2024-05-01,Expansión -  Costa,BEBIDAS SIN ALCOHOL,185,1089,2209,6589.83,3863,1.835918749,0.03760209321,152,1191,1782,6385.18,4094,1.794962625,0.03348146375,1.022817257,2.98317338,1.748755,2.028466,3.58315376,2.297419,1.496222
2024-05-01,Expansión - Centro,BEBIDAS SIN ALCOHOL,166,1068,2175,4989.07,3819,1.378510504,0.07935911163,89,232,339,1242.98,737,1.815478416,0.04944875054,0.7593097733,2.29382529,1.755862,2.036517,3.66660767,2.174041,1.461207
2024-05-01,Expansión - Centro,BEBIDAS SIN ALCOHOL,170,1398,2493,6930.58,4347,1.713586882,0.06702517475,132,538,936,3195.58,1829,1.897328106,0.02859795955,0.9031579072,2.78001604,1.743682,1.783262,3.4140812,1.95406,1.739777
2024-05-01,Medellín,BEBIDAS SIN ALCOHOL,285,44919,110611,393930.79,227733,1.921848289,0.03966725594,236,5739,7858,31424.56,18632,1.965948393,0.02974078951,0.9775680256,3.561407,2.058864,2.462455,3.99905319,2.371087,1.369228
2024-06-01,Bogotá,BEBIDAS SIN ALCOHOL,211,2167,4241,13911.54,8231,1.900937113,0.05004321976,140,597,838,3701.1,2110,2.140698872,0.06546816199,0.8879983719,3.28024994,1.940816,1.957084,4.41658711,2.5179,1.403685
2024-06-01,Bogotá,BEBIDAS SIN ALCOHOL,305,92875,215307,724507.92,425243,1.918569284,0.04510492079,249,12775,17960,69471.4,42281,1.963108571,0.06610511815,0.9773118577,3.36499937,1.975054,2.318245,3.86811804,2.354176,1.405871
2024-06-01,Cali y Bucaramanga,BEBIDAS SIN ALCOHOL,240,14081,28448,87580.93,51835,1.810603145,0.05685410679,167,1653,2113,7324.07,4371,1.893367259,0.06729299826,0.9562873431,3.07863224,1.822096,2.020311,3.46619498,2.068623,1.278282
2024-06-01,Costa,BEBIDAS SIN ALCOHOL,255,19458,50229,164196.47,97648,1.859889012,0.04737380987,162,1541,1951,6517.35,3801,1.908418886,0.07267233343,0.9745706386,3.26895757,1.944056,2.581406,3.34051768,1.948232,1.266061
2024-06-01,Costa,BEBIDAS SIN ALCOHOL,244,8747,20025,75546.03,42158,1.990574815,0.04688879649,192,2636,4286,17646.82,10347,1.994478527,0.05951743732,0.9980427402,3.77258577,2.105268,2.289356,4.11731685,2.414139,1.625948
2024-06-01,Expansión -  Costa,BEBIDAS SIN ALCOHOL,185,1303,2543,7672.8,4376,1.869100405,0.0354395202,154,1427,2201,8361.61,5049,1.89703279,0.07612071185,0.9852757499,3.01722375,1.720802,1.95165,3.799005,2.293957,1.542397
2024-06-01,Expansión - Centro,BEBIDAS SIN ALCOHOL,164,999,1681,4432.14,3208,1.523180126,0.07457147151,81,215,298,865.39,585,1.689951531,0.1110706475,0.901315865,2.63660916,1.908388,1.682683,2.90399329,1.963087,1.386047
2024-06-01,Expansión - Centro,BEBIDAS SIN ALCOHOL,179,1375,2401,7270.48,4381,1.7882085,0.06853700314,126,651,962,3485.82,1965,1.981129305,0.05582099493,0.9026207907,3.02810496,1.824656,1.746182,3.62351351,2.04262,1.477727
2024-06-01,Medellín,BEBIDAS SIN ALCOHOL,285,43853,107857,398797.12,221944,1.977980336,0.04962870837,234,5776,7889,31127.64,18006,2.002720521,0.06077609777,0.9876467115,3.69746164,2.057762,2.459512,3.94570161,2.282419,1.365824
2024-07-01,Bogotá,BEBIDAS SIN ALCOHOL,317,91490,213827,713982.77,416552,1.920844279,0.03426645223,258,11862,16539,61776.38,38870,1.913110867,0.02866292008,1.004042323,3.33906742,1.94808,2.337163,3.73519439,2.350203,1.394284
2024-07-01,Bogotá,BEBIDAS SIN ALCOHOL,219,1999,3991,13269.94,7692,1.941613399,0.03557551525,148,527,775,3483.45,1975,2.094666766,0.03241199823,0.9269318779,3.32496617,1.927337,1.996498,4.49477419,2.548387,1.470588
2024-07-01,Cali y Bucaramanga,BEBIDAS SIN ALCOHOL,247,13553,29176,91773.45,53534,1.853438545,0.04850214991,176,1382,1792,6157.52,3818,1.90408888,0.03115273944,0.9733991751,3.14551172,1.834864,2.152734,3.43611607,2.13058,1.296671
2024-07-01,Costa,BEBIDAS SIN ALCOHOL,251,8537,20518,79041.4,42287,2.069089114,0.03515412026,198,2446,4083,16655.11,9258,2.06047761,0.01872524845,1.004179373,3.85229555,2.060971,2.40342,4.07913544,2.26745,1.669256
2024-07-01,Costa,BEBIDAS SIN ALCOHOL,258,18174,49131,160207.42,94040,1.900099526,0.03587080023,184,1419,1761,5866.52,3443,1.922648528,0.02969334935,0.9882719063,3.26082148,1.914066,2.703367,3.33135718,1.955139,1.241015
2024-07-01,Expansión -  Costa,BEBIDAS SIN ALCOHOL,199,1247,3037,8746.55,5365,1.734640033,0.02357899297,166,1326,1932,7877.89,4615,1.992714316,0.02529888934,0.8704910781,2.87999671,1.766546,2.435445,4.07758282,2.388716,1.457014
2024-07-01,Expansión - Centro,BEBIDAS SIN ALCOHOL,171,857,1662,4282.4,3016,1.580733983,0.04830866342,74,164,224,701.9,436,1.815008245,0.04120547313,0.8709238581,2.57665463,1.814681,1.939323,3.13348214,1.946429,1.365854
2024-07-01,Expansión - Centro,BEBIDAS SIN ALCOHOL,179,1245,2351,7437.45,4389,1.836298941,0.04334786108,133,563,955,3531.36,1989,1.926733437,0.02861288521,0.9530633068,3.16352616,1.866865,1.888353,3.69775916,2.082723,1.69627
2024-07-01,Medellín,BEBIDAS SIN ALCOHOL,297,44589,114921,433710.9,237868,2.013662527,0.03606884851,244,5592,7643,30693.58,17854,2.012128371,0.03048338463,1.000762454,3.7739917,2.069839,2.57734,4.01590737,2.335994,1.366774
2024-08-01,Bogotá,BEBIDAS SIN ALCOHOL,318,91484,217919,727723.91,425787,1.933462497,0.03203620893,263,12957,18502,70921.16,42653,1.966041714,0.05166675046,0.9834290306,3.33942387,1.953877,2.382045,3.83316182,2.305318,1.427954
2024-08-01,Bogotá,BEBIDAS SIN ALCOHOL,229,2071,4355,14258.07,8461,1.903825746,0.03310700195,154,601,881,3955.14,2333,2.081798412,0.06205183981,0.9145101348,3.27395408,1.942824,2.102849,4.48937571,2.648127,1.46589
2024-08-01,Cali y Bucaramanga,BEBIDAS SIN ALCOHOL,251,14215,30780,94069.73,56217,1.816324179,0.04183444132,183,1517,1957,6719.76,3922,1.962916777,0.06036875461,0.9253189952,3.05619656,1.826413,2.165318,3.43370465,2.004088,1.290046
2024-08-01,Costa,BEBIDAS SIN ALCOHOL,257,19116,52580,173782.26,99439,1.933625878,0.03652616151,184,1671,2146,7407.98,4323,1.946885103,0.06344917039,0.9931895185,3.30510194,1.891194,2.750575,3.45199441,2.014445,1.284261
2024-08-01,Costa,BEBIDAS SIN ALCOHOL,258,8619,20486,78913.24,42159,2.084583922,0.03717387538,201,2499,3974,16425.24,9011,2.12357179,0.04203846209,0.9816404284,3.85205701,2.057942,2.376842,4.13317564,2.267489,1.590236
2024-08-01,Expansión -  Costa,BEBIDAS SIN ALCOHOL,185,1309,3054,8562.02,5336,1.736808423,0.03040019642,148,1370,2009,7582.41,4860,1.847800893,0.0624538906,0.9399326674,2.80354289,1.747217,2.333079,3.77422101,2.419114,1.466423
2024-08-01,Expansión - Centro,BEBIDAS SIN ALCOHOL,173,1269,2317,7077.23,4186,1.824010629,0.05069362195,131,659,1147,3967.73,2327,1.858184922,0.05424721652,0.9816087774,3.05447993,1.806647,1.825847,3.45922406,2.028771,1.740516
2024-08-01,Expansión - Centro,BEBIDAS SIN ALCOHOL,172,923,1637,4328.34,2985,1.591279908,0.03989568031,84,229,303,1001.27,606,1.81063998,0.0707795379,0.8788494265,2.64406842,1.823458,1.773564,3.30452145,2,1.323144
2024-08-01,Medellín,BEBIDAS SIN ALCOHOL,295,45347,115686,430311.8,237924,2.002523284,0.03402728763,244,5864,8045,32471.63,18980,2.004000072,0.05102632768,0.9992630794,3.7196532,2.056636,2.551128,4.03624984,2.359229,1.37193
2024-09-01,Bogotá,BEBIDAS SIN ALCOHOL,318,93742,224011,756246.77,431803,1.970270088,0.04444215783,269,13350,18852,74440.25,43240,2.033381592,0.1022698675,0.9689622918,3.37593587,1.927597,2.389655,3.94866592,2.293656,1.412135
2024-09-01,Bogotá,BEBIDAS SIN ALCOHOL,226,2232,4563,14993.76,8591,1.970741661,0.0451517332,140,568,819,3892.77,2069,2.27498107,0.1245489406,0.8662672786,3.28594346,1.882753,2.044355,4.75307692,2.526252,1.441901
2024-09-01,Cali y Bucaramanga,BEBIDAS SIN ALCOHOL,241,14276,31310,95923.52,57150,1.813075232,0.05338103767,180,1703,2275,8496.4,4733,2.029233176,0.1191656118,0.8934780157,3.06367039,1.825295,2.193191,3.73468132,2.08044,1.335878
2024-09-01,Costa,BEBIDAS SIN ALCOHOL,259,19699,52208,169435.1,97572,1.924639624,0.04886145895,175,1965,2480,8862.38,5105,1.948746273,0.1195022287,0.9876296626,3.24538576,1.868909,2.650287,3.57354032,2.058468,1.262087
2024-09-01,Costa,BEBIDAS SIN ALCOHOL,259,8233,19700,73964.59,39834,2.065242254,0.04650232224,199,2291,3727,15231.84,8517,2.077451027,0.09976608678,0.9941231957,3.75454772,2.02203,2.392809,4.08689026,2.285216,1.626801
2024-09-01,Expansión -  Costa,BEBIDAS SIN ALCOHOL,180,1620,3700,9955.52,6206,1.716308004,0.03778603598,148,1153,1704,6887.79,3903,1.971894187,0.1108803721,0.8703854471,2.69068108,1.677297,2.283951,4.04213028,2.290493,1.477884
2024-09-01,Expansión - Centro,BEBIDAS SIN ALCOHOL,164,1213,2355,7377.9,4187,1.924921061,0.05595788559,132,718,1214,4603.61,2603,2.0181668,0.1024107357,0.9537968127,3.13286624,1.777919,1.941467,3.79210049,2.144152,1.690808
2024-09-01,Expansión - Centro,BEBIDAS SIN ALCOHOL,167,1050,1885,5105.53,3627,1.580423939,0.04823967698,95,260,392,1274.63,814,1.760613746,0.1498379633,0.8976551173,2.70850398,1.924138,1.795238,3.25160714,2.076531,1.507692
2024-09-01,Medellín,BEBIDAS SIN ALCOHOL,307,44631,111807,419721.74,227911,2.039795366,0.0457560878,250,5864,8071,33423.12,18897,2.059374282,0.09672762434,0.9904927838,3.75398446,2.038432,2.505142,4.14113741,2.341346,1.376364
2024-10-01,Bogotá,BEBIDAS SIN ALCOHOL,332,94656,223586,743066.55,435925,1.935110421,0.03180146401,281,12060,16580,63411.26,38321,1.956182904,0.06834447428,0.9892277543,3.32340375,1.949697,2.36209,3.82456333,2.311279,1.374793
2024-10-01,Bogotá,BEBIDAS SIN ALCOHOL,236,2190,4518,14764.12,8438,1.964249649,0.02443364315,150,515,717,2973.53,1770,1.982052607,0.07862583596,0.9910179186,3.26784418,1.867641,2.063014,4.14718271,2.468619,1.392233
2024-10-01,Cali y Bucaramanga,BEBIDAS SIN ALCOHOL,251,13564,28452,86629.29,51956,1.815177309,0.03706862955,190,1637,2113,7512.56,4587,1.840696353,0.08132378063,0.9861362013,3.04475221,1.826093,2.097611,3.55539991,2.170847,1.290776
2024-10-01,Costa,BEBIDAS SIN ALCOHOL,267,8512,20721,75694.74,42792,2.011494163,0.03529622191,212,2460,4098,16649.86,9377,2.081942171,0.07256403566,0.9661623607,3.65304474,2.065151,2.434328,4.06292338,2.288189,1.665854
2024-10-01,Costa,BEBIDAS SIN ALCOHOL,270,20160,54191,163988.74,103884,1.753160201,0.04172493975,175,1647,2069,7008.31,4468,1.811672184,0.09566293038,0.9677027756,3.026125,1.916997,2.688046,3.38729338,2.159497,1.256223
2024-10-01,Expansión -  Costa,BEBIDAS SIN ALCOHOL,199,1712,3806,10043.67,6437,1.68566066,0.02641430179,158,1428,1986,7851.07,4766,1.908719395,0.08722642944,0.8831369685,2.63890436,1.691277,2.223131,3.95320745,2.399799,1.390756
2024-10-01,Expansión - Centro,BEBIDAS SIN ALCOHOL,180,1265,2482,7921.62,4473,1.897629513,0.04540048782,131,643,1048,3748.12,2322,1.791050885,0.07051443153,1.059506198,3.19162772,1.802176,1.962055,3.57645038,2.215649,1.62986
2024-10-01,Expansión - Centro,BEBIDAS SIN ALCOHOL,172,1156,2148,5784.58,4049,1.611935355,0.03493349031,92,263,372,1172.78,727,1.774757764,0.10439583,0.9082565452,2.69300745,1.885009,1.858131,3.15263441,1.954301,1.414449
2024-10-01,Medellín,BEBIDAS SIN ALCOHOL,362,43147,108225,401568.08,218668,2.040246321,0.02418746187,295,5786,8041,34049.93,19679,2.018156785,0.05568191497,1.010945402,3.71049277,2.020494,2.508286,4.23453924,2.447332,1.389734
2024-11-01,Bogotá,BEBIDAS SIN ALCOHOL,251,2437,4877,16370.36,9516,1.924471062,0.02776674357,146,464,656,2842.12,1617,2.135022404,0.04154745883,0.901382139,3.35664548,1.9512,2.001231,4.3325,2.464939,1.413793
2024-11-01,Bogotá,BEBIDAS SIN ALCOHOL,344,100086,237875,791717.71,465870,1.908875403,0.03206853417,288,10529,14281,53313.69,33673,1.892121204,0.03867265447,1.008854717,3.32829305,1.958466,2.376706,3.73319025,2.357888,1.356349
2024-11-01,Cali y Bucaramanga,BEBIDAS SIN ALCOHOL,271,13816,28588,88329.72,53326,1.796344788,0.04672748998,189,1467,1832,5980.46,3667,1.809716181,0.04629506458,0.9926113313,3.08974815,1.865328,2.069195,3.26444323,2.001638,1.248807
2024-11-01,Costa,BEBIDAS SIN ALCOHOL,275,8496,19621,72692.23,40828,2.000736099,0.03407725908,217,2284,3695,14809.33,8296,2.049352929,0.04040284867,0.9762769855,3.7048178,2.080832,2.30944,4.00793775,2.245196,1.617776
2024-11-01,Costa,BEBIDAS SIN ALCOHOL,283,20191,52643,165470.24,102449,1.785701536,0.03761942738,188,1510,1869,6119.17,3938,1.729762807,0.04221667482,1.032338959,3.14325247,1.946109,2.607251,3.27403424,2.107009,1.237748
2024-11-01,Expansión -  Costa,BEBIDAS SIN ALCOHOL,205,1704,4298,11392.16,7622,1.596222769,0.03481034963,150,1166,1683,5869.69,3797,1.777736693,0.04396862762,0.8978960581,2.65057236,1.773383,2.5223,3.48763518,2.25609,1.443396
2024-11-01,Expansión - Centro,BEBIDAS SIN ALCOHOL,179,1020,1796,5209.5,3585,1.686532066,0.04659627476,82,220,298,850.62,546,1.816853765,0.04450834034,0.9282706724,2.90061247,1.996102,1.760784,2.85442953,1.832215,1.354545
2024-11-01,Expansión - Centro,BEBIDAS SIN ALCOHOL,186,1446,2761,9048.95,5287,1.888176981,0.05200103019,139,602,1012,3688.13,2296,1.843349264,0.03089332873,1.024318623,3.2774176,1.914886,1.909405,3.64439723,2.268775,1.681063
2024-11-01,Medellín,BEBIDAS SIN ALCOHOL,408,47037,114041,424375.3,234363,2.003405211,0.03400681816,336,5616,7542,32611.06,18387,2.075160266,0.03724444181,0.9654219213,3.72125201,2.055077,2.424496,4.32392734,2.437947,1.342949
2024-12-01,Bogotá,BEBIDAS SIN ALCOHOL,376,96979,226435,789252.63,454692,1.939387402,0.04918478903,311,11731,15628,68592.14,39108,2.058896519,0.0671849454,0.9419547727,3.48555934,2.008046,2.334887,4.38905426,2.502432,1.332197
2024-12-01,Bogotá,BEBIDAS SIN ALCOHOL,249,2222,4443,16240.73,9193,1.967895383,0.05097788451,145,429,576,2952.45,1501,2.267801827,0.07941347276,0.8677545626,3.65535224,2.069097,1.99955,5.12578125,2.605903,1.342657
2024-12-01,Cali y Bucaramanga,BEBIDAS SIN ALCOHOL,274,14794,30349,101046.61,59631,1.843992203,0.06158382194,200,1776,2299,8999.1,5420,1.881884169,0.07004420956,0.9798648789,3.3294873,1.964842,2.05144,3.91435407,2.357547,1.294482
2024-12-01,Costa,BEBIDAS SIN ALCOHOL,286,9910,22997,91078.63,49481,2.070011098,0.04844909699,211,2681,4411,20555.94,11532,2.114705329,0.06091674162,0.9788650311,3.96045702,2.151628,2.320585,4.66015416,2.614373,1.645282
2024-12-01,Costa,BEBIDAS SIN ALCOHOL,292,21298,55975,194246.03,112925,1.899550634,0.05801497586,208,1951,2466,10237.84,5563,2.02911414,0.08566460066,0.9361477489,3.47022832,2.017418,2.628181,4.15159773,2.25588,1.263967
2024-12-01,Expansión -  Costa,BEBIDAS SIN ALCOHOL,205,2013,5158,14317.96,9305,1.648051247,0.04795095572,164,1557,2314,10117.47,6144,1.926545894,0.07297606879,0.8554435442,2.77587437,1.803994,2.562345,4.37228608,2.655143,1.486191
2024-12-01,Expansión - Centro,BEBIDAS SIN ALCOHOL,200,1511,3067,9748.73,5571,1.89085034,0.06138513013,137,672,1110,4518.92,2472,2.07545178,0.07695162245,0.9110548165,3.1785882,1.816433,2.029782,4.0710991,2.227027,1.651786
2024-12-01,Expansión - Centro,BEBIDAS SIN ALCOHOL,194,1191,2258,7455.02,4668,1.805677861,0.05386513523,85,237,322,1100.15,727,1.792295484,0.06279965285,1.007466613,3.30160319,2.067316,1.895886,3.41661491,2.257764,1.35865
2024-12-01,Medellín,BEBIDAS SIN ALCOHOL,420,49617,119968,471857.03,253209,2.056999453,0.04847375472,343,5593,7318,35642.81,18910,2.163794526,0.06836605458,0.9506445402,3.93319077,2.110638,2.417881,4.87056709,2.584039,1.308421
2025-01-01,Bogotá,BEBIDAS SIN ALCOHOL,380,91110,215836,730429.46,432205,1.915390202,0.04896543042,313,10542,14264,55697.22,33513,1.964359494,0.03432374028,0.975071115,3.38418735,2.002469,2.368961,3.90474061,2.349481,1.353064
2025-01-01,Bogotá,BEBIDAS SIN ALCOHOL,255,2026,4103,14652.34,8433,1.975609612,0.046932756,140,436,612,2691.21,1625,1.996046605,0.04380102849,0.9897612649,3.57112844,2.055325,2.025173,4.39740196,2.655229,1.40367
2025-01-01,Cali y Bucaramanga,BEBIDAS SIN ALCOHOL,285,13283,28459,91540.5,54202,1.843734634,0.07136510833,187,1453,1846,6169.15,3802,1.858004791,0.03572652679,0.9923196336,3.21657472,1.904564,2.142513,3.34190141,2.059588,1.270475
2025-01-01,Costa,BEBIDAS SIN ALCOHOL,293,20085,53061,174586.33,103648,1.884979697,0.03672917894,189,1355,1630,5448.18,3486,1.803490867,0.04873863764,1.045183944,3.29029476,1.953374,2.641822,3.34244172,2.13865,1.202952
2025-01-01,Costa,BEBIDAS SIN ALCOHOL,290,10142,23534,90687,51371,1.998934078,0.03741422072,214,2211,3478,14478.93,8343,2.082879038,0.02797569041,0.9596976308,3.85344608,2.182842,2.32045,4.1630046,2.398792,1.573044
2025-01-01,Expansión -  Costa,BEBIDAS SIN ALCOHOL,208,1827,4224,10885.15,7874,1.535941045,0.03766555368,154,1338,1852,6838.76,4694,1.705493381,0.03274412757,0.9005845831,2.5769768,1.86411,2.311987,3.69263499,2.534557,1.384155
2025-01-01,Expansión - Centro,BEBIDAS SIN ALCOHOL,202,1537,3055,9742.55,5738,1.862882433,0.0515967832,152,652,1082,4147.57,2411,1.95827183,0.02762060255,0.9512889909,3.18905074,1.878232,1.987638,3.83324399,2.228281,1.659509
2025-01-01,Expansión - Centro,BEBIDAS SIN ALCOHOL,186,1186,2375,6827.43,4729,1.623024144,0.05706088699,83,174,243,625.47,539,1.447333528,0.05179172648,1.12138917,2.87470737,1.991158,2.00253,2.57395062,2.218107,1.396552
2025-01-01,Medellín,BEBIDAS SIN ALCOHOL,427,45715,115474,450506.39,245217,2.048491175,0.04362337002,347,4716,6260,27509.19,15171,2.101318175,0.03307053382,0.974860066,3.90136645,2.123569,2.525954,4.3944393,2.423482,1.327396
2025-02-01,Bogotá,BEBIDAS SIN ALCOHOL,255,1974,3992,14223.17,8028,2.008084974,0.03368681559,146,444,610,2605.19,1552,1.961815463,0.1088687825,1.023585048,3.56291834,2.011022,2.02229,4.27080328,2.544262,1.373874
2025-02-01,Bogotá,BEBIDAS SIN ALCOHOL,378,93275,219776,752454.45,433963,1.947478458,0.03117336294,316,11697,15818,62132.24,37615,1.940600609,0.09850279507,1.003544186,3.42373348,1.97457,2.356215,3.92794538,2.377987,1.352313
2025-02-01,Cali y Bucaramanga,BEBIDAS SIN ALCOHOL,283,12740,26412,80706.42,49276,1.780877879,0.05647644371,197,1502,1907,6089.79,4035,1.718502793,0.09767444204,1.03629618,3.05567242,1.865667,2.073155,3.19338752,2.115889,1.26964
2025-02-01,Costa,BEBIDAS SIN ALCOHOL,300,19681,50006,165425.62,97706,1.89190374,0.03785700216,189,1481,1796,5656.96,3762,1.720273071,0.1084433293,1.099769433,3.30811543,1.953886,2.540826,3.14975501,2.094655,1.212694
2025-02-01,Costa,BEBIDAS SIN ALCOHOL,287,8385,20026,74531.68,41969,1.990797782,0.03521031117,202,2090,3310,13909.15,7894,2.033880358,0.09533741444,0.9788175466,3.72174573,2.095726,2.388312,4.20216012,2.384894,1.583732
2025-02-01,Expansión -  Costa,BEBIDAS SIN ALCOHOL,204,1502,3232,8792.7,6108,1.601643451,0.03711536664,147,1054,1464,5314.76,3452,1.762863657,0.1052818079,0.9085464122,2.72051361,1.889851,2.151798,3.63030055,2.357923,1.388994
2025-02-01,Expansión - Centro,BEBIDAS SIN ALCOHOL,212,1363,2739,8796.54,5226,1.829479416,0.0378974575,151,629,962,3532.27,2174,1.886525474,0.08796797739,0.9697613109,3.21158817,1.907996,2.009538,3.67179834,2.259875,1.529412
2025-02-01,Expansión - Centro,BEBIDAS SIN ALCOHOL,190,973,1895,5632.32,3687,1.693693284,0.03693253181,91,203,265,710.3,583,1.499240851,0.1271562411,1.129700597,2.97220053,1.945646,1.947585,2.68037736,2.2,1.305419
2025-02-01,Medellín,BEBIDAS SIN ALCOHOL,422,44312,107726,417672.51,225846,2.057422927,0.03202056234,342,5011,6559,27917.49,15847,2.040555218,0.09414490298,1.008266235,3.87717459,2.096486,2.43108,4.25636377,2.41607,1.30892