MONTH,ZONA,CAT,NUM_SKUS_TURBO,USERS_TURBO,ORDERS_TURBO,TOTAL_PRICE_USD_TURBO,SOLD_UNITS_TURBO,AVG_TICKET_TURBO,MDOWN_AVG_TURBO,NUM_SKUS_SUPER,USERS_SUPER,ORDERS_SUPER,TOTAL_PRICE_USD_SUPER,SOLD_UNITS_SUPER,AVG_TICKET_SUPER,MDOWN_AVG_SUPER,NPI,AOV_TURBO,BASKET_SIZE_TURBO,FREQUENCY_TURBO,AOV_SUPER,BASKET_SIZE_SUPER,FREQUENCY_SUPER
2022-01-01,Bogotá,CERVEZAS,39,19660,30413,186718.05,57010,3.332489467,0.04833189141,32,3710,4444,30142.3,9611,3.227774799,0.05429233833,1.032441752,6.13941571,1.874527,1.546948,6.78269577,2.162691,1.197844
2022-01-01,Bogotá,CERVEZAS,32,552,862,5635.92,1749,3.304380668,0.0667954442,26,184,235,1709.84,545,3.170179009,0.05110271141,1.042332518,6.53819026,2.029002,1.561594,7.27591489,2.319149,1.277174
2022-01-01,Cali y Bucaramanga,CERVEZAS,33,1780,2973,18149.28,5405,3.414162714,0.03702044502,28,564,673,4456.66,1452,3.151354842,0.04065109569,1.083395201,6.10470232,1.818029,1.670225,6.62208024,2.157504,1.193262
2022-01-01,Costa,CERVEZAS,22,3008,5025,32952.24,9648,3.466564983,0.08692634566,19,444,531,3814.54,1288,3.046712629,0.04904353215,1.137805039,6.5576597,1.92,1.670545,7.18369115,2.425612,1.195946
2022-01-01,Costa,CERVEZAS,21,1091,1598,11093.63,3272,3.425882884,0.102540848,20,659,831,6384.43,2093,3.124689399,0.03433838995,1.096391496,6.9421965,2.047559,1.464711,7.68282792,2.518652,1.261002
2022-01-01,Medellín,CERVEZAS,19,7099,11277,61090.43,19007,3.247008293,0.04601563245,18,2134,2639,16596.08,5499,3.116347969,0.04399048647,1.041927386,5.41725902,1.685466,1.588534,6.28877605,2.083744,1.236645
2022-02-01,Bogotá,CERVEZAS,41,20554,31564,196615.5,57695,3.454832156,0.07772165693,38,3621,4209,26450.84,8247,3.286342663,0.0680250337,1.051269606,6.22910594,1.827874,1.535662,6.28435258,1.959373,1.162386
2022-02-01,Bogotá,CERVEZAS,31,378,545,3384.08,1008,3.399902732,0.07280154589,23,165,194,1237.29,391,3.223424281,0.06219263342,1.05474875,6.2093211,1.849541,1.441799,6.37778351,2.015464,1.175758
2022-02-01,Cali y Bucaramanga,CERVEZAS,36,1910,3304,21063.56,5868,3.620943226,0.07492534845,29,421,504,3307.45,1045,3.278920351,0.03724093327,1.104309601,6.37516949,1.776029,1.729843,6.56240079,2.073413,1.19715
2022-02-01,Costa,CERVEZAS,33,3142,5263,33653.2,9828,3.465981282,0.09234072784,28,414,481,3277.51,1083,3.183988875,0.05100345401,1.088565764,6.39429983,1.867376,1.675048,6.8139501,2.251559,1.161836
2022-02-01,Costa,CERVEZAS,27,927,1412,10429.97,3022,3.505732402,0.09151511304,24,439,527,3751.36,1204,3.282872606,0.04652696311,1.067885606,7.38666431,2.140227,1.523193,7.11833017,2.28463,1.200456
2022-02-01,Medellín,CERVEZAS,30,8377,13343,75076.26,22573,3.368933953,0.06666399355,26,2167,2594,15906.12,5084,3.236524967,0.05297018334,1.04091085,5.62664019,1.691748,1.592814,6.13188897,1.959907,1.197047
2022-03-01,Bogotá,CERVEZAS,32,420,656,4634.35,1370,3.469235598,0.05504419109,26,197,220,1591.85,491,3.200989018,0.1037577175,1.083801156,7.06455793,2.088415,1.561905,7.23568182,2.231818,1.116751
2022-03-01,Bogotá,CERVEZAS,38,22477,35474,212896.35,65204,3.317126965,0.05694293942,35,4487,5306,37483.89,11128,3.447053029,0.09536907824,0.9623080753,6.00147573,1.838079,1.578236,7.0644346,2.097248,1.182527
2022-03-01,Cali y Bucaramanga,CERVEZAS,36,2060,3355,19273.13,5746,3.402023022,0.04977305003,33,618,750,6080.45,1881,3.289800518,0.08149436904,1.034112252,5.74459911,1.712668,1.628641,8.10726667,2.508,1.213592
2022-03-01,Cali y Bucaramanga,CERVEZAS,22,183,265,1492.61,491,3.358025779,0.003779720506,18,210,261,3182.12,1123,3.128459862,0.06188407946,1.073379851,5.63249057,1.85283,1.448087,12.19203065,4.302682,1.242857
2022-03-01,Costa,CERVEZAS,31,1124,1707,12172.57,3592,3.457471148,0.05987376181,27,470,595,4609.05,1460,3.265642602,0.05324066404,1.058741439,7.13097247,2.104277,1.518683,7.74630252,2.453782,1.265957
2022-03-01,Costa,CERVEZAS,34,3750,6437,41320.99,12280,3.430085897,0.06488171748,28,597,712,5595.03,1816,3.298961999,0.09477744108,1.039747017,6.41929315,1.907721,1.716533,7.8581882,2.550562,1.19263
2022-03-01,Medellín,CERVEZAS,31,9424,15417,85782.17,26049,3.358312665,0.0543260677,27,2539,3055,18984.47,6071,3.199744646,0.07681344423,1.049556461,5.56412856,1.689628,1.63593,6.21422913,1.987234,1.20323
2022-04-01,Bogotá,CERVEZAS,38,26003,42473,279020.07,78506,3.626784831,0.07355137134,35,4678,5431,37225.28,10715,3.526876819,0.0728718714,1.028327616,6.56935159,1.848374,1.633388,6.85422206,1.972933,1.160966
2022-04-01,Bogotá,CERVEZAS,28,446,812,5699.01,1557,3.690739421,0.107923693,20,212,233,1737.81,513,3.425940798,0.06081062515,1.077292235,7.01848522,1.917488,1.820628,7.45841202,2.201717,1.099057
2022-04-01,Cali y Bucaramanga,CERVEZAS,39,2628,4355,27706.98,7430,3.759071082,0.06678010524,33,814,976,7021.37,2026,3.48202506,0.07908263956,1.079564626,6.36210792,1.706085,1.657154,7.19402664,2.07582,1.199017
2022-04-01,Cali y Bucaramanga,CERVEZAS,26,434,659,3971.28,1122,3.632948495,0.01111728277,23,302,349,2501.59,751,3.42512979,0.03265644564,1.060674695,6.02622155,1.70258,1.518433,7.16787966,2.151862,1.155629
2022-04-01,Costa,CERVEZAS,29,3859,6802,45626.2,12704,3.666032426,0.08773516365,25,556,642,4597.05,1373,3.450634967,0.08467733992,1.062422557,6.70776242,1.867686,1.762633,7.16051402,2.138629,1.154676
2022-04-01,Costa,CERVEZAS,29,1314,2076,15534.89,4186,3.761117089,0.06236777317,27,634,795,7024.02,2000,3.569941586,0.04430415084,1.053551437,7.48308767,2.016378,1.579909,8.83524528,2.515723,1.253943
2022-04-01,Medellín,CERVEZAS,31,10937,18513,110707.81,31255,3.600841743,0.062663607,29,2733,3288,22091.68,6397,3.462437964,0.08224965138,1.039972927,5.98000378,1.688273,1.692695,6.71888078,1.94556,1.203074
2022-05-01,Bogotá,CERVEZAS,25,417,709,5367.01,1435,3.817724408,0.1547602302,21,237,285,2350.02,654,3.605110376,0.06141264673,1.058975734,7.56983075,2.023977,1.70024,8.24568421,2.294737,1.202532
2022-05-01,Bogotá,CERVEZAS,42,25983,41588,296390.49,77121,3.901331356,0.08468754552,37,5089,5900,41493.45,11683,3.604672293,0.05410309126,1.082298483,7.12682721,1.854405,1.600585,7.03278814,1.980169,1.159363
2022-05-01,Cali y Bucaramanga,CERVEZAS,32,3016,5007,33691.77,8552,3.968726914,0.07707729305,28,838,1017,7536.34,2181,3.55906791,0.04835798818,1.115102891,6.72893349,1.708009,1.660146,7.41036382,2.144543,1.213604
2022-05-01,Cali y Bucaramanga,CERVEZAS,25,614,913,6219.71,1662,3.767792259,0.08390413447,23,401,462,3012.47,861,3.523250771,0.03878521151,1.069407914,6.81238773,1.820372,1.486971,6.52049784,1.863636,1.15212
2022-05-01,Costa,CERVEZAS,26,3760,6292,47864.04,11982,4.053699061,0.1086956872,24,619,715,5319.12,1526,3.623347268,0.05808810879,1.118771887,7.60712651,1.904323,1.673404,7.43932867,2.134266,1.155089
2022-05-01,Costa,CERVEZAS,22,1291,2006,16138.86,3922,4.151877802,0.1011079939,21,519,624,5560.78,1518,3.784804369,0.04353277396,1.096986105,8.04529412,1.955135,1.553834,8.91150641,2.432692,1.202312
2022-05-01,Medellín,CERVEZAS,9,16,17,103.27,27,3.838166667,0.05504038506,7,106,116,681.46,212,3.250870968,0.04727494028,1.180657954,6.07470588,1.588235,1.0625,5.87465517,1.827586,1.09434
2022-05-01,Medellín,CERVEZAS,38,12486,20977,135902.77,36266,3.781461486,0.08323729853,35,3104,3712,24004.9,6900,3.521317471,0.05099876536,1.073876899,6.47865615,1.728846,1.680042,6.46683728,1.858836,1.195876
2022-06-01,Bogotá,CERVEZAS,47,22578,36398,256199.28,67890,3.837705443,0.09252304323,41,5650,6864,55063.48,14968,3.776209514,0.1022583782,1.016285094,7.03882851,1.865212,1.6121,8.02206876,2.180653,1.214867
2022-06-01,Bogotá,CERVEZAS,21,428,691,5288.32,1376,3.90246222,0.1479078121,19,207,251,2114.04,596,3.596552148,0.08423280918,1.085056482,7.65314038,1.991317,1.614486,8.42247012,2.374502,1.21256
2022-06-01,Cali y Bucaramanga,CERVEZAS,26,711,1067,8043.77,2132,3.784347826,0.1323392445,23,423,554,5403.92,1660,3.457031168,0.06774625533,1.094681431,7.53867854,1.998126,1.500703,9.75436823,2.99639,1.309693
2022-06-01,Cali y Bucaramanga,CERVEZAS,27,2802,4686,31799.57,8142,3.946488722,0.08036382072,26,1008,1336,11770.63,3250,3.638437621,0.138275467,1.084665764,6.78607981,1.737516,1.672377,8.8103518,2.432635,1.325397
2022-06-01,Costa,CERVEZAS,22,3254,5439,40858.05,10415,3.986895154,0.1093935294,21,612,734,5989.27,1715,3.528930346,0.1041772073,1.129774397,7.51205185,1.914874,1.671481,8.15976839,2.336512,1.199346
2022-06-01,Costa,CERVEZAS,20,1613,2455,19675.43,5051,3.92653258,0.1079864759,18,601,787,7472.06,2182,3.481690913,0.1086503073,1.127765984,8.01443177,2.057434,1.522009,9.49435832,2.772554,1.309484
2022-06-01,Medellín,CERVEZAS,43,11878,20186,130493.21,35479,3.726121489,0.09257664547,39,3299,4094,28100.96,7796,3.659122795,0.09719030843,1.018310042,6.46454028,1.757604,1.699444,6.86393747,1.90425,1.240982
2022-06-01,Medellín,CERVEZAS,25,154,207,1160.94,319,3.659644445,0.08838242126,18,119,130,751.44,221,3.392623656,0.08711997077,1.07870628,5.6084058,1.541063,1.344156,5.78030769,1.7,1.092437
2022-07-01,Bogotá,CERVEZAS,49,27593,47138,353353.41,89679,4.017079524,0.08491269254,43,5535,6700,53320.8,14461,3.790594239,0.08328588104,1.059749282,7.49614769,1.902478,1.708332,7.95832836,2.158358,1.210479
2022-07-01,Bogotá,CERVEZAS,24,533,881,6636.95,1704,3.98656978,0.108331588,20,255,314,2552.75,688,3.802765016,0.08981447724,1.048334505,7.53342792,1.934166,1.652908,8.12977707,2.191083,1.231373
2022-07-01,Cali y Bucaramanga,CERVEZAS,28,3429,5807,40793.7,10126,4.061251397,0.08357008692,25,980,1281,10908.12,3063,3.719041807,0.1032333697,1.092015526,7.0249182,1.743758,1.693497,8.51531616,2.391101,1.307143
2022-07-01,Cali y Bucaramanga,CERVEZAS,26,824,1443,11192.81,2875,3.970135799,0.09977344301,25,453,646,8836.76,2781,3.528849576,0.06012069723,1.125051015,7.75662509,1.992377,1.751214,13.67919505,4.304954,1.426049
2022-07-01,Costa,CERVEZAS,21,2093,3440,28855.84,7131,4.094757037,0.09116590572,19,679,873,7988.28,2235,3.681155902,0.06491087119,1.112356321,8.38832558,2.072965,1.643574,9.15037801,2.560137,1.285714
2022-07-01,Costa,CERVEZAS,19,4323,7807,60142.11,15214,4.048004633,0.09326054481,18,732,878,7413.85,2110,3.602039365,0.1043327652,1.123809105,7.70361342,1.948764,1.805922,8.4440205,2.403189,1.199454
2022-07-01,Medellín,CERVEZAS,45,14241,25610,168727.21,44238,3.87921877,0.07749529843,41,3350,4169,31232.94,8498,3.771623501,0.1003879015,1.028527574,6.58833307,1.727372,1.798329,7.49171024,2.038379,1.244478
2022-07-01,Medellín,CERVEZAS,28,302,427,2407.29,653,3.747842672,0.05743987026,19,105,126,849.69,241,3.57881338,0.05624447684,1.047230541,5.6376815,1.529274,1.413907,6.74357143,1.912698,1.2
2022-08-01,Bogotá,CERVEZAS,27,532,856,7049.25,1734,4.15213959,0.1287123302,24,282,342,2981.66,743,3.999320141,0.0795691385,1.038211357,8.23510514,2.025701,1.609023,8.71830409,2.172515,1.212766
2022-08-01,Bogotá,CERVEZAS,47,28455,47828,397571.78,97667,4.128321994,0.09603430878,43,5561,6427,48192.97,12513,3.91596893,0.07508083449,1.054227464,8.31253199,2.042046,1.680829,7.49851719,1.946943,1.155727
2022-08-01,Cali y Bucaramanga,CERVEZAS,34,4076,6911,50697.14,12206,4.208541722,0.1014123932,31,941,1132,8275.83,2210,3.841978596,0.06259975383,1.095409986,7.33571697,1.76617,1.695535,7.31080389,1.952297,1.202976
2022-08-01,Cali y Bucaramanga,CERVEZAS,31,919,1591,14953.76,3813,4.072193851,0.1272388182,26,376,494,6397.79,1922,3.688762191,0.05177742527,1.103945888,9.3989692,2.396606,1.73123,12.9509919,3.890688,1.31383
2022-08-01,Costa,CERVEZAS,29,1935,3281,29603.07,7255,4.142583016,0.09255084702,26,588,732,6141.75,1666,3.81057529,0.03836695505,1.087127979,9.02257543,2.211216,1.695607,8.39036885,2.275956,1.244898
2022-08-01,Costa,CERVEZAS,26,4382,7801,63389.08,16285,4.043379225,0.1129448089,22,716,801,5854.25,1603,3.732547276,0.06064477026,1.083276092,8.12576336,2.087553,1.780237,7.30867665,2.001248,1.118715
2022-08-01,Medellín,CERVEZAS,29,339,488,3072.19,783,3.960018069,0.09538837317,20,117,131,817.25,234,3.592189845,0.03053198105,1.102396655,6.29547131,1.604508,1.439528,6.23854962,1.78626,1.119658
2022-08-01,Medellín,CERVEZAS,45,14198,25027,173264.48,44016,3.992724141,0.08391146107,41,3151,3769,25796.48,6881,3.793997425,0.06808214217,1.052379244,6.92310225,1.758741,1.762713,6.84438313,1.825683,1.196128
2022-09-01,Bogotá,CERVEZAS,51,31292,53596,478821.76,119435,4.176419872,0.1381458725,47,6023,7259,58464.69,15675,3.861229216,0.09434120966,1.081629616,8.9339085,2.228431,1.71277,8.05409698,2.159388,1.205213
2022-09-01,Bogotá,CERVEZAS,29,524,866,7565.72,1904,4.118018871,0.1681050753,28,263,342,2921.65,783,3.859593305,0.09023563888,1.066956683,8.73639723,2.198614,1.652672,8.54283626,2.289474,1.30038
2022-09-01,Cali y Bucaramanga,CERVEZAS,31,1227,2699,30969.72,8427,3.874580606,0.1650308978,27,503,712,8444.97,2535,3.641210042,0.06874131747,1.064091487,11.47451649,3.122268,2.199674,11.86091292,3.560393,1.415507
2022-09-01,Cali y Bucaramanga,CERVEZAS,32,4548,7811,57730.41,15482,4.041675737,0.1383180296,29,1005,1235,10074.93,2721,3.790908543,0.0846510211,1.066149629,7.39091154,1.982077,1.717458,8.15783806,2.203239,1.228856
2022-09-01,Costa,CERVEZAS,31,5045,8702,71667.72,17547,4.149554359,0.1512968446,28,952,1146,9020.8,2649,3.597297475,0.08916609362,1.153519938,8.23577568,2.016433,1.724876,7.87155323,2.311518,1.203782
2022-09-01,Costa,CERVEZAS,29,2047,3586,31089.5,8003,3.944801212,0.1450973556,28,648,818,6927.99,1967,3.638693359,0.07189769363,1.084125762,8.66968767,2.231735,1.751832,8.46942543,2.404645,1.262346
2022-09-01,Medellín,CERVEZAS,47,14743,25567,177796.38,45421,3.978434158,0.1398531659,43,3387,4037,27740.03,7526,3.769108337,0.0829726825,1.055537226,6.95413541,1.776548,1.734179,6.87144662,1.864256,1.19191
2022-09-01,Medellín,CERVEZAS,32,456,624,3996.07,1038,3.92470314,0.1547514031,25,131,152,907.11,278,3.352971801,0.06140511205,1.170514807,6.40395833,1.663462,1.368421,5.96782895,1.828947,1.160305
2022-10-01,Bogotá,CERVEZAS,49,34234,60307,529458.33,128359,4.220936221,0.141355391,47,5829,7805,70519.89,18572,3.941570727,0.09917761613,1.070876692,8.77938432,2.128426,1.761611,9.03521973,2.3795,1.338995
2022-10-01,Bogotá,CERVEZAS,30,541,890,7538.4,1832,4.25793389,0.170267305,27,264,311,2816.99,717,3.998975593,0.09178896743,1.064756159,8.47011236,2.058427,1.645102,9.05784566,2.305466,1.17803
2022-10-01,Cali y Bucaramanga,CERVEZAS,33,5092,9250,70279.22,16853,4.195815723,0.1457609383,31,1041,1264,10520.47,2771,3.868325306,0.08375668317,1.084659482,7.59775351,1.821946,1.816575,8.32315665,2.192247,1.214217
2022-10-01,Cali y Bucaramanga,CERVEZAS,25,1521,2896,30407.53,7695,4.058582118,0.1646218664,23,446,560,5062.69,1343,3.964562782,0.0562411253,1.023714932,10.49983771,2.657113,1.904011,9.04051786,2.398214,1.255605
2022-10-01,Costa,CERVEZAS,31,5188,9493,80755.29,18970,4.283250776,0.1516546026,31,932,1102,9929.25,2701,3.791610829,0.1059620258,1.129665192,8.50682503,1.998315,1.8298,9.01020871,2.450998,1.182403
2022-10-01,Costa,CERVEZAS,31,2322,4180,37072.72,9247,4.061894876,0.1413091507,31,657,849,7656.92,2156,3.719320448,0.06734265157,1.092106726,8.86907177,2.212201,1.800172,9.01875147,2.539458,1.292237
2022-10-01,Medellín,CERVEZAS,52,17033,30613,221536.06,53286,4.217663223,0.1375886988,49,2970,3575,25833.44,6860,3.915352687,0.07985560473,1.077211572,7.23666612,1.740633,1.797276,7.22613706,1.918881,1.203704
2022-10-01,Medellín,CERVEZAS,32,522,794,5244.1,1265,4.200867816,0.1473097601,23,115,134,967.19,270,3.645088803,0.04062705383,1.152473381,6.60465995,1.593199,1.521073,7.21783582,2.014925,1.165217
2022-11-01,Bogotá,CERVEZAS,55,35364,63270,636363.87,150372,4.414558999,0.1302772588,52,5828,8011,76198.85,18622,4.341478934,0.08304148978,1.016832988,10.05790849,2.376671,1.789108,9.51177756,2.324554,1.374571
2022-11-01,Bogotá,CERVEZAS,35,508,889,9137.27,2199,4.362579876,0.1688761085,30,258,314,2996.88,743,4.226973893,0.07181239061,1.032081102,10.27814398,2.473566,1.75,9.54420382,2.366242,1.217054
2022-11-01,Cali y Bucaramanga,CERVEZAS,33,4879,8508,64253.84,14973,4.339820168,0.1231252897,32,890,1103,9130.01,2284,4.258335099,0.06749884375,1.019135429,7.55216737,1.759873,1.7438,8.27743427,2.070716,1.239326
2022-11-01,Cali y Bucaramanga,CERVEZAS,31,1590,3573,46795.6,12128,4.010170858,0.1550623549,28,406,569,5878.74,1449,4.28838971,0.0756271815,0.9351227684,13.09700532,3.394346,2.24717,10.33170475,2.546573,1.401478
2022-11-01,Costa,CERVEZAS,32,2402,4153,39213.56,9023,4.524534487,0.1213733975,31,658,904,9215.16,2399,4.078234991,0.06816756531,1.109434473,9.4422249,2.172646,1.728976,10.19376106,2.653761,1.37386
2022-11-01,Costa,CERVEZAS,33,5086,8931,79047.3,17823,4.521884753,0.1315289033,32,942,1149,10556.87,2728,4.042584379,0.09260963421,1.118562862,8.85089016,1.995633,1.755997,9.18787641,2.374238,1.219745
2022-11-01,Expansión - Centro,CERVEZAS,6,16,19,126.74,32,4.076250001,0.1103741497,5,44,64,804.9,209,4.189761904,0.1581645198,0.972907314,6.67052632,1.684211,1.1875,12.5765625,3.265625,1.454545
2022-11-01,Expansión - Centro,CERVEZAS,1,4,5,34.32,8,4.29,0,1,8,10,61.16,13,4.787,0.07982648121,0.8961771464,6.864,1.6,1.25,6.116,1.3,1.25
2022-11-01,Medellín,CERVEZAS,35,542,784,5327.69,1271,4.247995732,0.0928354564,26,123,146,925.77,242,3.85210828,0.04316643612,1.102771631,6.79552296,1.621173,1.446494,6.34089041,1.657534,1.186992
2022-11-01,Medellín,CERVEZAS,46,17195,29777,224360.94,52451,4.331159586,0.1019304703,43,3116,3729,30612.77,7136,4.419000276,0.07371232406,0.9801220446,7.53470598,1.76146,1.731724,8.20937785,1.91365,1.196727
2022-12-01,Bogotá,CERVEZAS,51,43230,81970,927623.44,194184,4.890517603,0.1876449511,48,8272,10385,111841.97,25829,4.522457182,0.1133840607,1.081385054,11.3166212,2.368964,1.896137,10.76956861,2.487145,1.25544
2022-12-01,Bogotá,CERVEZAS,35,671,1188,14776.81,3115,4.897214565,0.2225131697,33,468,607,7183.43,1691,4.389365544,0.1129454605,1.11569987,12.43839226,2.622054,1.770492,11.83431631,2.785832,1.297009
2022-12-01,Cali y Bucaramanga,CERVEZAS,35,7633,13931,131372.17,29031,4.567496224,0.196098745,35,1907,2333,21879.77,5121,4.38622428,0.09083482317,1.041327559,9.43020386,2.083914,1.825102,9.37838405,2.195028,1.223388
2022-12-01,Cali y Bucaramanga,CERVEZAS,32,2977,5795,80758.95,17834,4.604265492,0.2053609842,28,761,1027,11723.88,2781,4.327371915,0.08560691711,1.063986545,13.93597066,3.077481,1.946591,11.41565725,2.707887,1.34954
2022-12-01,Costa,CERVEZAS,30,3353,6140,69740.59,14230,5.045831843,0.188383919,28,1071,1384,14914.72,3651,4.198092991,0.1006420722,1.201934272,11.35840228,2.31759,1.831196,10.77653179,2.638006,1.29225
2022-12-01,Costa,CERVEZAS,32,7895,15108,162346.76,32054,5.146583917,0.1946528551,32,1555,1957,22569.45,5375,4.295939489,0.1101015992,1.198011269,10.74574795,2.121657,1.913616,11.53267757,2.746551,1.258521
2022-12-01,Expansión - Centro,CERVEZAS,16,122,138,946.43,241,4.028880795,0,15,395,532,5641.53,1311,4.426113115,0.111335996,0.9102525602,6.85818841,1.746377,1.131148,10.6043797,2.464286,1.346835
2022-12-01,Expansión - Centro,CERVEZAS,15,80,90,657.18,162,4.186458763,0.01032430645,13,136,170,2032.74,493,4.272835219,0.1040479272,0.9797847444,7.302,1.8,1.125,11.95729412,2.9,1.25
2022-12-01,Expansión - Centro,CERVEZAS,19,220,318,3082.77,817,3.857502718,0.0122375037,15,206,273,2833.31,699,4.091713465,0.07641685055,0.9427597389,9.69424528,2.569182,1.445455,10.37842491,2.56044,1.325243
2022-12-01,Expansión - Costa,CERVEZAS,15,86,112,868.56,205,4.465633334,0,14,216,316,3850.84,856,4.766469596,0.1219972962,0.936884888,7.755,1.830357,1.302326,12.18620253,2.708861,1.462963
2022-12-01,Medellín,CERVEZAS,43,22905,42339,394335.6,82122,4.874917377,0.1760277376,38,4153,5082,47436.53,10927,4.502407205,0.1098364039,1.08273578,9.31376745,1.93963,1.848461,9.33422471,2.150138,1.223694
2022-12-01,Medellín,CERVEZAS,36,798,1215,10771.18,2291,4.767912255,0.1608747394,28,203,230,2130.96,516,4.219519141,0.1015818963,1.129965784,8.86516872,1.885597,1.522556,9.26504348,2.243478,1.133005
2023-01-01,Bogotá,CERVEZAS,48,17018,24510,261953.81,55484,4.819632822,0.1868010351,45,2026,2333,22892.85,5100,4.63035835,0.111498582,1.040876852,10.68762995,2.263729,1.44024,9.81262323,2.186027,1.15153
2023-01-01,Bogotá,CERVEZAS,33,258,364,3848.74,805,4.93530344,0.1936238245,25,119,160,1914.73,436,4.501078982,0.143526875,1.096471193,10.57346154,2.211538,1.410853,11.9670625,2.725,1.344538
2023-01-01,Cali y Bucaramanga,CERVEZAS,34,2720,3945,33768.55,7304,4.671939932,0.1827659473,32,468,537,4915.29,1136,4.417371281,0.1020733412,1.057628991,8.55983523,1.851458,1.450368,9.15324022,2.115456,1.147436
2023-01-01,Cali y Bucaramanga,CERVEZAS,31,1039,1565,19780.69,4390,4.616877166,0.1995731536,24,169,226,3001.79,670,4.38285091,0.113424366,1.053395897,12.63941853,2.805112,1.506256,13.28225664,2.964602,1.337278
2023-01-01,Costa,CERVEZAS,26,1755,2493,26964.68,5617,4.907111984,0.1787545359,24,408,465,4660.99,1067,4.481299775,0.09070863589,1.0950198,10.81615724,2.253109,1.420513,10.02363441,2.294624,1.139706
2023-01-01,Costa,CERVEZAS,34,3083,4526,45409.4,9342,4.973163905,0.1837610531,29,434,508,6005.69,1442,4.214922206,0.1291185554,1.179894589,10.03300928,2.064074,1.468051,11.82222441,2.838583,1.170507
2023-01-01,Expansión - Centro,CERVEZAS,19,53,62,402.23,97,4.311293532,0.02386840353,11,33,36,327.13,75,4.525663183,0.1271138769,0.9526324338,6.48758065,1.564516,1.169811,9.08694444,2.083333,1.090909
2023-01-01,Expansión - Centro,CERVEZAS,14,103,129,1172.01,324,3.704713333,0.003664299834,11,49,54,443.06,102,4.319181973,0.09487478055,0.85773495,9.08534884,2.511628,1.252427,8.20481481,1.888889,1.102041
2023-01-01,Expansión - Centro,CERVEZAS,18,80,90,632.72,147,4.426131667,0.02854573231,15,126,145,1391.37,293,4.892372143,0.1349389583,0.9047005292,7.03022222,1.633333,1.125,9.59565517,2.02069,1.150794
2023-01-01,Expansión - Costa,CERVEZAS,20,89,129,1167.36,294,4.496912935,0.06045321034,17,86,105,1405.11,320,4.54537796,0.1525643277,0.989337515,9.04930233,2.27907,1.449438,13.382,3.047619,1.22093
2023-01-01,Medellín,CERVEZAS,29,273,353,2784.6,612,4.625930591,0.163520698,17,58,67,668.97,148,4.445678404,0.09741078121,1.040545485,7.88838527,1.733711,1.29304,9.98462687,2.208955,1.155172
2023-01-01,Medellín,CERVEZAS,42,9602,13687,116011.59,24497,4.814908357,0.1675753647,37,1150,1258,10570.29,2308,4.608270877,0.1016750175,1.044840567,8.47604223,1.789801,1.425432,8.40245628,1.834658,1.093913
2023-02-01,Bogotá,CERVEZAS,40,508,869,8245.89,1764,4.770498428,0.148942139,37,255,327,3390.46,761,4.511406262,0.1008030335,1.057430466,9.48894131,2.029919,1.71063,10.3683792,2.327217,1.282353
2023-02-01,Bogotá,CERVEZAS,51,34666,60595,539017.15,115399,4.759837284,0.1351634905,49,4882,5901,51961.92,11632,4.590498226,0.07837400398,1.036889037,8.89540639,1.904431,1.747966,8.80561261,1.971191,1.208726
2023-02-01,Cali y Bucaramanga,CERVEZAS,30,1791,3094,32656.47,7320,4.619059575,0.1680125364,27,392,488,4479.9,1059,4.351684052,0.06722088359,1.061441851,10.55477376,2.365869,1.727527,9.18012295,2.170082,1.244898
2023-02-01,Cali y Bucaramanga,CERVEZAS,39,5129,9549,77320.63,16750,4.674072731,0.1319173737,37,1106,1360,11502.38,2659,4.435536288,0.07004586403,1.05377849,8.09724893,1.75411,1.861766,8.45763235,1.955147,1.229656
2023-02-01,Costa,CERVEZAS,38,5841,10474,103208.14,21643,4.868475483,0.1510739799,36,920,1100,11419.18,2676,4.396098303,0.09126637823,1.107453735,9.85374642,2.066355,1.793186,10.38107273,2.432727,1.195652
2023-02-01,Costa,CERVEZAS,29,2414,4057,39599.78,8314,4.869007556,0.1279140663,29,659,852,8378.73,1944,4.429732939,0.07612659745,1.099165034,9.76085285,2.049298,1.680613,9.83419014,2.28169,1.292868
2023-02-01,Expansión - Centro,CERVEZAS,21,251,432,3795.74,1008,3.864747433,0.1298935338,15,118,141,1133.09,261,4.364461369,0.1105565409,0.8855038702,8.78643519,2.333333,1.721116,8.03609929,1.851064,1.194915
2023-02-01,Expansión - Centro,CERVEZAS,20,184,301,2531.79,621,4.344743865,0.1386509243,16,93,107,766.28,187,4.083537295,0.08024688519,1.063965761,8.41126246,2.063123,1.63587,7.16149533,1.747664,1.150538
2023-02-01,Expansión - Centro,CERVEZAS,21,212,332,3788.24,922,4.351451114,0.1301497939,19,263,320,2513.39,542,4.688662155,0.09906126576,0.9280794756,11.41036145,2.777108,1.566038,7.85434375,1.69375,1.21673
2023-02-01,Expansión - Costa,CERVEZAS,22,300,647,6740.72,1858,3.923756864,0.1478117506,20,130,175,1421.59,292,5.215171402,0.09693996923,0.7523735198,10.41842349,2.871716,2.156667,8.12337143,1.668571,1.346154
2023-02-01,Medellín,CERVEZAS,44,17220,30937,246147.61,52652,4.730103774,0.1124488014,41,2661,3193,25003.48,5617,4.548008987,0.0609391323,1.040038352,7.95641497,1.70191,1.796574,7.83071719,1.759161,1.199925
2023-02-01,Medellín,CERVEZAS,28,299,407,3161.3,654,4.901438876,0.09842705704,20,142,167,1219.46,295,4.187417961,0.06481251841,1.170515798,7.76732187,1.60688,1.361204,7.30215569,1.766467,1.176056
2023-03-01,Bogotá,CERVEZAS,37,538,887,8430.35,1755,4.867718792,0.211844274,35,275,362,3531.44,803,4.504418027,0.1451184043,1.080654318,9.50434047,1.978579,1.648699,9.75535912,2.218232,1.316364
2023-03-01,Bogotá,CERVEZAS,55,37210,66899,578685.04,124524,4.741390198,0.1732182739,51,5741,6959,56901.63,13343,4.426180609,0.1254138521,1.071214805,8.6501299,1.861373,1.797877,8.17669636,1.917373,1.212158
2023-03-01,Cali y Bucaramanga,CERVEZAS,37,1569,2946,27564.08,6591,4.223572746,0.1100182649,31,474,597,4656.87,1166,4.136803968,0.09807802039,1.020974834,9.35644263,2.237271,1.877629,7.80045226,1.953099,1.259494
2023-03-01,Cali y Bucaramanga,CERVEZAS,39,5560,10309,84610.65,18236,4.694526456,0.1882051371,38,1132,1393,11155.82,2689,4.324370557,0.09834932267,1.085597636,8.20745465,1.76894,1.854137,8.00848528,1.930366,1.230565
2023-03-01,Costa,CERVEZAS,39,5436,9962,94576.67,19422,4.959439907,0.2009825273,38,875,1048,9729.12,2392,4.22900523,0.1078963805,1.172720211,9.49374322,1.949609,1.832597,9.28351145,2.282443,1.197714
2023-03-01,Costa,CERVEZAS,34,2620,4782,46951.78,9965,4.795537582,0.1938719904,32,748,977,9420.92,2316,4.224553356,0.1056735184,1.135158484,9.81843998,2.083856,1.825191,9.64270215,2.370522,1.30615
2023-03-01,Expansión - Centro,CERVEZAS,22,192,287,2225.97,570,4.114583861,0.0313217925,18,103,130,1225.15,293,4.206231329,0.05925263711,0.9782115007,7.75599303,1.986063,1.494792,9.42423077,2.253846,1.262136
2023-03-01,Expansión - Centro,CERVEZAS,19,169,235,1620.64,364,4.47476573,0.04671632641,18,270,368,3029.79,726,4.312208844,0.1159406885,1.037696895,6.89634043,1.548936,1.390533,8.233125,1.972826,1.362963
2023-03-01,Expansión - Centro,CERVEZAS,21,133,213,1541.11,368,4.287832602,0.08220731823,16,124,155,1102.07,257,4.449545338,0.1147033923,0.9636563462,7.23525822,1.7277,1.601504,7.11012903,1.658065,1.25
2023-03-01,Expansión - Costa,CERVEZAS,25,233,381,3274.75,705,4.784798606,0.04705684917,21,156,235,2036.3,500,4.287372765,0.06836200283,1.116021132,8.59514436,1.850394,1.635193,8.66510638,2.12766,1.50641
2023-03-01,Medellín,CERVEZAS,46,18252,33615,269536.88,57935,4.706258869,0.1638818034,44,3418,4245,33199.09,7674,4.435648105,0.1108306839,1.061008168,8.01835133,1.723487,1.841716,7.82075147,1.807774,1.241954
2023-04-01,Bogotá,CERVEZAS,39,570,871,8037.16,1683,4.870926003,0.1533294061,35,276,335,3180.54,686,4.726898128,0.1016459012,1.03046985,9.22750861,1.932262,1.52807,9.49414925,2.047761,1.213768
2023-04-01,Bogotá,CERVEZAS,50,37944,66244,566018.63,121112,4.756663575,0.1361884009,50,4878,5765,47660.26,10703,4.563461355,0.1011585811,1.042336771,8.54445127,1.828271,1.745836,8.26717433,1.856548,1.181837
2023-04-01,Cali y Bucaramanga,CERVEZAS,37,2326,3853,33068.33,7215,4.68551229,0.1583727879,32,385,475,3753.48,863,4.411795046,0.1001506348,1.062042149,8.58248897,1.872567,1.656492,7.90206316,1.816842,1.233766
2023-04-01,Cali y Bucaramanga,CERVEZAS,36,6456,11815,94025.05,20230,4.718816456,0.1384811516,36,1077,1286,9720.89,2280,4.31195849,0.08764548616,1.094355724,7.95810834,1.71223,1.830081,7.55901244,1.772939,1.194058
2023-04-01,Costa,CERVEZAS,39,5966,10619,95659.79,19825,4.937104284,0.1417631227,38,864,1037,9648.09,2180,4.551644162,0.1265929218,1.084685909,9.00836143,1.866937,1.77992,9.30384764,2.102218,1.200231
2023-04-01,Costa,CERVEZAS,36,3194,5607,52324.31,11270,4.727888345,0.1644676149,36,853,1080,10119.21,2355,4.418688835,0.1006901413,1.069975398,9.33196183,2.009988,1.755479,9.36963889,2.180556,1.26612
2023-04-01,Expansión - Centro,CERVEZAS,25,272,421,3407.81,777,4.533202509,0.05073379197,18,101,130,1242.96,307,4.172501266,0.06870662002,1.086447246,8.09456057,1.845606,1.547794,9.56123077,2.361538,1.287129
2023-04-01,Expansión - Centro,CERVEZAS,22,208,313,2370.09,502,4.834048695,0.09381372314,17,106,125,1019.8,217,4.717549425,0.09846948718,1.02469487,7.57217252,1.603834,1.504808,8.1584,1.736,1.179245
2023-04-01,Expansión - Centro,CERVEZAS,25,294,410,3006.66,635,4.735389908,0.06219198565,22,282,373,2982.85,665,4.602647746,0.08399686325,1.028840391,7.33331707,1.54878,1.394558,7.99691689,1.782842,1.322695
2023-04-01,Expansión - Costa,CERVEZAS,25,335,556,4959.81,1060,4.794593768,0.0630894665,22,191,281,2671.66,590,4.63414789,0.1642499783,1.03462252,8.92052158,1.906475,1.659701,9.50768683,2.099644,1.471204
2023-04-01,Medellín,CERVEZAS,47,18112,31831,247228.73,53970,4.624996038,0.1242406061,46,3057,3727,28356.14,6354,4.514503706,0.08218239541,1.024474967,7.76691684,1.695517,1.757454,7.60830158,1.704856,1.219169
2023-05-01,Bogotá,CERVEZAS,52,37881,65760,525906.47,117405,4.555950199,0.1324394813,51,5467,6622,54396,12553,4.427042001,0.1122672976,1.029118359,7.99736116,1.785356,1.735963,8.21443673,1.895651,1.211268
2023-05-01,Bogotá,CERVEZAS,40,557,861,7562.53,1623,4.709527019,0.1723714879,35,264,328,3097.05,688,4.559204563,0.1231100095,1.032971202,8.78342625,1.885017,1.545781,9.44222561,2.097561,1.242424
2023-05-01,Cali y Bucaramanga,CERVEZAS,36,2228,3567,27446.57,6129,4.535700033,0.1848571987,34,390,500,4083.5,960,4.326550555,0.08212993009,1.04834093,7.69458088,1.718251,1.600987,8.167,1.92,1.282051
2023-05-01,Cali y Bucaramanga,CERVEZAS,37,6773,12088,89525.63,20445,4.434820344,0.1526011726,37,1169,1451,11631.3,2726,4.309477047,0.09494979628,1.029085501,7.40615735,1.691347,1.784734,8.01605789,1.878704,1.241232
2023-05-01,Costa,CERVEZAS,36,2853,4813,42915.55,9354,4.627798979,0.1386041217,35,790,989,8717.38,2021,4.385047419,0.08965191867,1.055358936,8.91659048,1.943486,1.686996,8.81433771,2.043478,1.251899
2023-05-01,Costa,CERVEZAS,40,6171,12075,104419.94,23460,4.562911602,0.1197932425,40,877,1088,10117.76,2321,4.361794605,0.1121731435,1.046108773,8.64761408,1.942857,1.956733,9.29941176,2.133272,1.240593
2023-05-01,Expansión - Centro,CERVEZAS,26,304,485,3976.34,944,4.36366272,0.09474983094,24,147,189,1862.54,450,4.25799493,0.08075156276,1.024816326,8.19863918,1.946392,1.595395,9.85470899,2.380952,1.285714
2023-05-01,Expansión - Centro,CERVEZAS,28,289,439,3724.38,763,4.855708935,0.1199426276,26,288,431,3547.12,816,4.491579999,0.1103482799,1.081069231,8.48378132,1.738041,1.519031,8.2299768,1.893271,1.496528
2023-05-01,Expansión - Centro,CERVEZAS,24,273,447,3209.3,690,4.638255066,0.1474760326,19,132,170,1288.5,304,4.299940289,0.09531054003,1.078678948,7.17964206,1.543624,1.637363,7.57941176,1.788235,1.287879
2023-05-01,Expansión - Costa,CERVEZAS,26,368,676,5413.41,1168,4.668859612,0.1276505923,24,172,255,2351.72,571,4.25081322,0.1218365357,1.098345039,8.00800296,1.727811,1.836957,9.22243137,2.239216,1.482558
2023-05-01,Medellín,CERVEZAS,46,17967,31576,226431.41,51909,4.404182325,0.1017322221,43,3424,4328,33263.83,7946,4.228125176,0.1027930998,1.041639531,7.17099728,1.643938,1.757444,7.68572782,1.835952,1.264019
2023-06-01,Bogotá,CERVEZAS,54,39904,69378,582028.87,125648,4.708252251,0.1074879954,50,5691,6929,57555.31,13617,4.37302745,0.07794889199,1.076657374,8.38924256,1.811064,1.738623,8.30643816,1.965219,1.217536
2023-06-01,Bogotá,CERVEZAS,43,563,876,8000.19,1711,4.820847969,0.1282692468,37,281,369,3511.3,801,4.444619883,0.1016943759,1.084647978,9.13263699,1.953196,1.55595,9.51571816,2.170732,1.313167
2023-06-01,Cali y Bucaramanga,CERVEZAS,38,2254,3690,29893.5,6679,4.524025669,0.1579231359,34,490,586,4673.22,1139,4.240357555,0.05873759708,1.066897216,8.10121951,1.810027,1.63709,7.97477816,1.943686,1.195918
2023-06-01,Cali y Bucaramanga,CERVEZAS,38,7001,12578,96239.43,21431,4.537094905,0.1219480331,37,1325,1651,13395.98,3189,4.251386064,0.08150963013,1.067203692,7.6514096,1.703848,1.7966,8.11385827,1.931557,1.246038
2023-06-01,Costa,CERVEZAS,37,3040,5287,45790.73,10024,4.635722027,0.08521667163,37,810,1035,9825.03,2314,4.399461282,0.07488334053,1.053702199,8.66100435,1.895971,1.739145,9.49278261,2.235749,1.277778
2023-06-01,Costa,CERVEZAS,41,6699,12194,103363.2,23311,4.51848414,0.08683475444,40,832,971,8131.57,1951,4.242628798,0.07192689943,1.06501991,8.47656224,1.911678,1.820272,8.37442842,2.009269,1.167067
2023-06-01,Expansión - Centro,CERVEZAS,27,393,619,5492.4,1266,4.446255246,0.0378345801,22,140,188,1881.12,452,4.197205238,0.07279953682,1.059337105,8.873021,2.045234,1.575064,10.00595745,2.404255,1.342857
2023-06-01,Expansión - Centro,CERVEZAS,26,232,356,2416.69,568,4.318517721,0.06558689482,21,137,169,1235.6,292,4.282283985,0.05005909171,1.008461311,6.78845506,1.595506,1.534483,7.3112426,1.727811,1.233577
2023-06-01,Expansión - Centro,CERVEZAS,28,287,395,2925.28,626,4.686791192,0.07486112792,25,325,437,3748.01,842,4.456536426,0.106554477,1.051666753,7.40577215,1.58481,1.376307,8.57668192,1.926773,1.344615
2023-06-01,Expansión - Costa,CERVEZAS,26,363,657,5449.59,1204,4.623616472,0.05353974119,22,228,338,3448.36,823,4.274328097,0.1394058243,1.081717727,8.29465753,1.832572,1.809917,10.20224852,2.434911,1.482456
2023-06-01,Medellín,CERVEZAS,50,19008,33513,248894.95,55542,4.517918725,0.07815642784,47,3328,4147,32758.91,7631,4.307031894,0.07548486587,1.048963378,7.42681795,1.657327,1.7631,7.89942368,1.840125,1.246094
2023-07-01,Bogotá,CERVEZAS,53,36128,61669,500426.2,107742,4.715774814,0.09006335763,48,4835,5640,42837.44,9936,4.410186967,0.04889162248,1.069291359,8.11471242,1.747101,1.706959,7.59529078,1.761702,1.166494
2023-07-01,Bogotá,CERVEZAS,40,555,881,7737.18,1634,4.758486693,0.1571778164,37,235,304,2677.08,608,4.461216091,0.05136111894,1.066634433,8.78227015,1.854711,1.587387,8.80618421,2,1.293617
2023-07-01,Cali y Bucaramanga,CERVEZAS,35,2118,3683,32595.44,7266,4.574616234,0.1333973315,32,379,475,3640.35,916,4.114764898,0.01399471804,1.111756406,8.85024165,1.972848,1.738905,7.66389474,1.928421,1.253298
2023-07-01,Cali y Bucaramanga,CERVEZAS,36,6985,12657,96944.06,21549,4.547190519,0.1011083818,35,1178,1472,11250.36,2669,4.278052849,0.05338074354,1.062911254,7.65932369,1.702536,1.812026,7.64290761,1.813179,1.249576
2023-07-01,Costa,CERVEZAS,40,6336,11677,98696.86,21427,4.690969176,0.08499696356,39,788,965,8800.39,2117,4.238208649,0.06046402011,1.106828277,8.45224458,1.834975,1.842961,9.11957513,2.193782,1.224619
2023-07-01,Costa,CERVEZAS,39,2996,5276,46304.67,9969,4.720858151,0.07218135297,38,899,1175,10778,2530,4.37415805,0.05656505032,1.079260991,8.77647271,1.8895,1.761015,9.17276596,2.153191,1.307008
2023-07-01,Expansión - Centro,CERVEZAS,23,422,696,6116.23,1491,4.227663985,0.03990936632,19,114,133,1002.06,237,4.349598173,0.02438302495,0.9719665625,8.78768678,2.142241,1.649289,7.53428571,1.781955,1.166667
2023-07-01,Expansión - Centro,CERVEZAS,26,290,445,3270.01,774,4.326003451,0.03931959534,21,119,141,981.92,244,4.138751609,0.05001141681,1.045243556,7.34833708,1.739326,1.534483,6.96397163,1.730496,1.184874
2023-07-01,Expansión - Centro,CERVEZAS,27,320,447,3297.46,755,4.451895333,0.01639960614,22,236,311,2353.39,542,4.375926961,0.06644663531,1.017360521,7.37686801,1.689038,1.396875,7.56717042,1.742765,1.317797
2023-07-01,Expansión - Costa,CERVEZAS,25,352,667,5373.37,1220,4.50385393,0.03160056414,20,139,215,1668.44,406,4.239118488,0.04286296098,1.062450588,8.05602699,1.829085,1.894886,7.76018605,1.888372,1.546763
2023-07-01,Medellín,CERVEZAS,43,17455,30666,225244.49,49466,4.589043024,0.07321114113,41,2898,3575,25429.33,6153,4.180353073,0.05746370823,1.097764458,7.3450887,1.613057,1.75686,7.1130993,1.721119,1.233609
2023-08-01,Bogotá,CERVEZAS,48,35268,59914,481570.45,102677,4.772239466,0.1054566154,44,5088,5963,46610.29,10660,4.425076935,0.06559905014,1.078453445,8.03769486,1.71374,1.69882,7.81658393,1.787691,1.171973
2023-08-01,Bogotá,CERVEZAS,41,596,914,8069.35,1716,4.752790744,0.1693402909,32,218,278,2899.95,614,4.736478034,0.07326280308,1.003444059,8.8286105,1.877462,1.533557,10.43147482,2.208633,1.275229
2023-08-01,Cali y Bucaramanga,CERVEZAS,36,2064,3475,30040.64,6458,4.728591027,0.1874250122,33,365,910,5058.36,1230,4.087723855,0.01762691773,1.15677849,8.64478849,1.858417,1.683624,5.55863736,1.351648,2.493151
2023-08-01,Cali y Bucaramanga,CERVEZAS,36,6797,12033,93037.38,20028,4.699569909,0.1310189101,35,1225,1496,11860.86,2765,4.385158269,0.04868762761,1.071699041,7.73185241,1.664423,1.77034,7.92838235,1.848262,1.221224
2023-08-01,Costa,CERVEZAS,39,6571,13307,98239.68,21494,4.637584376,0.1114152228,38,962,1206,9944.28,2429,4.172938844,0.04968317271,1.111347314,7.38255655,1.61524,2.02511,8.24567164,2.014096,1.253638
2023-08-01,Costa,CERVEZAS,39,2723,4719,40769.67,8955,4.619476839,0.103632729,38,749,968,8863.9,2084,4.354735133,0.04783148829,1.060793986,8.63947235,1.897648,1.733015,9.15692149,2.152893,1.29239
2023-08-01,Expansión - Centro,CERVEZAS,27,437,568,4142.34,916,4.529584276,0.1939838694,24,269,337,2531.03,562,4.500552221,0.06663260054,1.006450776,7.29285211,1.612676,1.299771,7.51047478,1.667656,1.252788
2023-08-01,Expansión - Centro,CERVEZAS,24,375,540,3577.2,815,4.470762369,0.2225407294,18,111,134,1109.49,255,4.387522676,0.04726441572,1.018971912,6.62444444,1.509259,1.44,8.27977612,1.902985,1.207207
2023-08-01,Expansión - Centro,CERVEZAS,26,482,747,5738.3,1366,4.291094425,0.1274172746,19,112,132,1060.72,253,4.272170772,0.02643744085,1.004429517,7.68179384,1.828648,1.549793,8.03575758,1.916667,1.178571
2023-08-01,Expansión - Costa,CERVEZAS,27,508,852,6427.99,1444,4.524235489,0.1896817695,26,153,225,1958.19,441,4.499997938,0.09787902555,1.005386125,7.5445892,1.694836,1.677165,8.70306667,1.96,1.470588
2023-08-01,Medellín,CERVEZAS,43,18349,32223,240220.54,52784,4.591642404,0.1064486857,42,3063,3803,28208.78,6567,4.332973165,0.06152219766,1.059697863,7.45494026,1.638085,1.756117,7.41750723,1.726795,1.241593
2023-09-01,Bogotá,CERVEZAS,40,586,915,8327.51,1745,4.814283203,0.1292091229,33,279,353,3488.27,777,4.617811276,0.1260789743,1.042546548,9.10110383,1.907104,1.561433,9.8817847,2.201133,1.265233
2023-09-01,Bogotá,CERVEZAS,46,38591,66518,545105.84,115626,4.794224343,0.1092950455,45,5658,6834,57615.02,13050,4.462708589,0.1283458921,1.074285772,8.19486214,1.738266,1.723666,8.43064384,1.90957,1.207847
2023-09-01,Cali y Bucaramanga,CERVEZAS,35,2009,3521,29589.99,6433,4.685342639,0.1051012423,33,468,1445,8206.87,2004,4.053711785,0.05061530465,1.155815432,8.4038597,1.827038,1.752613,5.67949481,1.386851,3.087607
2023-09-01,Cali y Bucaramanga,CERVEZAS,36,6671,12091,93223.35,19946,4.723571117,0.1244023417,36,1362,1760,14769.32,3438,4.378267545,0.1049813626,1.078867627,7.71014391,1.649657,1.812472,8.39165909,1.953409,1.292217
2023-09-01,Costa,CERVEZAS,35,7902,14529,126477.19,27743,4.634260446,0.1175193415,35,1253,1871,15139.17,3654,4.190843426,0.1082983408,1.105806153,8.70515452,1.909491,1.838648,8.09148584,1.952966,1.493216
2023-09-01,Costa,CERVEZAS,34,2812,5386,46945.98,10208,4.660951016,0.1087273514,34,804,995,9656.59,2254,4.363189255,0.1048342251,1.068244063,8.71629781,1.895284,1.915363,9.70511558,2.265327,1.237562
2023-09-01,Expansión - Centro,CERVEZAS,25,431,697,5190.01,1245,4.243302575,0.06539620225,20,141,183,1522.34,368,4.149061737,0.08151005071,1.022713771,7.44621234,1.786227,1.617169,8.31879781,2.010929,1.297872
2023-09-01,Expansión - Centro,CERVEZAS,26,430,583,4266.87,940,4.557501534,0.05742346344,25,296,412,3415.44,756,4.496882804,0.1140775857,1.013480167,7.31881647,1.61235,1.355814,8.28990291,1.834951,1.391892
2023-09-01,Expansión - Centro,CERVEZAS,21,290,417,2747.13,641,4.280668142,0.05769747067,19,121,141,1039,228,4.510817302,0.08817194777,0.9489783903,6.58784173,1.53717,1.437931,7.36879433,1.617021,1.165289
2023-09-01,Expansión - Costa,CERVEZAS,26,522,873,6705.12,1486,4.59967964,0.06157986724,25,188,280,2555,617,4.306459913,0.1143860976,1.068088345,7.68054983,1.702176,1.672414,9.125,2.203571,1.489362
2023-09-01,Medellín,CERVEZAS,40,18871,33292,248596.83,54484,4.594968883,0.1103238845,39,3147,3830,27911.61,6567,4.287153775,0.09345768178,1.071799409,7.46716418,1.636549,1.764188,7.28762663,1.714621,1.217032
2023-10-01,Bogotá,CERVEZAS,50,36762,62380,541559.68,117187,4.681250967,0.1370852688,46,5372,6594,54827.41,12401,4.51098152,0.1155910922,1.037745543,8.6816236,1.878599,1.696861,8.31474219,1.880649,1.227476
2023-10-01,Bogotá,CERVEZAS,41,718,1143,14226.99,3124,4.61716105,0.1430208831,35,290,370,3593.52,802,4.588799287,0.1060114228,1.00618065,12.44706037,2.733158,1.591922,9.71221622,2.167568,1.275862
2023-10-01,Cali y Bucaramanga,CERVEZAS,38,5769,10315,82054.7,17607,4.730862836,0.1437153077,35,1112,1394,10942.93,2681,4.213596003,0.08275883969,1.122761374,7.95489094,1.706932,1.788005,7.85002152,1.923242,1.253597
2023-10-01,Cali y Bucaramanga,CERVEZAS,34,2103,3628,30974.5,6885,4.566701162,0.1463934041,29,812,1285,8875.11,2194,4.039685537,0.0251534676,1.130459567,8.53762404,1.89774,1.725155,6.90670039,1.707393,1.582512
2023-10-01,Costa,CERVEZAS,37,9502,20212,223185.51,47893,4.719105569,0.1314497375,36,1337,2295,19715.45,4806,4.145523877,0.07797050806,1.138361691,11.04222788,2.369533,2.127131,8.59061002,2.094118,1.71653
2023-10-01,Costa,CERVEZAS,39,3022,7164,57020.99,12658,4.538736518,0.1485847486,36,798,994,9166.67,2161,4.339136908,0.1016023082,1.045999842,7.95937884,1.76689,2.370615,9.22200201,2.174044,1.245614
2023-10-01,Expansión - Centro,CERVEZAS,25,229,374,2522.35,584,4.419915648,0.03970223175,19,97,120,918.81,204,4.491650555,0.09472430866,0.984029277,6.74425134,1.561497,1.633188,7.65675,1.7,1.237113
2023-10-01,Expansión - Centro,CERVEZAS,26,340,465,3238.13,731,4.474520915,0.04823788015,24,271,386,2905.84,650,4.49570884,0.0946587895,0.995287078,6.96372043,1.572043,1.367647,7.5280829,1.683938,1.424354
2023-10-01,Expansión - Centro,CERVEZAS,26,411,706,5062.93,1231,4.172388255,0.03933223904,20,109,138,1151.4,284,4.109761905,0.05377141649,1.015238438,7.17128895,1.743626,1.717762,8.34347826,2.057971,1.266055
2023-10-01,Expansión - Costa,CERVEZAS,24,398,683,5521.7,1255,4.484249653,0.03948626211,22,188,268,2525.55,606,4.192080568,0.1112188453,1.069695484,8.08448023,1.837482,1.71608,9.42369403,2.261194,1.425532
2023-10-01,Medellín,CERVEZAS,40,15700,27112,203624.68,43761,4.702868378,0.1241846637,39,2765,3333,24310.93,5581,4.417386934,0.07859327918,1.064626769,7.51050015,1.614082,1.726879,7.2940084,1.674467,1.205425
2023-11-01,Bogotá,CERVEZAS,40,545,901,7224.07,1601,4.596585787,0.02496916463,34,289,364,3746.5,860,4.489347958,0.116672513,1.023887172,8.01783574,1.776915,1.653211,10.29258242,2.362637,1.259516
2023-11-01,Bogotá,CERVEZAS,52,35947,61766,500211.61,109058,4.651402308,0.07471693855,50,6435,8226,69870.57,16366,4.352979429,0.1295322084,1.068556005,8.09849448,1.765664,1.718252,8.49386944,1.989545,1.278322
2023-11-01,Cali y Bucaramanga,CERVEZAS,36,1792,3141,24795.88,5601,4.471983117,0.07748713923,33,707,1089,9365.12,2298,4.107034918,0.1030951334,1.088859288,7.89426297,1.78319,1.75279,8.59974288,2.110193,1.540311
2023-11-01,Cali y Bucaramanga,CERVEZAS,39,5324,9484,70473.95,15317,4.641498533,0.06852650802,35,1327,1789,14605.2,3463,4.252133635,0.1098113379,1.091569299,7.4308256,1.615036,1.781367,8.16389044,1.935718,1.348154
2023-11-01,Costa,CERVEZAS,39,3029,8835,63587.03,14147,4.509705147,0.07048209328,37,1041,1468,14508.68,3474,4.262177093,0.1098018546,1.058075497,7.19717374,1.601245,2.916804,9.883297,2.366485,1.410183
2023-11-01,Costa,CERVEZAS,38,7624,14659,129087.42,28455,4.59925929,0.06252906024,36,1252,2060,16847.82,4225,4.007325475,0.1042692076,1.147712937,8.80601815,1.941128,1.922744,8.1785534,2.050971,1.645367
2023-11-01,Expansión - Centro,CERVEZAS,26,316,456,3162.45,705,4.521447351,0.003665815069,23,345,467,3849.36,855,4.491316657,0.1219572021,1.006708655,6.93519737,1.546053,1.443038,8.2427409,1.830835,1.353623
2023-11-01,Expansión - Centro,CERVEZAS,24,225,345,2378.32,546,4.395214674,0.004335474308,16,100,131,1008.55,233,4.375900493,0.1185687301,1.004413762,6.89368116,1.582609,1.533333,7.69885496,1.778626,1.31
2023-11-01,Expansión - Centro,CERVEZAS,27,356,532,3993.75,977,4.130897001,0.006147587596,21,153,200,1851.82,463,3.996424141,0.1128709845,1.033648295,7.50704887,1.836466,1.494382,9.2591,2.315,1.30719
2023-11-01,Expansión - Costa,CERVEZAS,23,369,669,5531.2,1212,4.669562179,0.0103963006,19,183,333,3201.47,772,4.190336565,0.1174620674,1.114364468,8.26786248,1.811659,1.813008,9.61402402,2.318318,1.819672
2023-11-01,Medellín,CERVEZAS,41,16165,27250,198347.64,43646,4.583775461,0.05861776566,40,4082,5119,40530.48,9360,4.370198222,0.1013735734,1.048871293,7.27881248,1.601688,1.685741,7.91765579,1.828482,1.254042
2023-12-01,Bogotá,CERVEZAS,42,802,1464,14109.79,2987,4.853676477,0.1162497652,34,378,513,5469.33,1237,4.546596235,0.1350085386,1.067540689,9.6378347,2.040301,1.825436,10.66146199,2.411306,1.357143
2023-12-01,Bogotá,CERVEZAS,51,42978,74631,656972.08,140839,4.759299132,0.09912439797,47,7100,8826,87804.15,19675,4.52409311,0.143417801,1.051989651,8.80293819,1.887138,1.736493,9.94835146,2.229209,1.243099
2023-12-01,Cali y Bucaramanga,CERVEZAS,34,8555,15500,130305,27894,4.716145273,0.1058261315,33,1931,2585,25458.02,5928,4.392819433,0.1250469476,1.073603262,8.40677419,1.799613,1.811806,9.84836364,2.29323,1.338685
2023-12-01,Cali y Bucaramanga,CERVEZAS,34,2676,4747,42511.32,9390,4.60109824,0.109896044,29,938,1576,16141.18,3783,4.280648444,0.1302101211,1.074860106,8.95540763,1.978091,1.773916,10.24186548,2.400381,1.680171
2023-12-01,Costa,CERVEZAS,37,4526,9472,86134.09,18811,4.624972082,0.1224053441,36,1410,1816,18503.51,4247,4.40766556,0.1144325089,1.049301953,9.09354835,1.985959,2.092797,10.18915749,2.338656,1.287943
2023-12-01,Costa,CERVEZAS,39,8816,17536,161051.04,34945,4.71951285,0.1103526568,37,1689,2201,22495.35,5240,4.386349995,0.1190098279,1.075954462,9.18402372,1.992758,1.989111,10.2205134,2.380736,1.303138
2023-12-01,Expansión - Centro,CERVEZAS,26,439,616,4420.67,996,4.489140466,0.004008765324,25,530,756,7769.89,1635,4.710054538,0.14663226,0.9530973431,7.17641234,1.616883,1.403189,10.27763228,2.162698,1.426415
2023-12-01,Expansión - Centro,CERVEZAS,25,588,880,7597.17,1777,4.432518163,0.008128176589,23,226,291,3045.93,735,4.15990951,0.1370676772,1.065532352,8.63314773,2.019318,1.496599,10.4671134,2.525773,1.287611
2023-12-01,Expansión - Centro,CERVEZAS,24,379,524,3811.89,860,4.515029151,0.01083917797,17,181,235,2265.49,513,4.399044872,0.1307267926,1.026365787,7.27459924,1.641221,1.382586,9.64038298,2.182979,1.298343
2023-12-01,Expansión - Costa,CERVEZAS,25,592,1098,10021.42,2236,4.601509905,0.002772946523,25,350,683,9243.58,2197,4.293258446,0.1432290632,1.071798952,9.12697632,2.03643,1.85473,13.53379209,3.216691,1.951429
2023-12-01,Medellín,CERVEZAS,39,20918,36848,302597.23,63908,4.78486024,0.09402921806,36,4843,6092,53716.97,12236,4.456016081,0.1225697004,1.073797795,8.21203946,1.734368,1.761545,8.81762475,2.008536,1.257898
2024-01-01,Bogotá,CERVEZAS,37,624,1042,9735.55,1996,4.932691422,0.1004880652,30,232,301,2718.53,611,4.55900874,0.04744459433,1.081965774,9.3431382,1.915547,1.669872,9.03166113,2.0299,1.297414
2024-01-01,Bogotá,CERVEZAS,48,30647,51495,428688.09,89444,4.877120969,0.09532361124,42,3910,4666,34678.25,7967,4.439718274,0.03639068213,1.098520372,8.32484882,1.736945,1.680262,7.4321153,1.707458,1.19335
2024-01-01,Cali y Bucaramanga,CERVEZAS,35,5889,10753,82261.7,17770,4.686929227,0.0909299023,31,1116,1384,10431.49,2522,4.239241832,0.03573672996,1.105605534,7.65011625,1.652562,1.825947,7.53720376,1.822254,1.240143
2024-01-01,Cali y Bucaramanga,CERVEZAS,32,1884,3215,27157.98,5908,4.677397763,0.09290513781,28,374,955,5877.03,1411,4.23342247,0.01515080736,1.104873845,8.44727216,1.837636,1.706476,6.15395812,1.477487,2.553476
2024-01-01,Costa,CERVEZAS,38,3746,6369,62661.19,13294,4.792515096,0.09384625217,34,854,1037,9514.14,2253,4.320473189,0.03438354345,1.109256993,9.83846601,2.087298,1.700214,9.17467695,2.172613,1.214286
2024-01-01,Costa,CERVEZAS,38,5891,10750,92660.23,19953,4.770740468,0.09763309963,35,781,972,8012.74,1968,4.16617549,0.04244178166,1.145112701,8.61955628,1.856093,1.824818,8.24355967,2.024691,1.244558
2024-01-01,Expansión - Centro,CERVEZAS,25,350,479,3530.29,718,4.998409328,0.07969493058,24,368,510,3846.59,867,4.467202999,0.04268118803,1.118912512,7.37012526,1.498956,1.368571,7.54233333,1.7,1.38587
2024-01-01,Expansión - Centro,CERVEZAS,23,454,759,6299.28,1484,4.352575369,0.02032525531,20,115,142,1091.71,279,3.961194367,0.03897910747,1.098803786,8.29944664,1.955204,1.671806,7.68809859,1.964789,1.234783
2024-01-01,Expansión - Centro,CERVEZAS,25,296,406,3106.27,644,4.888666667,0.07024327262,20,153,201,1376.29,311,4.382560096,0.03653955545,1.115481946,7.65091133,1.586207,1.371622,6.84721393,1.547264,1.313725
2024-01-01,Expansión - Costa,CERVEZAS,31,507,886,7632.56,1584,5.003978833,0.0644467046,29,205,305,2539.72,617,4.151293575,0.02537728627,1.205402302,8.61462754,1.78781,1.747535,8.32695082,2.022951,1.487805
2024-01-01,Medellín,CERVEZAS,39,17321,31378,245689.34,50786,4.875037542,0.09172087115,35,2442,2991,20941.84,4923,4.27624159,0.03612123301,1.14002856,7.82998725,1.618523,1.811558,7.00161819,1.645938,1.224816
2024-02-01,Bogotá,CERVEZAS,45,31399,52581,424530.75,88863,4.874687296,0.06706468053,43,5146,6393,53867.27,11932,4.610854565,0.126817001,1.05721992,8.07384321,1.690021,1.674607,8.42597685,1.866416,1.242324
2024-02-01,Bogotá,CERVEZAS,37,608,1055,9455.15,1963,4.864059514,0.06768998177,30,248,317,3005.89,654,4.739050111,0.1210417737,1.026378578,8.96222749,1.860664,1.735197,9.48230284,2.063091,1.278226
2024-02-01,Cali y Bucaramanga,CERVEZAS,35,1794,3080,24968.16,5665,4.502269713,0.05894968904,29,404,1020,6415.72,1486,4.331209725,0.1164632988,1.039494737,8.10654545,1.839286,1.716834,6.28992157,1.456863,2.524752
2024-02-01,Cali y Bucaramanga,CERVEZAS,34,5994,10755,80674.46,17330,4.733524357,0.06688340651,32,1285,1695,14201.21,3234,4.448260789,0.1180886587,1.064129237,7.50111204,1.611344,1.794294,8.37829499,1.907965,1.319066
2024-02-01,Costa,CERVEZAS,38,2529,4383,40228.92,8580,4.758334062,0.07309660576,33,947,1215,11672.57,2661,4.474160491,0.09789675537,1.063514389,9.17839836,1.957563,1.733096,9.6070535,2.190123,1.282999
2024-02-01,Costa,CERVEZAS,37,6350,10672,89752.88,19891,4.672372442,0.07041670587,31,1045,1542,14072.03,3371,4.332035211,0.1057206213,1.078562896,8.41012744,1.863849,1.68063,9.12583009,2.186122,1.475598
2024-02-01,Expansión - Centro,CERVEZAS,28,388,582,4268.66,890,4.823237129,0.04624696077,27,374,568,4476.59,964,4.630276515,0.1123725376,1.04167367,7.33446735,1.52921,1.5,7.88132042,1.697183,1.518717
2024-02-01,Expansión - Centro,CERVEZAS,29,272,388,2569.95,526,4.909514851,0.04325045031,21,149,190,1517.97,342,4.408757189,0.1014532875,1.1135825,6.62358247,1.35567,1.426471,7.98931579,1.8,1.275168
2024-02-01,Expansión - Centro,CERVEZAS,5,5,6,63.25,15,4.140476191,0.1444852112,5,71,90,804.3,192,4.14850372,0.0898835968,0.9980649581,10.54166667,2.5,1.2,8.93666667,2.133333,1.267606
2024-02-01,Expansión - Costa,CERVEZAS,34,517,910,7094.85,1489,4.8630625,0.05401489898,26,220,421,3450.85,823,4.250277349,0.1579005022,1.144175333,7.79653846,1.636264,1.760155,8.19679335,1.954869,1.913636
2024-02-01,Medellín,CERVEZAS,33,16309,29142,218936.02,46565,4.80361301,0.05550765852,31,3421,4436,33575.58,7665,4.423034274,0.1058871422,1.086044718,7.51273145,1.597866,1.786866,7.56888638,1.727908,1.296697
2024-03-01,Bogotá,CERVEZAS,56,37894,64572,537700.55,109736,5.002197185,0.1100091014,50,6299,7821,66713.79,14738,4.59722608,0.1237183029,1.088090317,8.32714722,1.699436,1.704016,8.53008439,1.884414,1.241626
2024-03-01,Bogotá,CERVEZAS,42,826,1337,12473.35,2548,5.011612651,0.1271801308,36,332,421,4334.36,917,4.941193065,0.142301769,1.014251535,9.32935677,1.905759,1.618644,10.29539192,2.178147,1.268072
2024-03-01,Cali y Bucaramanga,CERVEZAS,43,7413,13014,101659.64,21387,4.81476637,0.1081789793,38,1663,2132,17701.56,3934,4.511941501,0.09790204225,1.067116311,7.81155986,1.643384,1.755565,8.3027955,1.845216,1.28202
2024-03-01,Cali y Bucaramanga,CERVEZAS,42,2758,5259,46512.24,10190,4.640188042,0.1052267001,33,555,1140,9309.39,2207,4.209622103,0.1222671208,1.102281376,8.84431261,1.937631,1.906817,8.16613158,1.935965,2.054054
2024-03-01,Costa,CERVEZAS,47,3817,6804,65395.08,13575,4.915299292,0.1174786357,38,1228,1615,15748.74,3522,4.583202005,0.1226295835,1.072459666,9.61126984,1.99515,1.782552,9.7515418,2.180805,1.315147
2024-03-01,Costa,CERVEZAS,43,7130,12652,108530.37,22563,4.919517086,0.1079464041,38,1031,1256,10940.83,2566,4.419555289,0.1254448729,1.113124911,8.57811966,1.783354,1.774474,8.71085191,2.042994,1.218235
2024-03-01,Expansión -  Costa,CERVEZAS,29,301,410,3715.98,757,4.896808768,0.1277580931,26,897,1279,13452.07,2983,4.610448469,0.1187199494,1.062111159,9.06336585,1.846341,1.362126,10.5176466,2.332291,1.425864
2024-03-01,Expansión - Centro,CERVEZAS,28,372,548,4304.78,862,5.020013356,0.1197418581,21,166,219,1670.45,364,4.603320049,0.0989478898,1.090520168,7.85543796,1.572993,1.473118,7.62762557,1.6621,1.319277
2024-03-01,Expansión - Centro,CERVEZAS,30,149,186,1788.98,371,4.945781492,0.1006761513,26,275,431,4935.71,1079,4.683744544,0.1464754626,1.055946038,9.61817204,1.994624,1.248322,11.45176334,2.50348,1.567273
2024-03-01,Expansión - Centro,CERVEZAS,30,234,319,2626.85,551,4.795457516,0.08379861608,26,248,339,2988.96,702,4.248831976,0.07560505031,1.128653132,8.2346395,1.727273,1.363248,8.81699115,2.070796,1.366935
2024-03-01,Expansión - Centro,CERVEZAS,32,499,753,5351.37,1114,4.809032757,0.1132792297,30,474,722,6130.85,1284,4.771278556,0.1238021937,1.007912806,7.10673307,1.479416,1.509018,8.49148199,1.778393,1.523207
2024-03-01,Expansión - Costa,CERVEZAS,35,719,1343,11595.93,2454,4.844627208,0.1033878085,31,231,324,2925.8,698,4.230089269,0.0697473579,1.145277771,8.63434847,1.827252,1.867872,9.03024691,2.154321,1.402597
2024-03-01,Medellín,CERVEZAS,43,17122,30422,237794.74,49053,4.940289065,0.09991792953,40,3855,4887,36716.49,8319,4.442030262,0.1076501306,1.11216916,7.81653869,1.612419,1.776778,7.51309392,1.702271,1.267704
2024-04-01,Bogotá,CERVEZAS,62,35214,60312,493560.66,99727,5.044482671,0.07818636513,54,4687,5681,45366.92,9971,4.652188298,0.07347350896,1.084324698,8.18345702,1.653518,1.712728,7.98572786,1.755149,1.212076
2024-04-01,Bogotá,CERVEZAS,46,678,1087,9899.02,1949,5.199551705,0.08070590792,32,227,284,2719.44,592,4.737755113,0.06384827712,1.097471604,9.10673413,1.793008,1.603245,9.57549296,2.084507,1.251101
2024-04-01,Cali y Bucaramanga,CERVEZAS,45,2155,4019,31154.14,6851,4.633410091,0.07721782483,34,365,843,5099.88,1284,4.150682043,0.008277836088,1.116300898,7.75171436,1.704653,1.864965,6.04967972,1.523132,2.309589
2024-04-01,Cali y Bucaramanga,CERVEZAS,46,5473,9343,72290.74,14950,4.902643967,0.07929378546,41,1269,1608,12432.44,2812,4.493644764,0.05162063844,1.091017253,7.73742267,1.600128,1.707108,7.73161692,1.748756,1.267139
2024-04-01,Costa,CERVEZAS,46,5625,9779,82638.86,16806,5.01493567,0.07538228689,40,847,994,8461.31,1926,4.529208731,0.09263279134,1.107243222,8.45064526,1.718581,1.738489,8.51238431,1.937626,1.173554
2024-04-01,Costa,CERVEZAS,48,2905,5001,47917.77,9854,4.9683762,0.08510774837,40,955,1209,11746.11,2733,4.451754704,0.08510585548,1.116048958,9.58163767,1.970406,1.721515,9.71555831,2.260546,1.265969
2024-04-01,Expansión -  Costa,CERVEZAS,32,285,451,3662.35,721,5.131853862,0.05833854997,31,509,731,6726.88,1559,4.453905751,0.08097527598,1.152214292,8.12050998,1.59867,1.582456,9.20229822,2.132695,1.436149
2024-04-01,Expansión - Centro,CERVEZAS,27,242,365,2824.7,548,5.190696306,0.08012797148,20,116,153,1084.61,225,4.813923868,0.04761679473,1.07826722,7.73890411,1.50137,1.508264,7.08895425,1.470588,1.318966
2024-04-01,Expansión - Centro,CERVEZAS,29,333,483,4076.71,844,4.974240494,0.06868665562,21,124,164,1210.77,312,3.916592179,0.0176402506,1.270043004,8.44039337,1.747412,1.45045,7.3827439,1.902439,1.322581
2024-04-01,Expansión - Centro,CERVEZAS,33,167,246,1881.8,405,4.71946952,0.04171443851,27,192,272,2677.67,611,4.561493021,0.09272370234,1.03463263,7.6495935,1.646341,1.473054,9.844375,2.246324,1.416667
2024-04-01,Expansión - Centro,CERVEZAS,30,295,439,3063.12,642,4.772839533,0.07195012626,29,329,501,3759.9,802,4.741216199,0.08361816999,1.006669878,6.97749431,1.462415,1.488136,7.50479042,1.600798,1.522796
2024-04-01,Expansión - Costa,CERVEZAS,34,564,1015,8647.51,1787,4.926360642,0.07708988427,30,183,237,1799.55,405,4.517208406,0.06807636913,1.090576347,8.51971429,1.760591,1.799645,7.59303797,1.708861,1.295082
2024-04-01,Medellín,CERVEZAS,51,13649,23759,182973.47,37602,4.953408793,0.06317765725,46,2902,3528,26060.43,5853,4.497555421,0.05382021247,1.10135581,7.70122775,1.582642,1.740714,7.3867432,1.659014,1.215713
2024-05-01,Bogotá,CERVEZAS,62,36426,61480,508152.14,103060,5.021386225,0.05128021002,56,5768,7207,62402.66,13484,4.703149852,0.1101623418,1.067664519,8.26532433,1.676318,1.687805,8.65861801,1.870959,1.24948
2024-05-01,Bogotá,CERVEZAS,47,771,1208,10617,2147,5.029545627,0.05951631877,36,254,318,3217.13,672,4.820453508,0.1112961187,1.043376026,8.78890728,1.777318,1.566796,10.11676101,2.113208,1.251969
2024-05-01,Cali y Bucaramanga,CERVEZAS,47,2294,4042,33212.89,6979,4.830125495,0.05594275519,35,517,839,7773.09,1829,4.320364272,0.1352121608,1.117990334,8.21694458,1.72662,1.761988,9.26470799,2.179976,1.622824
2024-05-01,Cali y Bucaramanga,CERVEZAS,49,5307,8782,67190.1,14080,4.83482115,0.05502641266,43,1651,2192,18091.16,4034,4.568307614,0.09886255624,1.058339665,7.65088818,1.603279,1.654796,8.25326642,1.840328,1.32768
2024-05-01,Costa,CERVEZAS,51,6601,11335,94857.93,19756,4.895407865,0.064376798,41,1212,1511,14249.43,3079,4.81969717,0.1237347526,1.0157086,8.36858668,1.74292,1.717164,9.43046327,2.037723,1.2467
2024-05-01,Costa,CERVEZAS,48,3099,5211,48843.62,9939,5.032855541,0.06088816737,40,1043,1414,14708.6,3267,4.652729522,0.1074369089,1.081699574,9.37317597,1.907311,1.68151,10.40212164,2.310467,1.355705
2024-05-01,Expansión -  Costa,CERVEZAS,31,316,452,3803.07,685,5.595630802,0.05285103321,30,630,923,8796.3,1943,4.624590143,0.09501963829,1.209973344,8.41387168,1.515487,1.43038,9.53011918,2.105092,1.465079
2024-05-01,Expansión - Centro,CERVEZAS,36,266,367,2896.28,592,4.974324003,0.04951152796,28,193,297,3082.24,709,4.422044402,0.1426190865,1.124892369,7.89177112,1.613079,1.379699,10.37791246,2.387205,1.53886
2024-05-01,Expansión - Centro,CERVEZAS,30,360,524,3835.31,765,5.08591953,0.06494879913,28,365,530,3947.78,853,4.653071429,0.1001071275,1.093024169,7.31929389,1.459924,1.455556,7.44864151,1.609434,1.452055
2024-05-01,Expansión - Centro,CERVEZAS,30,281,408,3021.19,610,4.984911742,0.06500451886,26,159,218,1592.55,335,4.832894068,0.09894893479,1.031454791,7.40487745,1.495098,1.451957,7.30527523,1.536697,1.371069
2024-05-01,Expansión - Centro,CERVEZAS,32,388,590,4688.65,974,4.911283811,0.06327968569,25,147,210,1804.79,443,4.109118304,0.05785136751,1.195215968,7.94686441,1.650847,1.520619,8.5942381,2.109524,1.428571
2024-05-01,Expansión - Costa,CERVEZAS,34,694,1185,9819.04,2091,4.778684576,0.05781055546,30,238,376,4452.72,1037,4.355215211,0.1551434985,1.097232707,8.2861097,1.764557,1.707493,11.84234043,2.757979,1.579832
2024-05-01,Medellín,CERVEZAS,52,14783,25553,199344.22,40729,4.975314363,0.0468753944,48,3237,4053,30760,6969,4.46029827,0.08448990998,1.115466738,7.80120612,1.593903,1.72854,7.58943992,1.719467,1.252085
2024-06-01,Bogotá,CERVEZAS,66,42181,71620,621712.68,124847,5.080493983,0.08904682727,58,6609,8110,73726.77,15555,4.837285288,0.1127300782,1.050277931,8.68071321,1.743186,1.697921,9.0908471,1.918002,1.227115
2024-06-01,Bogotá,CERVEZAS,53,911,1343,12764.1,2516,5.186527703,0.09402774849,39,348,437,4700.13,957,5.06723965,0.1071654485,1.023541032,9.50416977,1.873418,1.474204,10.75544622,2.189931,1.255747
2024-06-01,Cali y Bucaramanga,CERVEZAS,50,2812,4927,44071.69,9191,4.877190297,0.09221551906,39,665,923,8169.74,1876,4.3569592,0.11358635,1.119402334,8.94493404,1.865435,1.752134,8.85128927,2.032503,1.38797
2024-06-01,Cali y Bucaramanga,CERVEZAS,52,6432,10773,87914.18,17817,5.003095249,0.09340800317,47,1994,2582,21864.33,4782,4.624901408,0.09491050026,1.081773385,8.16060336,1.653857,1.674907,8.46798218,1.852053,1.294885
2024-06-01,Costa,CERVEZAS,50,7513,13212,116877.94,23983,4.963040136,0.09752762369,40,1266,1584,16460.15,3401,5.000213583,0.1448404732,0.9925656282,8.84634726,1.815244,1.758552,10.39150884,2.147096,1.251185
2024-06-01,Costa,CERVEZAS,51,3900,6452,63697.94,12887,5.049018705,0.08806686193,38,1176,1602,16286.93,3500,4.82434629,0.1160453261,1.046570541,9.87258834,1.997365,1.654359,10.16662297,2.184769,1.362245
2024-06-01,Expansión -  Costa,CERVEZAS,35,371,597,5035.34,878,5.825691879,0.0917543931,29,888,1219,11992.66,2612,4.648698349,0.1017373421,1.253187762,8.43440536,1.470687,1.609164,9.83811321,2.14274,1.372748
2024-06-01,Expansión - Centro,CERVEZAS,35,513,758,6808.39,1388,5.020024351,0.08238879867,25,280,359,3466.4,801,4.466626458,0.07180823694,1.123896166,8.98204485,1.831135,1.477583,9.65571031,2.231198,1.282143
2024-06-01,Expansión - Centro,CERVEZAS,32,385,522,4145.98,832,4.978871661,0.1146297096,26,201,269,2235.17,464,4.848214857,0.1167983326,1.026949467,7.94249042,1.59387,1.355844,8.30918216,1.724907,1.338308
2024-06-01,Expansión - Centro,CERVEZAS,32,426,655,4840.37,977,4.969974359,0.09006572107,30,482,631,5248.65,1130,4.701416409,0.1136484465,1.057122775,7.38987786,1.491603,1.537559,8.31798732,1.790808,1.309129
2024-06-01,Expansión - Centro,CERVEZAS,36,383,521,4625.03,955,4.971801362,0.1099785975,31,245,339,3615.46,832,4.407304992,0.1371683924,1.128081985,8.87721689,1.833013,1.360313,10.66507375,2.454277,1.383673
2024-06-01,Expansión - Costa,CERVEZAS,36,880,1529,12990.14,2712,4.833892627,0.08595294099,31,308,614,7309.65,1755,4.228764881,0.2421928546,1.143097988,8.49584042,1.773708,1.7375,11.90496743,2.858306,1.993506
2024-06-01,Medellín,CERVEZAS,55,16788,28627,230297.76,46411,5.038016371,0.07980867467,49,4163,5207,41992.02,9288,4.556323927,0.1121034303,1.105719534,8.04477451,1.621232,1.705206,8.06453236,1.783753,1.250781
2024-07-01,Bogotá,CERVEZAS,71,41609,68511,610950.34,121426,5.119822618,0.06827587594,65,6519,7900,75834.14,15796,4.871316647,0.1055155126,1.051014128,8.91755105,1.772358,1.646543,9.59925823,1.999494,1.211842
2024-07-01,Bogotá,CERVEZAS,50,858,1289,12167.6,2391,5.20591326,0.07173105527,34,313,377,4156.87,840,5.046323221,0.1218349367,1.031625013,9.43956555,1.854926,1.502331,11.02618037,2.228117,1.204473
2024-07-01,Cali y Bucaramanga,CERVEZAS,53,6208,10267,84948.14,17050,5.053958431,0.06700076433,49,1855,2383,21055.03,4552,4.716166712,0.07320874835,1.071624211,8.27390085,1.66066,1.653834,8.83551406,1.910197,1.284636
2024-07-01,Cali y Bucaramanga,CERVEZAS,48,2615,4302,39003.96,8219,4.837092739,0.0727182728,37,496,636,6077.92,1378,4.515118081,0.07699755143,1.071310352,9.06647141,1.910507,1.645124,9.55647799,2.166667,1.282258
2024-07-01,Costa,CERVEZAS,52,6932,12117,106732.54,21764,4.983586449,0.0765297871,41,1202,1452,14823.63,3079,4.940568115,0.1289017921,1.008707164,8.8084955,1.796154,1.74798,10.20911157,2.120523,1.207987
2024-07-01,Costa,CERVEZAS,53,3634,6137,60662.41,12332,4.994228433,0.07735755737,42,1003,1251,12392.48,2697,4.697793811,0.09602899066,1.063100816,9.88470099,2.009451,1.688773,9.90605915,2.155875,1.247258
2024-07-01,Expansión -  Costa,CERVEZAS,38,429,868,6426.62,1325,4.862533914,0.07743645763,29,804,1085,10313.99,2183,4.76245341,0.1037605795,1.021014485,7.40394009,1.526498,2.02331,9.50598157,2.011982,1.349502
2024-07-01,Expansión - Centro,CERVEZAS,37,425,621,4732.04,970,4.889836061,0.06069725853,33,491,658,5442.59,1142,4.800787331,0.08563507915,1.018548776,7.62003221,1.561997,1.461176,8.27141337,1.735562,1.340122
2024-07-01,Expansión - Centro,CERVEZAS,30,450,633,5878.08,1189,4.980066737,0.08625567297,21,193,243,2684.56,577,4.648498997,0.06911879033,1.071327915,9.28606635,1.878357,1.406667,11.04757202,2.374486,1.259067
2024-07-01,Expansión - Centro,CERVEZAS,36,394,605,5449.8,1168,4.749291576,0.0842871294,26,201,261,3134.48,718,4.406843632,0.1224435729,1.077708213,9.00793388,1.930579,1.535533,12.00950192,2.750958,1.298507
2024-07-01,Expansión - Centro,CERVEZAS,34,379,533,4424.19,888,5.003496065,0.07911419932,24,191,247,2004.75,416,4.814899233,0.08247828282,1.039169424,8.30054409,1.666041,1.406332,8.11639676,1.684211,1.293194
2024-07-01,Expansión - Costa,CERVEZAS,33,803,1372,12978.65,2700,4.893038101,0.08913555251,26,211,343,3250.42,764,4.279021983,0.1032829626,1.143494499,9.45965743,1.96793,1.708593,9.47644315,2.227405,1.625592
2024-07-01,Medellín,CERVEZAS,61,16918,28535,231564.86,46533,5.053334329,0.06172138119,56,4023,4945,40016.37,8710,4.653386214,0.1020465064,1.085947758,8.11511687,1.630734,1.686665,8.09228918,1.761375,1.229182
2024-08-01,Bogotá,CERVEZAS,52,803,1283,11771.2,2343,5.149205085,0.08002667365,39,301,378,4169.88,854,5.065467753,0.1235790858,1.016531017,9.17474669,1.826189,1.597758,11.03142857,2.259259,1.255814
2024-08-01,Bogotá,CERVEZAS,68,37641,64755,550146.58,109772,5.094845647,0.07692344499,63,6200,7884,72149.85,15203,4.829821596,0.1296210132,1.054872431,8.49581623,1.69519,1.720332,9.15142694,1.928336,1.271613
2024-08-01,Cali y Bucaramanga,CERVEZAS,54,6041,10569,83828.81,17075,5.01380736,0.08165499438,48,1723,2357,20728.47,4465,4.694095304,0.1039770478,1.068109409,7.93157442,1.615574,1.749545,8.79442936,1.894357,1.367963
2024-08-01,Cali y Bucaramanga,CERVEZAS,49,2444,4324,35765.27,7536,4.796442426,0.08100715043,38,524,702,6565.01,1465,4.587470705,0.1152020488,1.04555271,8.27133904,1.742831,1.769231,9.3518661,2.086895,1.339695
2024-08-01,Costa,CERVEZAS,52,3668,6176,60101.67,12329,4.963666313,0.07682681439,43,1041,1359,14214.4,2998,4.975202615,0.1197557114,0.9976812397,9.73148802,1.996276,1.683751,10.45945548,2.206034,1.305476
2024-08-01,Costa,CERVEZAS,51,7038,12751,109787.77,22433,5.007014838,0.08363826056,43,1075,1373,14495.52,3116,4.831798817,0.1482650976,1.036263104,8.61013019,1.759313,1.811736,10.5575528,2.269483,1.277209
2024-08-01,Expansión -  Costa,CERVEZAS,36,417,765,5855.57,1207,4.91578009,0.08124104784,31,796,1096,10736.93,2264,4.809755567,0.1170625575,1.022043641,7.65433987,1.577778,1.834532,9.79646898,2.065693,1.376884
2024-08-01,Expansión - Centro,CERVEZAS,35,324,496,3988.37,783,5.085516729,0.0805842747,26,175,232,1776.59,382,4.742911719,0.1252383523,1.072235165,8.04106855,1.578629,1.530864,7.65771552,1.646552,1.325714
2024-08-01,Expansión - Centro,CERVEZAS,38,396,583,4064.26,842,4.847743292,0.08375557225,31,430,634,5466.7,1127,4.878842249,0.1266249761,0.9936257506,6.97128645,1.444254,1.472222,8.62255521,1.777603,1.474419
2024-08-01,Expansión - Centro,CERVEZAS,31,467,660,6112.76,1198,5.137996778,0.08936699897,21,188,248,2194.42,491,4.538759138,0.09781154158,1.132026755,9.26175758,1.815152,1.413276,8.84846774,1.979839,1.319149
2024-08-01,Expansión - Centro,CERVEZAS,37,334,465,4371.33,926,4.858667482,0.09009129613,29,224,343,4081.97,936,4.411327895,0.1511067819,1.101407014,9.40070968,1.991398,1.392216,11.90078717,2.728863,1.53125
2024-08-01,Expansión - Costa,CERVEZAS,34,766,1335,12124.47,2485,4.963185258,0.0813495308,27,234,406,4260.85,1023,4.30761142,0.1353101708,1.152189642,9.082,1.861423,1.74282,10.49470443,2.519704,1.735043
2024-08-01,Medellín,CERVEZAS,60,16299,28499,224228.51,46110,4.93057221,0.06909822566,57,3902,5020,39041.31,8631,4.582289594,0.1333982921,1.076006243,7.86794309,1.617952,1.748512,7.77715339,1.719323,1.28652
2024-09-01,Bogotá,CERVEZAS,68,39238,66537,566211.75,114070,5.05384674,0.1420921129,66,5978,7402,66984.72,14329,4.750970376,0.1582145052,1.063750421,8.50972767,1.714384,1.695729,9.04954337,1.935828,1.238207
2024-09-01,Bogotá,CERVEZAS,55,823,1296,12413,2449,5.207999437,0.154313452,44,302,401,4568.53,969,4.839199769,0.1698808434,1.076210879,9.5779321,1.88966,1.574727,11.39284289,2.416459,1.327815
2024-09-01,Cali y Bucaramanga,CERVEZAS,53,2668,4515,37837.26,8073,4.744793561,0.1531153532,42,448,574,4993.4,1097,4.603838577,0.136665994,1.030616839,8.38034551,1.78804,1.692279,8.69930314,1.91115,1.28125
2024-09-01,Cali y Bucaramanga,CERVEZAS,56,6468,11328,88166.11,18470,4.827011088,0.1599910659,50,1759,2348,20605.59,4594,4.549916721,0.1341007749,1.060900976,7.78302525,1.630473,1.751391,8.77580494,1.956559,1.334849
2024-09-01,Costa,CERVEZAS,56,7665,14004,124179.59,25790,4.922854102,0.1395996516,50,1406,1720,18682.35,3990,4.805923989,0.1695819472,1.024330412,8.86743716,1.841617,1.827006,10.8618314,2.319767,1.223329
2024-09-01,Costa,CERVEZAS,55,3648,6173,60419.82,12417,4.957592579,0.1329694099,44,931,1182,12752.07,2722,4.882211617,0.138517325,1.015439921,9.78775636,2.011502,1.69216,10.7885533,2.302876,1.269603
2024-09-01,Expansión -  Costa,CERVEZAS,39,587,1315,11954.46,2557,4.752437478,0.1495930409,34,688,936,9443.3,2093,4.605459898,0.1366010937,1.031913768,9.09084411,1.944487,2.240204,10.08899573,2.236111,1.360465
2024-09-01,Expansión - Centro,CERVEZAS,35,550,887,7894.33,1581,5.068196791,0.16180981,27,210,277,2655,576,4.704314305,0.1200060805,1.077350802,8.90003382,1.782413,1.612727,9.58483755,2.079422,1.319048
2024-09-01,Expansión - Centro,CERVEZAS,38,437,662,5569.45,1201,4.728564111,0.1995062006,27,235,316,3396.25,747,4.644935034,0.1776070312,1.018004359,8.41306647,1.814199,1.514874,10.74762658,2.363924,1.344681
2024-09-01,Expansión - Centro,CERVEZAS,39,405,613,4753.67,991,4.79931705,0.1838892698,31,190,246,1936.2,427,4.567788616,0.1186054249,1.050687204,7.75476346,1.616639,1.51358,7.87073171,1.735772,1.294737
2024-09-01,Expansión - Centro,CERVEZAS,38,462,781,5856,1198,4.936265258,0.1629989792,33,508,731,5828.25,1233,4.7567972,0.1406720152,1.03772876,7.49807939,1.533931,1.690476,7.97298222,1.686731,1.438976
2024-09-01,Expansión - Costa,CERVEZAS,34,742,1249,10963.94,2199,5.06858426,0.1423119719,29,240,379,3855.54,855,4.569931615,0.1518093289,1.109115997,8.77817454,1.760608,1.683288,10.17292876,2.255937,1.579167
2024-09-01,Medellín,CERVEZAS,63,17262,29464,230658.84,49113,4.826963144,0.1379500177,60,3874,4886,38121.81,8362,4.593461694,0.1593213243,1.050833438,7.82849715,1.666882,1.706871,7.80225338,1.71142,1.261229
2024-10-01,Bogotá,CERVEZAS,74,39819,70779,588615.98,121117,4.964949465,0.1343788408,71,5497,6861,60555.86,12944,4.82823277,0.09964897583,1.028316095,8.31625171,1.7112,1.777518,8.82609824,1.886605,1.248135
2024-10-01,Bogotá,CERVEZAS,54,852,1367,12447.22,2510,5.047809161,0.1418439907,41,310,405,4215.06,848,5.127464159,0.100027565,0.9844650308,9.1055011,1.836138,1.60446,10.40755556,2.093827,1.306452
2024-10-01,Cali y Bucaramanga,CERVEZAS,55,2948,5378,45402.05,9842,4.706137395,0.1577417516,48,446,598,4814.55,1111,4.476766126,0.06244220783,1.051235929,8.44218111,1.830048,1.824288,8.05108696,1.85786,1.340807
2024-10-01,Cali y Bucaramanga,CERVEZAS,59,6342,11433,89311.74,19013,4.768710193,0.1447598183,53,1748,2407,18539.41,4206,4.536087393,0.06912323089,1.051282698,7.8117502,1.662993,1.802744,7.70228916,1.747403,1.377002
2024-10-01,Costa,CERVEZAS,59,3856,7013,67398.68,14292,4.791280308,0.1423317718,49,990,1278,12922.51,2808,4.806116352,0.1079232244,0.9969130911,9.61053472,2.03793,1.818724,10.11151017,2.197183,1.290909
2024-10-01,Costa,CERVEZAS,62,8240,16147,129631.63,29957,4.439832684,0.1393854249,56,1111,1339,13923.72,2888,5.053232326,0.1353954369,0.8786124203,8.02821763,1.855267,1.959587,10.39859597,2.156833,1.205221
2024-10-01,Expansión -  Costa,CERVEZAS,41,657,1663,13230.78,2945,4.541047075,0.1301796828,39,883,1203,11833.65,2594,4.767280622,0.1034727348,0.9525445291,7.95597114,1.770896,2.531202,9.83678304,2.156276,1.362401
2024-10-01,Expansión - Centro,CERVEZAS,39,530,783,6932.37,1503,4.754083145,0.14827338,34,313,418,4502.16,1016,4.553890334,0.09601150934,1.043960833,8.85360153,1.91954,1.477358,10.7707177,2.430622,1.335463
2024-10-01,Expansión - Centro,CERVEZAS,37,657,1037,9640.88,2003,4.971184494,0.176236594,26,153,194,1905.29,388,5.09914051,0.09339723584,0.9749063562,9.29689489,1.931533,1.578387,9.82108247,2,1.267974
2024-10-01,Expansión - Centro,CERVEZAS,39,406,633,4946.02,1043,4.764118143,0.1619223788,31,166,207,1475.47,333,4.501694567,0.07288458913,1.058294398,7.81361769,1.647709,1.559113,7.1278744,1.608696,1.246988
2024-10-01,Expansión - Centro,CERVEZAS,38,478,927,6514.42,1418,4.645472471,0.1419242317,35,408,608,5007.1,1072,4.712098676,0.08724745666,0.9858606091,7.02742179,1.529666,1.939331,8.23536184,1.763158,1.490196
2024-10-01,Expansión - Costa,CERVEZAS,43,1005,1859,16548.19,3498,4.797558355,0.1507691315,33,243,434,5034.15,1050,4.965897196,0.1509148876,0.9661010217,8.90166218,1.881657,1.849751,11.59942396,2.419355,1.786008
2024-10-01,Medellín,CERVEZAS,76,17213,31228,243272.5,51665,4.806275471,0.1253843016,74,3867,4996,41093.86,8874,4.727889327,0.1258114369,1.016579522,7.7902043,1.654445,1.81421,8.22535228,1.776221,1.291958
2024-11-01,Bogotá,CERVEZAS,77,44065,81636,677140.69,142935,4.847657193,0.09347383847,71,5540,7065,69958.47,14891,4.834734801,0.1347926062,1.002672823,8.29463337,1.750882,1.852627,9.9021189,2.107714,1.275271
2024-11-01,Bogotá,CERVEZAS,55,915,1494,13456.08,2766,4.954795114,0.09882004333,43,272,368,3768.98,782,4.86513098,0.1280226687,1.018429953,9.00674699,1.851406,1.632787,10.24179348,2.125,1.352941
2024-11-01,Cali y Bucaramanga,CERVEZAS,60,6124,11440,86705.17,18889,4.654202211,0.09778241672,54,1924,2696,23615.13,5280,4.531188232,0.1054780498,1.027148283,7.57912325,1.651136,1.86806,8.75932122,1.958457,1.401247
2024-11-01,Cali y Bucaramanga,CERVEZAS,59,2815,5166,43572.51,9406,4.763008557,0.1061221959,49,621,866,8039.92,1843,4.437845679,0.1102056443,1.073270434,8.43447735,1.820751,1.835169,9.28397229,2.128176,1.394525
2024-11-01,Costa,CERVEZAS,58,8263,16728,135204.96,29434,4.630971228,0.09859890955,48,1229,1585,17664.78,3983,4.550217143,0.1675178932,1.017747304,8.0825538,1.759565,2.024446,11.14497161,2.512934,1.289666
2024-11-01,Costa,CERVEZAS,61,3814,7040,64973.74,13776,4.790825103,0.1010605611,51,1128,1465,15927.03,3467,4.785605784,0.1344681051,1.001090629,9.22922443,1.956818,1.845831,10.87169283,2.366553,1.298759
2024-11-01,Expansión -  Costa,CERVEZAS,43,692,1851,15522.87,3412,4.631168422,0.09993558604,39,778,1112,11590.51,2676,4.503497658,0.1375963137,1.028349246,8.38620746,1.843328,2.674855,10.4231205,2.406475,1.429306
2024-11-01,Expansión - Centro,CERVEZAS,44,519,927,6660.42,1420,4.718717999,0.09016253391,38,469,708,6159.25,1294,4.811922925,0.1230187018,0.9806304201,7.18491909,1.531823,1.786127,8.69950565,1.827684,1.509595
2024-11-01,Expansión - Centro,CERVEZAS,42,418,626,4851.44,1013,4.812319664,0.1107339669,28,193,248,2007.76,460,4.441382125,0.1074805574,1.083518492,7.74990415,1.618211,1.497608,8.09580645,1.854839,1.284974
2024-11-01,Expansión - Centro,CERVEZAS,40,561,955,8995.08,1919,4.816475825,0.09569678734,32,237,322,3791.23,815,4.653507567,0.1427463559,1.035020521,9.41893194,2.009424,1.702317,11.77400621,2.531056,1.35865
2024-11-01,Expansión - Centro,CERVEZAS,44,471,763,6972.33,1501,4.786031765,0.1251453905,37,309,502,5997.74,1416,4.423670621,0.1454936401,1.081914133,9.13804718,1.967235,1.619958,11.94768924,2.820717,1.624595
2024-11-01,Expansión - Costa,CERVEZAS,45,1040,2007,17585.01,3840,4.592472499,0.1080000654,35,327,605,7736.36,1795,4.493615136,0.1657064522,1.021999517,8.76183857,1.913303,1.929808,12.7873719,2.966942,1.850153
2024-11-01,Medellín,CERVEZAS,78,19130,35302,275890.43,60168,4.694605209,0.08509333159,75,3934,5101,45421.14,9823,4.702511609,0.1369226542,0.9983186856,7.81515013,1.704379,1.845374,8.90435993,1.925701,1.296645
2024-12-01,Bogotá,CERVEZAS,80,45765,82469,735994.09,152260,4.943193903,0.0848750756,76,7349,9350,117874.25,24421,4.91356188,0.1549645562,1.00603066,8.92449393,1.84627,1.80201,12.60687166,2.611872,1.272282
2024-12-01,Bogotá,CERVEZAS,59,995,1534,14634.1,2948,5.06524359,0.09820350985,47,377,450,5341.5,1090,4.999342109,0.1458632557,1.013182031,9.53983051,1.921773,1.541709,11.87,2.422222,1.193634
2024-12-01,Cali y Bucaramanga,CERVEZAS,61,3520,6420,61658.87,12723,4.961006181,0.09582522093,53,897,1271,13737.94,3021,4.66312984,0.1304242178,1.063879058,9.60418536,1.981776,1.823864,10.80876475,2.376869,1.416945
2024-12-01,Cali y Bucaramanga,CERVEZAS,60,7057,12299,107475.94,21840,4.972972916,0.1029427343,54,2250,2975,28006.29,6278,4.577094599,0.1046709391,1.086491181,8.73859176,1.775754,1.742809,9.41387899,2.110252,1.322222
2024-12-01,Costa,CERVEZAS,64,9631,18993,173264.41,36430,4.855338511,0.09731320285,55,1661,2176,27247.4,5905,4.73831255,0.1782107377,1.024697814,9.12254041,1.918075,1.972069,12.52178309,2.713695,1.310054
2024-12-01,Costa,CERVEZAS,63,4559,8467,84240.58,17549,4.871436375,0.1033279297,53,1447,1897,20790.41,4491,4.810165869,0.1344986645,1.012737712,9.9492831,2.072635,1.857206,10.95962572,2.367422,1.310988
2024-12-01,Expansión -  Costa,CERVEZAS,40,966,2449,22907.72,4907,4.697186081,0.1135550686,38,1151,1596,17850.21,3850,4.760865447,0.1322702936,0.9866244139,9.35390772,2.003675,2.535197,11.18434211,2.412281,1.38662
2024-12-01,Expansión - Centro,CERVEZAS,44,570,1087,7893.55,1663,4.686186616,0.0679075106,40,566,793,7403.82,1580,4.841360621,0.1284688497,0.9679482654,7.26177553,1.529899,1.907018,9.3364691,1.992434,1.40106
2024-12-01,Expansión - Centro,CERVEZAS,42,832,1416,14427.63,3111,4.90847676,0.07093236224,37,319,410,5080.4,1084,4.824001611,0.1382429785,1.017511426,10.18900424,2.197034,1.701923,12.39121951,2.643902,1.285266
2024-12-01,Expansión - Centro,CERVEZAS,43,596,931,9982.32,2047,5.023704315,0.08139509176,41,418,741,9863.34,2275,4.5678506,0.1588715739,1.099796109,10.72214823,2.198711,1.562081,13.3108502,3.070175,1.772727
2024-12-01,Expansión - Centro,CERVEZAS,41,500,703,6622.13,1312,5.093208282,0.08852839342,35,271,350,3367.11,707,4.765718615,0.1283262734,1.068717794,9.41981508,1.866287,1.406,9.62031429,2.02,1.291513
2024-12-01,Expansión - Costa,CERVEZAS,44,1285,2515,23290.42,4983,4.742017576,0.09661944208,40,451,842,12174.42,2656,4.706171426,0.1883106948,1.007616839,9.26060437,1.981312,1.957198,14.45893112,3.154394,1.866962
2024-12-01,Medellín,CERVEZAS,80,21778,39164,330760.88,70923,4.790228126,0.08556279597,78,4573,5800,58889.7,12547,4.792067364,0.1756390345,0.9996161912,8.44553365,1.810923,1.798329,10.15339655,2.163276,1.268314
2025-01-01,Bogotá,CERVEZAS,49,655,1005,8901.24,1814,5.026451295,0.07772074565,40,260,309,3521.29,702,5.047206349,0.119600318,0.9958878134,8.85695522,1.804975,1.534351,11.39576052,2.271845,1.188462
2025-01-01,Bogotá,CERVEZAS,79,33271,59577,491483.2,101375,4.953230594,0.07352053974,75,4531,5706,54081.49,11342,4.849238981,0.127711327,1.021444934,8.24954597,1.701579,1.790659,9.47800386,1.987732,1.259325
2025-01-01,Cali y Bucaramanga,CERVEZAS,61,4901,8830,66412.21,14204,4.734727379,0.08007759409,51,1491,1966,16771.09,3801,4.463973464,0.09819032442,1.060653119,7.52120159,1.608607,1.801673,8.5305646,1.933367,1.318578
2025-01-01,Cali y Bucaramanga,CERVEZAS,57,2277,4120,35187.69,7524,4.753405761,0.07742577056,48,496,647,6273.31,1392,4.565749293,0.1106787498,1.041100914,8.54070146,1.826214,1.809398,9.69599691,2.151468,1.304435
2025-01-01,Costa,CERVEZAS,62,3993,7024,67570.23,14501,4.754652804,0.07176577256,49,919,1182,12321.55,2729,4.627669995,0.09552141754,1.027439901,9.61990746,2.064493,1.759078,10.42432318,2.308799,1.286181
2025-01-01,Costa,CERVEZAS,61,7000,13181,109696.19,23844,4.680393409,0.07028953134,45,846,997,10641.4,2283,4.725697624,0.1291077923,0.9904132217,8.32229649,1.808967,1.883,10.67342026,2.28987,1.178487
2025-01-01,Expansión -  Costa,CERVEZAS,41,607,1071,9122.66,1987,4.670319719,0.06255194389,35,810,1049,11145.3,2453,4.639295883,0.1039915858,1.006687186,8.51788982,1.855275,1.764415,10.62469018,2.338418,1.295062
2025-01-01,Expansión - Centro,CERVEZAS,39,584,959,9000.35,1930,4.799621244,0.06314038147,22,130,157,1516.97,324,4.66757655,0.08498217931,1.028289776,9.38514077,2.012513,1.642123,9.6622293,2.063694,1.207692
2025-01-01,Expansión - Centro,CERVEZAS,39,425,705,6568.13,1433,4.646716985,0.09003549367,36,239,388,4793.82,1057,4.61745601,0.1469981304,1.006337034,9.31649645,2.032624,1.658824,12.35520619,2.724227,1.623431
2025-01-01,Expansión - Centro,CERVEZAS,37,376,531,4148.97,859,4.824431123,0.08936536295,28,142,198,1523.61,344,4.51219557,0.07928965674,1.069198143,7.81350282,1.617702,1.412234,7.695,1.737374,1.394366
2025-01-01,Expansión - Centro,CERVEZAS,42,444,869,5912.49,1263,4.653234502,0.06186243035,39,359,505,4144.75,907,4.620450102,0.1028387007,1.007095499,6.80378596,1.453395,1.957207,8.20742574,1.79604,1.406685
2025-01-01,Expansión - Costa,CERVEZAS,39,944,1763,14649.83,3182,4.613503619,0.07277800362,30,226,339,4644.85,1020,4.761530177,0.144692557,0.9689119775,8.30960295,1.804878,1.867585,13.70162242,3.00885,1.5
2025-01-01,Medellín,CERVEZAS,81,15266,27776,212879.76,46428,4.683984842,0.0641148471,71,2774,3536,29525.6,6398,4.666207918,0.1162992724,1.003809716,7.66416187,1.671515,1.819468,8.35,1.809389,1.274694
2025-02-01,Bogotá,CERVEZAS,81,34102,60225,493465.28,101460,4.984583417,0.07033575006,78,4622,5745,48868.18,10438,4.792977391,0.121565007,1.039976409,8.19369498,1.684682,1.766025,8.50621062,1.816884,1.242968
2025-02-01,Bogotá,CERVEZAS,56,619,989,8652.78,1720,5.106482578,0.08756622814,38,211,252,2557.49,506,5.171627778,0.1002786685,0.9874033471,8.74901921,1.73913,1.597738,10.14876984,2.007937,1.194313
2025-02-01,Cali y Bucaramanga,CERVEZAS,63,2045,3697,29393.94,6464,4.647053934,0.08291364329,45,453,581,4598.11,1095,4.377355437,0.08301219402,1.0616122,7.95075467,1.748445,1.807824,7.91413081,1.884682,1.282561
2025-02-01,Cali y Bucaramanga,CERVEZAS,62,4507,7894,58173.34,12683,4.665463875,0.07688040638,53,1268,1706,13586.15,3096,4.454217284,0.08847989465,1.047426198,7.36931087,1.606663,1.751498,7.9637456,1.814771,1.345426
2025-02-01,Costa,CERVEZAS,66,3062,5446,50321.63,10637,4.817952456,0.0728921179,50,819,1047,10020.54,2202,4.642917279,0.1032744429,1.037699396,9.24010834,1.953177,1.778576,9.57071633,2.103152,1.278388
2025-02-01,Costa,CERVEZAS,64,6758,12744,108429.79,23427,4.703444438,0.0797482709,54,1004,1218,12304.24,2788,4.608083092,0.1220944545,1.020694363,8.50830116,1.838277,1.885765,10.10200328,2.288998,1.213147
2025-02-01,Expansión -  Costa,CERVEZAS,41,480,812,6659.2,1430,4.675678827,0.09136437355,38,609,788,6967.08,1562,4.576778826,0.0780954912,1.021609085,8.20098522,1.761084,1.691667,8.84147208,1.982234,1.293924
2025-02-01,Expansión - Centro,CERVEZAS,45,383,686,4999.18,1029,4.920034045,0.06904907216,36,312,437,3269.77,725,4.592129397,0.09197552905,1.071405794,7.2874344,1.5,1.791123,7.48231121,1.659039,1.400641
2025-02-01,Expansión - Centro,CERVEZAS,35,316,513,3758.85,760,5.047063406,0.112608496,25,138,183,1260.18,297,4.454654822,0.06233532253,1.132986417,7.32719298,1.481481,1.623418,6.88622951,1.622951,1.326087
2025-02-01,Expansión - Centro,CERVEZAS,43,332,524,4640.93,977,4.82619971,0.07947662667,35,204,290,2769.29,644,4.507718029,0.1054582641,1.07065253,8.85673664,1.864504,1.578313,9.54927586,2.22069,1.421569
2025-02-01,Expansión - Centro,CERVEZAS,41,446,743,7013.94,1433,5.05411767,0.08106977077,27,137,156,1343.43,278,4.890472381,0.09039050271,1.033462062,9.44002692,1.928668,1.665919,8.61173077,1.782051,1.138686
2025-02-01,Expansión - Costa,CERVEZAS,42,786,1417,11732.99,2522,4.726623282,0.08883707662,32,205,298,2588.61,606,4.439474664,0.1263541013,1.064680765,8.28016231,1.779817,1.802799,8.68661074,2.033557,1.453659
2025-02-01,Medellín,CERVEZAS,83,14455,25799,195045.67,41563,4.790776512,0.06053832739,77,2729,3462,28203.5,6230,4.605489888,0.122074272,1.040231686,7.56020272,1.611031,1.78478,8.14659157,1.799538,1.268597
2022-01-01,Bogotá,VINOS,36,80,114,1295.47,141,9.155070028,0.1064724066,18,30,32,471.52,52,9.173611111,0.1014392404,0.9979788675,11.36377193,1.236842,1.425,14.735,1.625,1.066667
2022-01-01,Bogotá,VINOS,79,4857,6768,86239.3,9102,9.482613113,0.08427842137,72,1222,1383,21691.5,2157,9.990452428,0.1498450241,0.9491675359,12.74221336,1.344858,1.393453,15.68438178,1.559653,1.131751
2022-01-01,Cali y Bucaramanga,VINOS,57,384,608,8323.5,888,9.493882413,0.02887191826,38,105,112,1837.87,197,9.225992308,0.1132525334,1.029036454,13.68996711,1.460526,1.583333,16.40955357,1.758929,1.066667
2022-01-01,Costa,VINOS,50,324,439,6909.91,671,10.17667748,0.0211377314,39,142,164,3163.96,311,10.08758286,0.1282601794,1.008832108,15.7401139,1.528474,1.354938,19.29243902,1.896341,1.15493
2022-01-01,Costa,VINOS,57,695,944,11687.49,1272,9.247601324,0.03164689799,38,123,140,2312.11,256,8.925728458,0.1417691584,1.036061243,12.38081568,1.347458,1.358273,16.51507143,1.828571,1.138211
2022-01-01,Medellín,VINOS,53,2245,3441,43384.54,4729,9.172122918,0.08895963358,49,531,618,9753.59,1035,9.346371038,0.1571521346,0.9813566015,12.60811973,1.37431,1.532739,15.78250809,1.674757,1.163842
2022-02-01,Bogotá,VINOS,82,5484,7558,105464.28,10209,10.32825695,0.1065725478,74,1809,2115,32868.02,3468,9.708229599,0.1694503416,1.063866161,13.95399312,1.350754,1.378191,15.54043499,1.639716,1.169154
2022-02-01,Bogotá,VINOS,36,69,100,1254.95,135,9.349636964,0.1218042383,17,18,19,267.99,31,8.831541667,0.1389305382,1.058664197,12.5495,1.35,1.449275,14.10473684,1.631579,1.055556
2022-02-01,Cali y Bucaramanga,VINOS,55,442,714,9535.19,991,9.59970475,0.08134814758,40,151,163,2555.54,294,9.215103261,0.1231531253,1.041735993,13.35460784,1.387955,1.615385,15.67815951,1.803681,1.07947
2022-02-01,Costa,VINOS,52,259,360,6085.18,585,10.37440326,0.1085679096,38,100,108,2055.58,193,10.4913962,0.1961543306,0.9888486778,16.90327778,1.625,1.389961,19.03314815,1.787037,1.08
2022-02-01,Costa,VINOS,56,700,975,13129.89,1367,9.602635737,0.09542695712,43,126,142,2488,234,10.36474856,0.1815612744,0.926470689,13.46655385,1.402051,1.392857,17.52112676,1.647887,1.126984
2022-02-01,Medellín,VINOS,62,2563,3897,51928.39,5319,9.746000831,0.08044555492,60,653,740,11481.39,1200,9.532867225,0.1619419803,1.022357765,13.32522197,1.364896,1.520484,15.51539189,1.621622,1.133231
2022-03-01,Bogotá,VINOS,81,5754,8036,119368.8,10976,10.93881664,0.138815783,76,1866,2183,37196.93,3834,9.976381987,0.1730214526,1.096471312,14.85425585,1.365854,1.396594,17.03936326,1.756299,1.169882
2022-03-01,Bogotá,VINOS,34,63,82,1216.29,114,10.72507937,0.1565825022,17,34,40,474.55,63,8.456235772,0.1918894302,1.268304202,14.83280488,1.390244,1.301587,11.86375,1.575,1.176471
2022-03-01,Cali y Bucaramanga,VINOS,12,37,48,889.34,85,10.82731132,0.2216981132,10,32,34,328.81,50,6.908,0.06142578797,1.567358327,18.52791667,1.770833,1.297297,9.67088235,1.470588,1.0625
2022-03-01,Cali y Bucaramanga,VINOS,61,562,899,12860.36,1318,9.869106605,0.1061503389,52,184,209,3534.92,416,8.990497934,0.1478896852,1.097726364,14.30518354,1.466073,1.599644,16.91349282,1.990431,1.13587
2022-03-01,Costa,VINOS,47,269,372,6233.18,540,11.52960422,0.1438340548,36,111,127,2343.53,207,11.14482822,0.1884890829,1.034525072,16.75586022,1.451613,1.3829,18.45299213,1.629921,1.144144
2022-03-01,Costa,VINOS,56,606,871,13053.55,1237,10.51832973,0.1176865826,42,126,144,3088.34,312,9.995836057,0.1914950423,1.052271133,14.98685419,1.420207,1.437294,21.44680556,2.166667,1.142857
2022-03-01,Medellín,VINOS,62,2612,4027,57517.81,5462,10.56384981,0.1177271707,59,705,826,12163.77,1343,9.157467601,0.1436221416,1.153577634,14.28304197,1.356345,1.54173,14.7261138,1.625908,1.171631
2022-04-01,Bogotá,VINOS,28,70,97,1196.2,138,9.87500817,0.05400062722,20,50,55,934.84,115,10.54222215,0.1554583202,0.9367103091,12.33195876,1.42268,1.385714,16.99709091,2.090909,1.1
2022-04-01,Bogotá,VINOS,84,6334,8791,118333.46,12178,9.953575477,0.05182782715,74,2076,2423,43838.85,4132,10.86984842,0.1790034383,0.9157050858,13.46075077,1.38528,1.387907,18.09279818,1.705324,1.167148
2022-04-01,Cali y Bucaramanga,VINOS,21,83,112,1386.47,158,9.176319444,0.07922065148,10,38,38,426.69,57,8.005109649,0.04339671011,1.146307777,12.37919643,1.410714,1.349398,11.22868421,1.5,1
2022-04-01,Cali y Bucaramanga,VINOS,58,599,913,12365.02,1245,9.956156164,0.04524885673,48,207,236,3840.53,400,10.0279441,0.1398119709,0.9928412114,13.54328587,1.363636,1.524207,16.2734322,1.694915,1.140097
2022-04-01,Costa,VINOS,62,795,1167,17116.36,1611,10.53837714,0.05701897903,48,138,176,3230,286,11.23487335,0.1872669869,0.9380058688,14.66697515,1.380463,1.467925,18.35227273,1.625,1.275362
2022-04-01,Costa,VINOS,51,350,513,9188.71,773,11.8498704,0.066265539,44,145,164,3233.24,261,12.24697443,0.2187201984,0.9675753362,17.9117154,1.506823,1.465714,19.71487805,1.591463,1.131034
2022-04-01,Medellín,VINOS,60,2799,4195,60478.77,5723,10.60063631,0.05675964955,57,712,836,13060.71,1372,9.791660897,0.1231954372,1.082618814,14.41687008,1.364243,1.49875,15.62285885,1.641148,1.174157
2022-05-01,Bogotá,VINOS,99,6972,9674,150438.93,13561,11.41282898,0.1114838365,91,2519,2925,54221.72,4941,11.34098654,0.1612496491,1.006334761,15.55085073,1.401799,1.38755,18.53734017,1.689231,1.161175
2022-05-01,Bogotá,VINOS,26,71,88,1214.94,126,9.715192982,0.08379883904,18,39,40,572.45,62,10.05107292,0.1861888798,0.9665826786,13.80613636,1.431818,1.239437,14.31125,1.55,1.025641
2022-05-01,Cali y Bucaramanga,VINOS,58,625,928,14636.08,1294,11.31720296,0.1067557811,50,248,287,5454.01,472,11.30955694,0.1565857951,1.000676068,15.77163793,1.394397,1.4848,19.00351916,1.644599,1.157258
2022-05-01,Cali y Bucaramanga,VINOS,27,117,158,2258.41,235,9.876061047,0.1401937956,15,44,44,544.45,63,9.337311111,0.09373476136,1.057698617,14.29373418,1.487342,1.350427,12.37386364,1.431818,1
2022-05-01,Costa,VINOS,48,335,477,9285.28,720,12.6877865,0.1284262072,39,130,143,3353.4,253,13.31048567,0.2113417668,0.9532173967,19.46599581,1.509434,1.423881,23.45034965,1.769231,1.1
2022-05-01,Costa,VINOS,64,792,1159,20410.46,1623,12.38142379,0.133311543,52,188,216,5024.34,381,12.9635111,0.2140186286,0.9550980205,17.61040552,1.400345,1.463384,23.26083333,1.763889,1.148936
2022-05-01,Medellín,VINOS,4,2,2,47.47,4,11.8675,0,3,6,6,136.54,9,14.50972222,0.1667534797,0.8178998756,23.735,2,1,22.75666667,1.5,1
2022-05-01,Medellín,VINOS,108,3252,4975,82629.6,6802,12.13907729,0.113881718,99,1211,1465,25866.56,2445,10.77092413,0.139174308,1.12702282,16.60896482,1.367236,1.529828,17.65635495,1.668942,1.209744
2022-06-01,Bogotá,VINOS,29,66,94,1229.02,119,10.36061224,0.04648021247,14,35,35,589.05,64,9.861567568,0.1130918995,1.050605005,13.07468085,1.265957,1.424242,16.83,1.828571,1
2022-06-01,Bogotá,VINOS,127,6002,8581,126544.66,11851,10.91180256,0.05708889296,115,2725,3228,60926.84,5451,11.4162606,0.2013618904,0.9558123229,14.7470761,1.381074,1.42969,18.87448575,1.688662,1.184587
2022-06-01,Cali y Bucaramanga,VINOS,26,82,120,1570.18,183,8.796582031,0.04495776004,15,57,62,705.69,93,8.483964647,0.1276897392,1.03684803,13.08483333,1.525,1.463415,11.38209677,1.5,1.087719
2022-06-01,Cali y Bucaramanga,VINOS,56,614,878,13711.18,1205,11.35751418,0.0628975389,44,219,247,4542.7,382,11.73457721,0.1683127311,0.9678673535,15.61637813,1.372437,1.429967,18.39149798,1.546559,1.127854
2022-06-01,Costa,VINOS,46,372,501,9734.87,756,12.91016231,0.07121996381,36,157,181,4129.53,314,12.85558162,0.2188263083,1.00424568,19.43087824,1.508982,1.346774,22.81508287,1.734807,1.152866
2022-06-01,Costa,VINOS,55,741,1071,17856.4,1539,11.54384473,0.06729077903,41,179,194,4264.51,316,13.17939614,0.2229805015,0.8759008846,16.67264239,1.436975,1.445344,21.98201031,1.628866,1.083799
2022-06-01,Medellín,VINOS,134,3019,4670,75653.61,6500,11.66737353,0.05935674174,122,1309,1591,28252,2693,10.52575789,0.2084414888,1.108459235,16.19991649,1.391863,1.54687,17.75738529,1.692646,1.215432
2022-06-01,Medellín,VINOS,12,21,23,279.59,26,10.65354167,0.06257954599,1,2,2,21.94,2,10.97,0.2504030987,0.9711523853,12.15608696,1.130435,1.095238,10.97,1,1
2022-07-01,Bogotá,VINOS,27,85,111,1657.95,154,11.10902339,0.08823453582,19,49,50,808.72,82,10.10796605,0.1480412178,1.099036477,14.93648649,1.387387,1.305882,16.1744,1.64,1.020408
2022-07-01,Bogotá,VINOS,147,7475,10745,171303.74,14705,11.94901043,0.08852240231,133,2722,3257,67301.59,5491,12.36270065,0.2099803022,0.9665372288,15.94264681,1.368544,1.437458,20.66367516,1.685907,1.196547
2022-07-01,Cali y Bucaramanga,VINOS,51,785,1138,20103.67,1615,12.40027379,0.1040733421,39,209,223,4119.45,357,11.87785637,0.1803142523,1.043982467,17.66579086,1.419156,1.449682,18.47286996,1.600897,1.066986
2022-07-01,Cali y Bucaramanga,VINOS,28,128,182,2576.2,272,10.04336453,0.08241372822,17,56,64,866.45,98,9.731574272,0.1224001616,1.032039036,14.15494505,1.494505,1.421875,13.53828125,1.53125,1.142857
2022-07-01,Costa,VINOS,63,927,1333,23096.1,1829,12.59824109,0.1008859797,44,197,216,4955.28,397,11.94827477,0.2146992802,1.05439834,17.3264066,1.372093,1.437972,22.94111111,1.837963,1.096447
2022-07-01,Costa,VINOS,42,520,714,13566.94,986,13.7731658,0.1120414172,35,164,187,4243.98,306,14.02517703,0.2453736296,0.9820315115,19.00131653,1.380952,1.373077,22.69508021,1.636364,1.140244
2022-07-01,Medellín,VINOS,19,36,42,687.86,56,13.40223485,0.1330500055,3,3,3,39.48,3,13.16,0.1834667179,1.018406903,16.37761905,1.333333,1.166667,13.16,1,1
2022-07-01,Medellín,VINOS,138,3550,5436,95007.55,7548,12.6480557,0.09417293127,115,1292,1611,30612.77,2746,11.26218867,0.1899986801,1.123054859,17.47747425,1.388521,1.531268,19.00234016,1.704531,1.246904
2022-08-01,Bogotá,VINOS,155,8662,12495,219502.55,17668,12.68396303,0.2116252025,146,3782,4493,108486.02,8434,13.10126234,0.2873750232,0.96814816,17.56723089,1.414006,1.442508,24.14556421,1.877142,1.187996
2022-08-01,Bogotá,VINOS,41,94,133,2143.06,184,11.77950595,0.2127641708,27,85,90,1741.26,140,12.38271333,0.261253774,0.9512863324,16.11323308,1.383459,1.414894,19.34733333,1.555556,1.058824
2022-08-01,Cali y Bucaramanga,VINOS,53,1030,1501,27426.8,2225,12.5159796,0.2117527175,43,273,318,8093.72,631,12.71174943,0.2811271992,0.9845993002,18.27235177,1.482345,1.457282,25.45194969,1.984277,1.164835
2022-08-01,Cali y Bucaramanga,VINOS,38,206,275,4825,397,12.58207087,0.23026231,23,90,99,1769.29,172,10.97557645,0.2436037153,1.146369936,17.54545455,1.443636,1.334951,17.87161616,1.737374,1.1
2022-08-01,Costa,VINOS,44,552,759,16042.23,1131,14.14647366,0.227784274,35,186,214,6499.92,451,14.15918072,0.3131806464,0.9991025569,21.13600791,1.490119,1.375,30.37345794,2.107477,1.150538
2022-08-01,Costa,VINOS,64,1074,1463,27164.19,2008,13.49554388,0.222076467,51,223,237,5393.07,392,13.84002179,0.3049818147,0.9751100167,18.56745728,1.372522,1.362197,22.75556962,1.654008,1.06278
2022-08-01,Medellín,VINOS,26,63,75,1232.98,102,12.62784774,0.2578302035,10,15,15,284.57,21,13.6495,0.2970952445,0.9251509386,16.43973333,1.36,1.190476,18.97133333,1.4,1
2022-08-01,Medellín,VINOS,148,4315,6651,123691.63,9478,13.16020623,0.2221060675,128,1417,1684,34524.53,2958,11.88437151,0.2196544577,1.107353992,18.5974485,1.425049,1.541367,20.50150238,1.756532,1.188426
2022-09-01,Bogotá,VINOS,149,8624,12642,211716.27,17189,12.51332013,0.1676348289,141,3237,3848,78979.03,6505,12.4525035,0.2383494211,1.004883888,16.74705505,1.359674,1.465909,20.52469595,1.690489,1.188755
2022-09-01,Bogotá,VINOS,38,109,152,2173.42,191,11.70740625,0.1606421993,18,57,65,1088.75,98,11.22160798,0.2776709147,1.043291324,14.29881579,1.256579,1.394495,16.75,1.507692,1.140351
2022-09-01,Cali y Bucaramanga,VINOS,41,213,292,4971.75,385,13.16386924,0.2092053187,20,56,58,1153.95,88,12.65932222,0.2961206025,1.039855769,17.0265411,1.318493,1.370892,19.89568966,1.517241,1.035714
2022-09-01,Cali y Bucaramanga,VINOS,48,934,1442,24888.07,1977,12.75078974,0.183137961,41,282,324,5847.2,543,11.16273915,0.2347114341,1.142263523,17.25941054,1.371012,1.543897,18.04691358,1.675926,1.148936
2022-09-01,Costa,VINOS,64,993,1418,25504.38,1913,13.1881939,0.2032197459,53,293,334,6475.15,517,12.55627602,0.2873840404,1.050326855,17.98616361,1.349083,1.427996,19.38667665,1.547904,1.139932
2022-09-01,Costa,VINOS,43,490,731,14485.35,1056,13.98404673,0.2056957503,34,138,158,3616.56,272,13.19317222,0.3053210043,1.059945742,19.81580027,1.444596,1.491837,22.88962025,1.721519,1.144928
2022-09-01,Medellín,VINOS,141,4171,6439,113240.23,8941,12.75075289,0.1953850963,121,1521,1810,35832.9,3177,11.54119042,0.2414039789,1.104803961,17.58661749,1.38857,1.543754,19.79718232,1.755249,1.190007
2022-09-01,Medellín,VINOS,33,67,87,1478.41,128,11.73817869,0.1664608351,10,22,24,334.21,28,12.164375,0.3279720233,0.9649635673,16.99321839,1.471264,1.298507,13.92541667,1.166667,1.090909
2022-10-01,Bogotá,VINOS,34,79,98,1629.85,125,12.8442451,0.1203971366,18,36,41,682.29,48,13.65159091,0.1668186623,0.9408606794,16.63112245,1.27551,1.240506,16.64121951,1.170732,1.138889
2022-10-01,Bogotá,VINOS,154,7461,10773,190417.97,14157,13.49557202,0.1031572653,141,2967,3525,72709.08,5903,12.61295387,0.1798149879,1.069977117,17.67548222,1.314119,1.443908,20.62668936,1.67461,1.188069
2022-10-01,Cali y Bucaramanga,VINOS,50,886,1390,24535.67,1854,13.20611465,0.1098407738,37,205,228,4595.05,352,12.78152722,0.1689402012,1.033218833,17.65156115,1.333813,1.568849,20.15372807,1.54386,1.112195
2022-10-01,Cali y Bucaramanga,VINOS,37,187,261,4598.37,358,12.83422342,0.1172651955,22,69,72,1296.69,104,12.44542237,0.2277213976,1.031240486,17.61827586,1.371648,1.395722,18.00958333,1.444444,1.043478
2022-10-01,Costa,VINOS,60,890,1212,20408.11,1587,12.95964048,0.1105844656,44,175,207,4934.62,360,13.63976889,0.2175150008,0.9501363688,16.83837459,1.309406,1.361798,23.83874396,1.73913,1.182857
2022-10-01,Costa,VINOS,44,505,698,13910.6,1023,13.86420921,0.1162632348,37,120,131,4019.52,239,14.92502991,0.2034130372,0.9289233784,19.92922636,1.465616,1.382178,30.68335878,1.824427,1.091667
2022-10-01,Medellín,VINOS,26,74,107,1504.52,142,10.7147619,0.1034346512,7,13,15,264.55,17,15.56176471,0.2481466232,0.6885312885,14.06093458,1.327103,1.445946,17.63666667,1.133333,1.153846
2022-10-01,Medellín,VINOS,141,3907,6042,103391.93,8200,12.63202068,0.0988287868,126,1343,1624,31212.86,2747,11.64849758,0.1882504714,1.084433473,17.11220291,1.357167,1.546455,19.21974138,1.691502,1.209233
2022-11-01,Bogotá,VINOS,31,58,78,1179.55,102,11.7346875,0.06134475475,16,39,41,524.65,51,10.43690244,0.1702458986,1.124345807,15.1224359,1.307692,1.344828,12.79634146,1.243902,1.051282
2022-11-01,Bogotá,VINOS,165,7524,10832,184885.12,14278,13.15232294,0.06028595524,154,3009,3620,83809.35,6384,13.38139149,0.1994770739,0.9828815597,17.0684195,1.318131,1.43966,23.15175414,1.763536,1.203057
2022-11-01,Cali y Bucaramanga,VINOS,50,832,1310,23037.37,1764,13.21190296,0.06067902257,39,182,209,4087.71,365,11.82083333,0.1385144012,1.117679489,17.58577863,1.346565,1.574519,19.55842105,1.746411,1.148352
2022-11-01,Cali y Bucaramanga,VINOS,38,160,207,3702.98,279,13.3602197,0.08804922579,20,48,51,900.8,82,11.8099321,0.1387724291,1.131269815,17.88879227,1.347826,1.29375,17.6627451,1.607843,1.0625
2022-11-01,Costa,VINOS,64,794,1134,20591.74,1522,13.49731658,0.06852374009,39,181,205,6109.88,401,14.46451775,0.2440309663,0.933132844,18.15850088,1.342152,1.428212,29.80429268,1.956098,1.132597
2022-11-01,Costa,VINOS,44,507,731,14350.22,991,14.49171416,0.07989697355,39,140,159,4522.83,302,14.74395905,0.1879372896,0.982891645,19.63094391,1.355677,1.441815,28.4454717,1.899371,1.135714
2022-11-01,Expansión - Centro,VINOS,3,3,3,51.55,7,9.5375,0.08333333333,2,4,5,34.17,7,5.338,0,1.786717872,17.18333333,2.333333,1,6.834,1.4,1.25
2022-11-01,Expansión - Centro,VINOS,1,1,1,33.05,2,16.525,0.2503782148,1,3,4,63.81,4,15.9525,0.1124525948,1.035887792,33.05,2,1,15.9525,1,1.333333
2022-11-01,Medellín,VINOS,32,83,107,1774.36,147,12.10961111,0.07797772616,7,11,13,184.19,14,13.16846154,0.1770356543,0.9195919414,16.58280374,1.373832,1.289157,14.16846154,1.076923,1.181818
2022-11-01,Medellín,VINOS,148,4156,6469,107150.8,8646,12.39708479,0.06157451225,128,1256,1493,31852.21,2604,12.3183652,0.1870722165,1.006390425,16.56373473,1.336528,1.556545,21.33436705,1.744139,1.188694
2022-12-01,Bogotá,VINOS,41,118,140,2292.73,201,11.87056689,0.1164962405,27,83,94,1901.35,156,12.77955903,0.2173766506,0.9288714006,16.37664286,1.435714,1.186441,20.22712766,1.659574,1.13253
2022-12-01,Bogotá,VINOS,169,11806,16334,301678.98,23364,13.23058115,0.1387209243,163,5105,6144,147976.46,11439,13.4388379,0.2297478781,0.9845033657,18.46938778,1.430391,1.383534,24.08471029,1.861816,1.203526
2022-12-01,Cali y Bucaramanga,VINOS,50,463,592,10373.59,812,12.79325086,0.1604748629,37,214,237,4294.31,361,12.40100465,0.1793164899,1.031630196,17.52295608,1.371622,1.278618,18.11945148,1.523207,1.107477
2022-12-01,Cali y Bucaramanga,VINOS,85,1846,2528,46400.35,3626,12.92460759,0.1294529995,74,624,738,16987.93,1369,12.57825425,0.1743435825,1.027535884,18.35456883,1.434335,1.369447,23.01887534,1.855014,1.182692
2022-12-01,Costa,VINOS,81,1731,2335,45761.48,3335,13.66069547,0.1543409002,67,549,620,16121.13,1073,15.35674858,0.2487288514,0.8895564971,19.59806424,1.428266,1.348931,26.00182258,1.730645,1.129326
2022-12-01,Costa,VINOS,70,953,1279,28869.21,1962,14.65773071,0.1613564109,60,349,401,12248.52,759,15.83041074,0.2366504913,0.925922325,22.57170446,1.534011,1.342078,30.54493766,1.892768,1.148997
2022-12-01,Expansión - Centro,VINOS,18,37,40,506.48,45,11.29918605,0.05589000331,13,69,74,1353.34,145,10.39783303,0.160831045,1.086686621,12.662,1.125,1.081081,18.28837838,1.959459,1.072464
2022-12-01,Expansión - Centro,VINOS,16,29,32,525.16,41,12.79205882,0.108820727,12,37,42,512.65,62,9.109523809,0.128523653,1.404251099,16.41125,1.28125,1.103448,12.20595238,1.47619,1.135135
2022-12-01,Expansión - Centro,VINOS,10,19,19,254.81,23,10.77175,0.1176169262,8,26,28,369.75,39,9.91637931,0.08282018265,1.086258367,13.41105263,1.210526,1,13.20535714,1.392857,1.076923
2022-12-01,Expansión - Costa,VINOS,14,20,24,382.9,30,12.7625,0.1134648504,9,32,39,914.32,74,11.88494167,0.1855729619,1.073837833,15.95416667,1.25,1.2,23.44410256,1.897436,1.21875
2022-12-01,Medellín,VINOS,41,155,193,2914.9,275,10.87526235,0.1214108725,13,33,35,557.03,46,12.13126126,0.1711845287,0.8964659248,15.10310881,1.42487,1.245161,15.91514286,1.314286,1.060606
2022-12-01,Medellín,VINOS,167,6268,9394,170260.11,13544,12.67979541,0.1344174579,154,2459,2997,66863.11,5779,12.0239145,0.2423451109,1.054548035,18.12434639,1.441771,1.498724,22.31001335,1.928262,1.218788
2023-01-01,Bogotá,VINOS,21,33,35,534.5,49,10.94585526,0.1145394211,7,16,16,196.79,29,7.165637255,0.1141739692,1.527548057,15.27142857,1.4,1.060606,12.299375,1.8125,1
2023-01-01,Bogotá,VINOS,136,3549,4475,70157.74,6193,11.59328834,0.05617539373,122,970,1036,20534.65,1681,12.40621538,0.1830138377,0.934474212,15.67770726,1.383911,1.260919,19.82109073,1.622587,1.068041
2023-01-01,Cali y Bucaramanga,VINOS,78,491,657,10879,940,11.68647436,0.04234323792,51,112,120,2279.36,181,12.53077608,0.1440394833,0.9326217533,16.5585997,1.430746,1.338086,18.99466667,1.508333,1.071429
2023-01-01,Cali y Bucaramanga,VINOS,42,105,126,2126.27,186,11.59823308,0.06245944559,17,26,26,535.71,41,12.77,0.1385203283,0.9082406486,16.87515873,1.47619,1.2,20.60423077,1.576923,1
2023-01-01,Costa,VINOS,64,398,508,8424.46,672,12.57550252,0.07139960203,31,84,85,1971.55,135,13.78682765,0.1882534372,0.9121389516,16.58358268,1.322835,1.276382,23.19470588,1.588235,1.011905
2023-01-01,Costa,VINOS,68,379,461,9540.06,681,13.96871047,0.06062175435,47,120,128,3445.88,226,14.89925532,0.1815442933,0.9375442044,20.69427332,1.477223,1.216359,26.9209375,1.765625,1.066667
2023-01-01,Expansión - Centro,VINOS,10,20,24,206.53,27,7.746875,0.01041666667,5,11,13,140.59,16,8.295897436,0.1346827609,0.9338200068,8.60541667,1.125,1.2,10.81461538,1.230769,1.181818
2023-01-01,Expansión - Centro,VINOS,4,5,5,56.94,9,7.3685,0,2,2,2,7.56,2,3.78,0,1.949338624,11.388,1.8,1,3.78,1,1
2023-01-01,Expansión - Costa,VINOS,8,11,13,139.95,22,6.949282052,0,4,5,5,113.08,9,12.319,0.1701430267,0.5641108898,10.76538462,1.692308,1.181818,22.616,1.8,1
2023-01-01,Medellín,VINOS,22,41,48,662.55,72,9.24245098,0.04218486367,6,6,7,86.67,9,9.137142857,0.1215408795,1.011525279,13.803125,1.5,1.170732,12.38142857,1.285714,1.166667
2023-01-01,Medellín,VINOS,140,2134,2797,42687.87,3857,11.23887496,0.04978334002,114,529,576,11910.14,985,12.04098486,0.1769487702,0.9333850254,15.26202002,1.378977,1.310684,20.67732639,1.710069,1.088847
2023-02-01,Bogotá,VINOS,147,9022,13432,204123.93,18369,11.3733233,0.05183795148,144,2778,3412,71755.34,5872,12.39335782,0.2027226172,0.9176950647,15.19683815,1.367555,1.488805,21.03028722,1.720985,1.228222
2023-02-01,Bogotá,VINOS,40,79,100,1338.49,129,10.72612179,0.06303409472,25,53,62,1190.53,101,10.76720647,0.2265855482,0.9961842774,13.3849,1.29,1.265823,19.20209677,1.629032,1.169811
2023-02-01,Cali y Bucaramanga,VINOS,46,245,344,4633.54,472,10.24044399,0.06907051674,26,71,81,1038.99,109,9.565321285,0.08305301527,1.070580243,13.46959302,1.372093,1.404082,12.82703704,1.345679,1.140845
2023-02-01,Cali y Bucaramanga,VINOS,93,1049,1565,24183.69,2138,11.36613054,0.04847471461,77,309,370,7350.72,657,11.76291031,0.1703788971,0.966268571,15.45283706,1.366134,1.491897,19.86681081,1.775676,1.197411
2023-02-01,Costa,VINOS,79,574,857,16740,1187,13.81410737,0.07277951656,58,159,204,5485.5,376,14.58627635,0.2059457348,0.9470619531,19.53325554,1.385064,1.493031,26.88970588,1.843137,1.283019
2023-02-01,Costa,VINOS,99,1019,1477,21984.37,1974,11.20592947,0.05463184943,68,246,283,6057.42,505,12.13613868,0.1907550315,0.923352128,14.88447529,1.336493,1.44946,21.40431095,1.784452,1.150407
2023-02-01,Expansión - Centro,VINOS,15,24,28,264.65,34,7.861290323,0.05155191435,8,21,22,264.62,30,9.255972222,0.06725276072,0.8493208638,9.45178571,1.214286,1.166667,12.02818182,1.363636,1.047619
2023-02-01,Expansión - Centro,VINOS,22,47,56,702.09,68,10.42056497,0.04323975294,17,48,57,867.02,83,10.23533333,0.1624955147,1.018097275,12.53732143,1.214286,1.191489,15.21087719,1.45614,1.1875
2023-02-01,Expansión - Centro,VINOS,9,12,15,230.61,19,11.72617647,0.02353401244,2,3,3,51.46,3,17.15333333,0.1835563381,0.6836091996,15.374,1.266667,1.25,17.15333333,1,1
2023-02-01,Expansión - Costa,VINOS,12,40,48,497.36,62,8.294705882,0.04116522122,7,22,28,326.5,40,8.125166667,0.1017453538,1.020865937,10.36166667,1.291667,1.2,11.66071429,1.428571,1.272727
2023-02-01,Medellín,VINOS,150,5038,8050,118316.77,11273,10.62476124,0.04600476429,135,1306,1595,33398.03,2835,11.88328091,0.1829917531,0.8940932493,14.6977354,1.400373,1.597856,20.93920376,1.777429,1.221286
2023-02-01,Medellín,VINOS,22,50,67,844.77,97,8.488157895,0.03162140343,7,15,16,183.31,19,9.7909375,0.1031167248,0.8669402593,12.60850746,1.447761,1.34,11.456875,1.1875,1.066667
2023-03-01,Bogotá,VINOS,151,10819,16684,262862.6,22906,11.67627694,0.0963278278,139,3186,3952,88651.27,7021,12.95910857,0.2318849307,0.9010092692,15.75537041,1.372932,1.542102,22.43200152,1.776569,1.240427
2023-03-01,Bogotá,VINOS,44,102,126,1843.98,175,10.97891727,0.09968828829,30,70,86,1625.91,164,10.25917007,0.2036120352,1.070156475,14.6347619,1.388889,1.235294,18.90593023,1.906977,1.228571
2023-03-01,Cali y Bucaramanga,VINOS,99,1245,1926,31793.18,2648,12.05282577,0.09217835847,79,342,410,7422.57,655,11.86242794,0.2045607551,1.016050494,16.50736241,1.37487,1.546988,18.10382927,1.597561,1.19883
2023-03-01,Cali y Bucaramanga,VINOS,46,222,315,3860.88,421,9.714859013,0.05351541145,28,92,98,1613.29,167,10.43338785,0.1891100066,0.9311317812,12.2567619,1.336508,1.418919,16.46214286,1.704082,1.065217
2023-03-01,Costa,VINOS,87,632,934,20971.31,1370,15.20935908,0.1395338817,65,178,237,6569.34,427,15.23487639,0.2414582117,0.9983250727,22.4532227,1.466809,1.477848,27.71873418,1.801688,1.331461
2023-03-01,Costa,VINOS,104,1403,2042,33259.15,2892,11.48664385,0.0894405064,77,298,365,7935.62,618,12.82844092,0.2423722599,0.8954045101,16.28753673,1.416259,1.455453,21.74142466,1.693151,1.224832
2023-03-01,Expansión - Centro,VINOS,18,34,38,590.44,55,10.60121951,0.08411185396,8,17,20,187.75,22,8.56525,0.1045518332,1.237701119,15.53789474,1.447368,1.117647,9.3875,1.1,1.176471
2023-03-01,Expansión - Centro,VINOS,17,26,31,541.21,40,13.41431818,0.1228364856,6,10,10,199.32,15,12.697,0.1850278225,1.056495092,17.4583871,1.290323,1.192308,19.932,1.5,1
2023-03-01,Expansión - Centro,VINOS,20,51,71,1004.23,102,9.596666667,0.05272081799,15,38,45,582.89,62,9.228085106,0.1628637175,1.039941283,14.14408451,1.43662,1.392157,12.95311111,1.377778,1.184211
2023-03-01,Expansión - Costa,VINOS,15,31,40,532.13,63,9.089204545,0.04659771205,6,21,25,266.33,38,7.7968,0.1352963847,1.165760895,13.30325,1.575,1.290323,10.6532,1.52,1.190476
2023-03-01,Medellín,VINOS,151,5783,9848,151203.47,13789,11.13274284,0.08304655609,141,1505,1865,37997.08,3263,11.98916027,0.2356930881,0.9285673547,15.3537236,1.400183,1.702922,20.37376944,1.749598,1.239203
2023-04-01,Bogotá,VINOS,53,127,163,2590.35,227,11.59997159,0.1072649365,33,57,71,1246.08,110,12.10209402,0.167384367,0.9585094592,15.89171779,1.392638,1.283465,17.55042254,1.549296,1.245614
2023-04-01,Bogotá,VINOS,154,10823,16385,270745.81,22577,12.14548738,0.09355279817,138,2644,3181,69144.04,5306,13.2520762,0.2009329285,0.9164969473,16.52400427,1.377907,1.513906,21.7365734,1.668029,1.203101
2023-04-01,Cali y Bucaramanga,VINOS,49,285,365,6273.83,483,12.95211528,0.1272162828,28,92,105,1350.05,134,10.25022936,0.1685192082,1.263592729,17.18857534,1.323288,1.280702,12.85761905,1.27619,1.141304
2023-04-01,Cali y Bucaramanga,VINOS,102,1299,1892,32773.78,2566,12.7819552,0.1093189334,71,287,340,6875.79,525,12.93834844,0.1953031782,0.987912426,17.32229387,1.356237,1.456505,20.22291176,1.544118,1.184669
2023-04-01,Costa,VINOS,107,1513,2225,35886,3067,11.60498653,0.09127090621,71,212,258,5571.3,421,13.40178667,0.2172032841,0.8659283136,16.12853933,1.378427,1.470588,21.59418605,1.631783,1.216981
2023-04-01,Costa,VINOS,82,748,1156,26962.56,1713,15.72906797,0.1382867669,54,182,213,5633.32,342,16.27925068,0.2575900994,0.9662034377,23.32401384,1.481834,1.545455,26.44751174,1.605634,1.17033
2023-04-01,Expansión - Centro,VINOS,24,74,89,1003.6,117,8.901152482,0.04579754663,14,37,46,440.23,55,7.743645833,0.05607853107,1.149478253,11.27640449,1.314607,1.202703,9.57021739,1.195652,1.243243
2023-04-01,Expansión - Centro,VINOS,18,42,51,585.81,64,9.359666667,0.05553425941,10,24,26,297.09,34,8.589134615,0.07891820937,1.089710091,11.48647059,1.254902,1.214286,11.42653846,1.307692,1.083333
2023-04-01,Expansión - Centro,VINOS,22,42,49,675.24,58,11.46990196,0.09810878833,11,19,24,259.16,43,7.26516,0.06010036194,1.578754213,13.78040816,1.183673,1.166667,10.79833333,1.791667,1.263158
2023-04-01,Expansión - Costa,VINOS,14,54,67,926.54,96,9.653063726,0.02577660278,8,18,26,404.38,42,7.935675926,0.1056014107,1.21641355,13.82895522,1.432836,1.240741,15.55307692,1.615385,1.444444
2023-04-01,Medellín,VINOS,143,5593,9214,152059.86,13188,11.65145316,0.08276198243,125,1048,1224,27704.67,2068,13.47870436,0.1906435356,0.8644342104,16.50313219,1.4313,1.647416,22.63453431,1.689542,1.167939
2023-05-01,Bogotá,VINOS,43,96,133,1971.73,176,11.19354312,0.09132236623,29,58,72,1101.03,100,11.63627854,0.1755572485,0.961952147,14.82503759,1.323308,1.385417,15.29208333,1.388889,1.241379
2023-05-01,Bogotá,VINOS,149,10896,16565,272552.77,22711,12.10985671,0.09897383675,132,2641,3175,67124.58,5041,13.44217801,0.1901906606,0.9008850125,16.45353275,1.371023,1.520283,21.1416,1.587717,1.202196
2023-05-01,Cali y Bucaramanga,VINOS,52,298,375,6205.18,463,13.51486111,0.147027188,30,77,89,1710.92,127,13.84370748,0.1817277496,0.9762457873,16.54714667,1.234667,1.258389,19.22382022,1.426966,1.155844
2023-05-01,Cali y Bucaramanga,VINOS,99,1416,2103,36357.79,2901,12.57056223,0.1183928733,71,299,353,6872.73,552,12.55144949,0.1741034822,1.001522751,17.28853543,1.379458,1.485169,19.46949008,1.563739,1.180602
2023-05-01,Costa,VINOS,99,1523,2310,36600.4,3223,11.41998613,0.08884173727,59,216,250,5634.74,423,12.56577068,0.1982079221,0.9088170099,15.844329,1.395238,1.516743,22.53896,1.692,1.157407
2023-05-01,Costa,VINOS,75,617,934,20997.86,1344,15.55007897,0.1408452974,50,195,224,5287.41,340,15.76477564,0.2522651667,0.9863812415,22.48164882,1.438972,1.513776,23.60450893,1.517857,1.148718
2023-05-01,Expansión - Centro,VINOS,24,42,53,577.38,74,8.296169591,0.02193840397,13,16,19,208.71,28,8.755083334,0.1125074005,0.9475831668,10.89396226,1.396226,1.261905,10.98473684,1.473684,1.1875
2023-05-01,Expansión - Centro,VINOS,31,82,104,1197.04,133,8.761276758,0.01696474945,25,61,74,988.07,109,9.256983122,0.1096274723,0.946450549,11.51,1.278846,1.268293,13.3522973,1.472973,1.213115
2023-05-01,Expansión - Centro,VINOS,23,43,46,658.48,65,10.7060034,0.04083010682,10,17,17,179.34,20,9.913676471,0.1147495948,1.079922613,14.31478261,1.413043,1.069767,10.54941176,1.176471,1
2023-05-01,Expansión - Costa,VINOS,17,50,62,902.47,95,9.104961905,0.02359269124,12,25,32,332.34,38,9.437291667,0.1015949063,0.964785473,14.55596774,1.532258,1.24,10.385625,1.1875,1.28
2023-05-01,Medellín,VINOS,139,5829,9339,152019.47,13129,11.67879749,0.09202148251,111,1064,1273,24880.02,2063,12.34455545,0.1762151991,0.9460686973,16.27791734,1.405825,1.602162,19.54439906,1.620581,1.196429
2023-06-01,Bogotá,VINOS,146,10782,16638,273553.8,22977,12.03041257,0.1067917778,138,2557,3139,62039.01,4930,12.71192783,0.2080333557,0.9463877333,16.44150739,1.380995,1.543127,19.76394075,1.570564,1.22761
2023-06-01,Bogotá,VINOS,45,114,157,2386.98,224,10.78341085,0.09472533898,29,67,90,1395.35,137,10.5139539,0.2138434999,1.025628508,15.20369427,1.426752,1.377193,15.50388889,1.522222,1.343284
2023-06-01,Cali y Bucaramanga,VINOS,94,1315,2014,36819.64,2810,13.03103933,0.1277621279,73,299,348,6445.63,536,12.26698633,0.1708514406,1.062285306,18.28184707,1.395233,1.531559,18.52192529,1.54023,1.16388
2023-06-01,Cali y Bucaramanga,VINOS,61,279,358,6539.16,465,13.77466179,0.1483772758,32,71,81,1475.12,121,12.06028369,0.1639507778,1.142150728,18.26581006,1.298883,1.283154,18.21135802,1.493827,1.140845
2023-06-01,Costa,VINOS,103,1485,2189,36288.34,3103,11.67615069,0.103789028,66,232,271,6525.47,474,13.4351773,0.2162932332,0.8690730633,16.57758794,1.417542,1.474074,24.07922509,1.749077,1.168103
2023-06-01,Costa,VINOS,83,662,965,22699.07,1436,15.71130551,0.1676933083,66,194,229,6576.83,398,16.29770248,0.1884137079,0.9640196548,23.52235233,1.488083,1.457704,28.71978166,1.737991,1.180412
2023-06-01,Expansión - Centro,VINOS,28,59,82,857.72,106,8.384127907,0.03373384091,20,61,75,824.54,116,7.093191057,0.08108815739,1.181996627,10.46,1.292683,1.389831,10.99386667,1.546667,1.229508
2023-06-01,Expansión - Centro,VINOS,21,37,42,457.72,57,9.149712121,0.04087532294,11,24,25,271.8,31,8.304821429,0.1071561563,1.101734962,10.89809524,1.357143,1.135135,10.872,1.24,1.041667
2023-06-01,Expansión - Centro,VINOS,29,45,55,833.44,84,9.679291005,0.05077928658,10,20,21,244.29,28,8.84844697,0.07048325181,1.093897159,15.15345455,1.527273,1.222222,11.63285714,1.333333,1.05
2023-06-01,Expansión - Costa,VINOS,23,72,87,1130.91,114,10.08668478,0.04784498722,13,25,33,341.4,37,8.974494949,0.1227650881,1.123927847,12.99896552,1.310345,1.208333,10.34545455,1.121212,1.32
2023-06-01,Medellín,VINOS,139,5702,9362,147087.47,13244,11.29603354,0.07562826778,121,1144,1324,26463.95,2240,12.03540642,0.2105829352,0.9385668538,15.71111621,1.414655,1.64188,19.98787764,1.691843,1.157343
2023-07-01,Bogotá,VINOS,140,11343,17719,284798.64,24250,11.92638999,0.1397769484,128,2279,2723,52048.62,4259,12.49693941,0.1869834474,0.9543448679,16.07306507,1.368587,1.562109,19.11443996,1.564084,1.194822
2023-07-01,Bogotá,VINOS,50,110,152,2197.5,200,11.11242424,0.1454628411,29,52,62,1024.11,89,11.49664021,0.1924296621,0.9665801519,14.45723684,1.315789,1.381818,16.51790323,1.435484,1.192308
2023-07-01,Cali y Bucaramanga,VINOS,89,1418,2175,39314.94,2941,13.33961892,0.1881702029,62,271,301,5046.44,425,11.95119611,0.1588981361,1.116174381,18.07583448,1.352184,1.53385,16.7655814,1.41196,1.110701
2023-07-01,Cali y Bucaramanga,VINOS,56,299,405,7383.61,533,13.58373602,0.1934999589,28,69,75,1403.22,101,13.66480453,0.2549248685,0.9940673494,18.2311358,1.316049,1.354515,18.7096,1.346667,1.086957
2023-07-01,Costa,VINOS,77,770,1147,27956.02,1747,15.90465074,0.2188797421,57,217,260,6159.73,412,15.07747782,0.2154436006,1.054861491,24.37316478,1.523104,1.48961,23.69126923,1.584615,1.198157
2023-07-01,Costa,VINOS,100,1531,2247,37859.22,3131,12.20857,0.1413166936,68,212,236,5088.44,384,13.1768834,0.2263342491,0.9265142321,16.84878505,1.393413,1.467668,21.56118644,1.627119,1.113208
2023-07-01,Expansión - Centro,VINOS,23,48,60,799.48,96,9.379589744,0.05920902464,11,25,28,335.33,37,8.572096774,0.2099199908,1.09420017,13.32466667,1.6,1.25,11.97607143,1.321429,1.12
2023-07-01,Expansión - Centro,VINOS,33,70,91,1341.06,129,10.25715409,0.0712216066,11,22,24,289.6,48,8.4566,0.1902267557,1.212917022,14.73692308,1.417582,1.3,12.06666667,2,1.090909
2023-07-01,Expansión - Centro,VINOS,34,81,122,1484.92,164,9.057849873,0.07635853802,21,55,71,858.53,146,6.691475309,0.09885473537,1.353640185,12.17147541,1.344262,1.506173,12.09197183,2.056338,1.290909
2023-07-01,Expansión - Costa,VINOS,24,62,88,1110.65,124,9.749857143,0.09016430166,13,37,47,503.17,68,8.343583334,0.1691649227,1.168545546,12.62102273,1.409091,1.419355,10.70574468,1.446809,1.27027
2023-07-01,Medellín,VINOS,132,6012,9843,152354.04,13943,11.11417306,0.1096524651,109,976,1166,23737.05,1946,12.45881397,0.1856139994,0.8920731206,15.47841512,1.41654,1.637226,20.35767581,1.668954,1.194672
2023-08-01,Bogotá,VINOS,139,10741,16783,264009.65,22752,11.76872698,0.09625451394,129,2802,3359,72575.78,5352,13.57941341,0.2029156748,0.8666594519,15.73077817,1.355658,1.562517,21.60636499,1.593331,1.198787
2023-08-01,Bogotá,VINOS,57,138,193,2618.49,246,10.8769403,0.1117583809,36,73,91,1639.29,133,12.36994898,0.2211605224,0.87930357,13.5673057,1.274611,1.398551,18.01417582,1.461538,1.246575
2023-08-01,Cali y Bucaramanga,VINOS,87,1265,1880,32976.19,2553,12.89071306,0.1206603349,63,301,351,7274.53,555,12.79271114,0.1668678547,1.007660762,17.5405266,1.357979,1.486166,20.7251567,1.581197,1.166113
2023-08-01,Cali y Bucaramanga,VINOS,59,274,355,6376.65,463,13.87969991,0.1613577033,28,55,60,1076.42,78,13.64499471,0.2001116554,1.017200828,17.96239437,1.304225,1.29562,17.94033333,1.3,1.090909
2023-08-01,Costa,VINOS,90,1465,2145,32385.05,3015,10.91032943,0.08696406665,56,217,245,4979.02,362,13.63243191,0.2221243267,0.8003215794,15.09792541,1.405594,1.464164,20.32253061,1.477551,1.129032
2023-08-01,Costa,VINOS,73,660,948,21683.89,1420,15.23739074,0.140255675,50,182,218,5348.19,338,15.76407133,0.2100958043,0.9665898118,22.87330169,1.49789,1.436364,24.53298165,1.550459,1.197802
2023-08-01,Expansión - Centro,VINOS,28,57,72,926.68,113,9.131686411,0.08909723992,11,25,27,344.2,36,10.06431548,0.1335537662,0.9073330852,12.87055556,1.569444,1.263158,12.74814815,1.333333,1.08
2023-08-01,Expansión - Centro,VINOS,35,106,134,1614.27,177,9.03687931,0.1051972747,22,49,58,706.96,82,8.860051282,0.1209262944,1.019957901,12.04679104,1.320896,1.264151,12.18896552,1.413793,1.183673
2023-08-01,Expansión - Centro,VINOS,27,51,64,842.12,85,9.530245098,0.1025360257,14,21,22,279.68,29,9.727083333,0.1233744785,0.9797638996,13.158125,1.328125,1.254902,12.71272727,1.318182,1.047619
2023-08-01,Expansión - Costa,VINOS,25,69,81,1232.84,103,11.79866279,0.1561114111,13,28,30,410.16,40,10.42266129,0.1626498099,1.132020169,15.22024691,1.271605,1.173913,13.672,1.333333,1.071429
2023-08-01,Medellín,VINOS,127,5658,9333,138196.6,13090,10.73453677,0.07203817297,108,1066,1235,25662.76,1969,13.12902684,0.1944122725,0.8176186168,14.8073074,1.40255,1.649523,20.77956275,1.594332,1.158537
2023-09-01,Bogotá,VINOS,136,11827,18112,305252.63,25131,12.33140319,0.1409245086,123,2545,3015,59744.95,4779,12.71405286,0.2031290036,0.9699034076,16.85361252,1.387533,1.531411,19.81590381,1.585075,1.184676
2023-09-01,Bogotá,VINOS,63,155,249,3461.43,324,10.94825249,0.1244748858,34,70,82,1591.67,132,12.19448276,0.215961098,0.8978037613,13.9013253,1.301205,1.606452,19.41060976,1.609756,1.171429
2023-09-01,Cali y Bucaramanga,VINOS,84,1350,1982,36749.1,2698,13.60902463,0.1885570621,66,285,330,5804.91,482,12.22299855,0.1902857642,1.113394932,18.54142281,1.361251,1.468148,17.59063636,1.460606,1.157895
2023-09-01,Cali y Bucaramanga,VINOS,63,310,415,7084.26,505,14.02416096,0.1956090202,29,71,85,1272.65,118,11.30314607,0.1455689292,1.240730755,17.07050602,1.216867,1.33871,14.97235294,1.388235,1.197183
2023-09-01,Costa,VINOS,98,1602,2394,40151.88,3345,12.15923088,0.1348453002,58,238,264,5297.65,424,12.83251482,0.2209498649,0.9475329703,16.7718797,1.397243,1.494382,20.06685606,1.606061,1.109244
2023-09-01,Costa,VINOS,71,725,1088,25737.47,1605,15.88068689,0.2280540321,49,174,215,5256.02,347,15.15738723,0.2237913285,1.047719284,23.65576287,1.475184,1.50069,24.44660465,1.613953,1.235632
2023-09-01,Expansión - Centro,VINOS,27,55,73,882.37,91,9.949155844,0.1129996429,11,25,34,353.15,57,7.317689189,0.3374774046,1.359603501,12.08726027,1.246575,1.327273,10.38676471,1.676471,1.36
2023-09-01,Expansión - Centro,VINOS,24,64,87,923.81,119,8.474061594,0.07774209261,8,21,24,378.65,77,5.82247619,0.2346429075,1.455405109,10.61850575,1.367816,1.359375,15.77708333,3.208333,1.142857
2023-09-01,Expansión - Centro,VINOS,34,104,134,1651.91,181,9.700941781,0.07396222008,21,66,79,1210.34,132,9.049596296,0.2148584378,1.071975087,12.32768657,1.350746,1.288462,15.32075949,1.670886,1.19697
2023-09-01,Expansión - Costa,VINOS,32,87,117,1853.22,155,11.79627119,0.1152768912,16,38,47,408.19,60,6.838368794,0.1886863994,1.725012432,15.83948718,1.324786,1.344828,8.68489362,1.276596,1.236842
2023-09-01,Medellín,VINOS,128,6056,9916,162257.88,13696,11.90680125,0.1323552865,106,1080,1225,22936.81,1928,12.15713588,0.1993497595,0.9794084205,16.36323921,1.381202,1.637384,18.72392653,1.573878,1.134259
2023-10-01,Bogotá,VINOS,131,9765,14987,236660.56,20516,11.7210581,0.09016358134,122,2521,3044,60232.74,4745,12.7432946,0.2289153496,0.9197824003,15.79105625,1.36892,1.534767,19.78736531,1.558804,1.207457
2023-10-01,Bogotá,VINOS,48,124,194,2590.46,275,10.08983333,0.100742011,29,51,61,1014.48,85,12.4394086,0.2155368444,0.8111184105,13.3528866,1.417526,1.564516,16.63081967,1.393443,1.196078
2023-10-01,Cali y Bucaramanga,VINOS,86,1065,1632,28827.69,2258,12.73954803,0.1287245812,63,327,385,7688.25,631,12.38622853,0.2441881733,1.028525189,17.66402574,1.383578,1.532394,19.96948052,1.638961,1.17737
2023-10-01,Cali y Bucaramanga,VINOS,53,266,356,5599.71,446,12.67329759,0.139279331,32,99,119,1960.77,169,11.67881614,0.3033506638,1.085152591,15.72952247,1.252809,1.338346,16.47705882,1.420168,1.20202
2023-10-01,Costa,VINOS,70,664,952,21726.96,1401,15.39398909,0.1559143734,50,188,230,5261.06,362,14.64231179,0.2663596044,1.051335972,22.82243697,1.471639,1.433735,22.87417391,1.573913,1.223404
2023-10-01,Costa,VINOS,94,1370,1997,32677.12,2784,11.9186311,0.09876385593,65,253,307,7090.44,527,13.28524004,0.2763918657,0.8971332895,16.36310466,1.394091,1.457664,23.09589577,1.716612,1.213439
2023-10-01,Expansión - Centro,VINOS,25,62,78,1048.26,114,9.376264368,0.1012029811,11,35,39,388.44,44,8.755121951,0.2723547462,1.070946175,13.43923077,1.461538,1.258065,9.96,1.128205,1.114286
2023-10-01,Expansión - Centro,VINOS,40,90,124,1610.59,176,9.535217391,0.06741552817,20,57,72,1084.89,128,9.509176245,0.1901939607,1.002738528,12.98862903,1.419355,1.377778,15.06791667,1.777778,1.263158
2023-10-01,Expansión - Centro,VINOS,31,75,107,1204.33,130,9.265870206,0.1017818076,13,24,29,542.77,84,7.275451178,0.243016954,1.27358015,11.25542056,1.214953,1.426667,18.7162069,2.896552,1.208333
2023-10-01,Expansión - Costa,VINOS,26,105,131,1933.3,191,10.5631203,0.08913848511,16,41,57,777.72,84,8.858168103,0.1879112777,1.192472324,14.75801527,1.458015,1.247619,13.64421053,1.473684,1.390244
2023-10-01,Medellín,VINOS,123,5263,8765,137418.49,12260,11.29723121,0.08050067325,106,1158,1426,28894.57,2422,12.2651233,0.2297703849,0.9210858247,15.67809355,1.398745,1.6654,20.26267181,1.698457,1.231434
2023-11-01,Bogotá,VINOS,130,10590,15849,277206.96,21206,13.18271855,0.1213088144,123,2679,3259,69727.69,5146,13.56980872,0.2089014893,0.9714741621,17.49050161,1.338002,1.496601,21.39542498,1.579012,1.216499
2023-11-01,Bogotá,VINOS,51,117,203,2571.46,275,9.636180885,0.01849018501,27,64,72,1513.39,124,12.60746444,0.2231041637,0.7643234631,12.66729064,1.35468,1.735043,21.01930556,1.722222,1.125
2023-11-01,Cali y Bucaramanga,VINOS,87,1304,1909,34678.51,2669,13.07534075,0.1251065345,69,312,351,6550,543,12.3137669,0.1601429955,1.06184735,18.16579885,1.398114,1.463957,18.66096866,1.547009,1.125
2023-11-01,Cali y Bucaramanga,VINOS,59,277,373,6754.98,517,12.97840041,0.1239343368,29,74,84,1439.08,113,12.95773596,0.1781845111,1.001594758,18.10986595,1.386059,1.34657,17.13190476,1.345238,1.135135
2023-11-01,Costa,VINOS,85,1394,2047,35321,2856,12.47015578,0.1139853983,55,232,261,5298.24,408,13.01885573,0.180617562,0.9578534426,17.25500733,1.395213,1.468436,20.29977011,1.563218,1.125
2023-11-01,Costa,VINOS,67,662,956,22307.83,1381,16.07300146,0.171774926,53,229,282,7796.38,498,15.52611319,0.2421824871,1.035223772,23.33455021,1.444561,1.444109,27.64673759,1.765957,1.231441
2023-11-01,Expansión - Centro,VINOS,30,65,94,1415.88,124,11.61508488,0.1705613193,11,21,21,294.94,28,10.86227273,0.1181729243,1.069305215,15.06255319,1.319149,1.446154,14.0447619,1.333333,1
2023-11-01,Expansión - Centro,VINOS,25,62,74,1066.47,119,9.527835498,0.08670446712,10,24,26,276.16,39,7.99175641,0.08074760976,1.192207946,14.41175676,1.608108,1.193548,10.62153846,1.5,1.083333
2023-11-01,Expansión - Centro,VINOS,31,91,133,1577.76,171,9.37130137,0.09196058967,24,73,100,1287.78,141,9.260326861,0.08412558717,1.011983865,11.86285714,1.285714,1.461538,12.8778,1.41,1.369863
2023-11-01,Expansión - Costa,VINOS,30,70,90,1625.35,122,13.10722043,0.1406766283,15,24,35,413.37,52,7.496981982,0.08314107602,1.748332924,18.05944444,1.355556,1.285714,11.81057143,1.485714,1.458333
2023-11-01,Medellín,VINOS,118,5597,8943,151092.53,12723,11.92351428,0.1012868536,111,1243,1471,30951.33,2348,13.34796233,0.1803644712,0.893283483,16.89506094,1.422677,1.59782,21.04101292,1.596193,1.183427
2023-12-01,Bogotá,VINOS,136,15590,22419,425625.39,32318,13.38571134,0.1524029842,125,4240,5023,122528.38,8815,14.19009936,0.2332534142,0.9433134333,18.98503011,1.441545,1.438037,24.39346606,1.754927,1.18467
2023-12-01,Bogotá,VINOS,59,228,310,4786.29,434,11.42796451,0.1353903551,46,127,149,3211.73,263,12.85989609,0.2421301688,0.8886513877,15.43964516,1.4,1.359649,21.5552349,1.765101,1.173228
2023-12-01,Cali y Bucaramanga,VINOS,93,2427,3479,68190.01,5174,13.30819662,0.1633448606,82,701,801,16845.51,1283,12.91404935,0.1907525831,1.030520811,19.60046278,1.487209,1.433457,21.03059925,1.601748,1.142653
2023-12-01,Cali y Bucaramanga,VINOS,69,620,795,14798.77,1074,13.9100513,0.1579262383,49,268,304,6124.86,466,13.2006135,0.2169747268,1.05374279,18.61480503,1.350943,1.282258,20.14756579,1.532895,1.134328
2023-12-01,Costa,VINOS,78,1283,1799,46804.42,2981,15.7197165,0.2183148661,68,463,563,15524.55,980,15.92613906,0.2510249107,0.9870387571,26.01690939,1.657032,1.402182,27.57468917,1.740675,1.215983
2023-12-01,Costa,VINOS,99,2364,3341,62264.07,4898,12.91681565,0.1348515317,82,561,642,15497.28,1128,13.73355846,0.2182027561,0.9405294112,18.63635738,1.466028,1.413283,24.13906542,1.757009,1.144385
2023-12-01,Expansión - Centro,VINOS,34,83,100,1291.67,139,9.590031153,0.002101675019,26,69,75,1012.38,105,9.771728632,0.1442126006,0.9814057997,12.9167,1.39,1.204819,13.4984,1.4,1.086957
2023-12-01,Expansión - Centro,VINOS,37,126,153,1917.02,200,9.926666667,0.0009433962264,22,69,90,1334.21,147,10.13658935,0.1953486427,0.9792906003,12.52954248,1.30719,1.214286,14.82455556,1.633333,1.304348
2023-12-01,Expansión - Centro,VINOS,40,131,158,1674.73,203,8.583948413,0.002675695882,31,139,163,2580.55,256,9.893694915,0.1542929717,0.8676180624,10.59955696,1.28481,1.206107,15.83159509,1.570552,1.172662
2023-12-01,Expansión - Costa,VINOS,35,118,150,2546.2,208,12.13360577,0,22,79,87,1662.98,132,12.42554579,0.2238938478,0.9765048535,16.97466667,1.386667,1.271186,19.11471264,1.517241,1.101266
2023-12-01,Medellín,VINOS,129,7961,12001,216617.72,17888,12.28605699,0.1262049461,116,1900,2262,52588.7,3905,13.66200759,0.2305113654,0.8992863543,18.0499725,1.490542,1.507474,23.24876216,1.726348,1.190526
2024-01-01,Bogotá,VINOS,129,9126,13994,221028.4,18594,12.05957236,0.08898349509,117,1855,2270,42294.6,3425,12.50417132,0.13312442,0.9644439484,15.79451193,1.328712,1.533421,18.63198238,1.508811,1.22372
2024-01-01,Bogotá,VINOS,52,127,188,2982.2,245,11.93391089,0.1068499962,30,55,57,1094.74,86,12.65188889,0.1412103125,0.9432513197,15.86276596,1.303191,1.480315,19.20596491,1.508772,1.036364
2024-01-01,Cali y Bucaramanga,VINOS,63,327,438,7990.96,590,13.51170896,0.1307924312,33,64,72,1048.61,89,11.81255631,0.1341214408,1.143842925,18.24420091,1.347032,1.33945,14.56402778,1.236111,1.125
2024-01-01,Cali y Bucaramanga,VINOS,85,1277,1948,29908.86,2636,11.36040082,0.08609270783,65,240,277,5281.17,432,11.73459831,0.0859996454,0.9681116066,15.35362423,1.353183,1.52545,19.06559567,1.559567,1.154167
2024-01-01,Costa,VINOS,72,909,1248,29149.17,1883,15.50462246,0.1294474281,57,257,305,8168.55,515,15.81812426,0.1698815084,0.9801808481,23.35670673,1.508814,1.372937,26.78213115,1.688525,1.18677
2024-01-01,Costa,VINOS,88,1451,2205,33504.08,3061,11.12255779,0.07726355518,55,162,179,3337.51,273,12.37514184,0.1593236768,0.8987822466,15.1945941,1.388209,1.519642,18.64530726,1.52514,1.104938
2024-01-01,Expansión - Centro,VINOS,26,51,76,1072.69,96,10.92055556,0.06061019326,3,5,8,125,11,11.766875,0.1313824663,0.9280761082,14.11434211,1.263158,1.490196,15.625,1.375,1.6
2024-01-01,Expansión - Centro,VINOS,24,36,51,824.12,58,14.32330189,0.1000625748,8,11,11,143.21,11,13.01909091,0.1680511464,1.100176809,16.15921569,1.137255,1.416667,13.01909091,1,1
2024-01-01,Expansión - Centro,VINOS,30,85,101,1301.14,132,10.28321429,0.05267918776,19,43,50,599.47,65,9.678627451,0.1228753937,1.062466175,12.88257426,1.306931,1.188235,11.9894,1.3,1.162791
2024-01-01,Expansión - Costa,VINOS,34,66,73,1384.53,101,13.59988095,0.01949226181,14,17,19,383.65,28,13.95119048,0.1332782947,0.9748186705,18.96616438,1.383562,1.106061,20.19210526,1.473684,1.117647
2024-01-01,Medellín,VINOS,125,5385,8957,138334.48,12604,11.12212269,0.07665233807,104,942,1155,21341.23,1836,11.75192469,0.1108511356,0.946408608,15.44428715,1.407168,1.663324,18.47725541,1.58961,1.226115
2024-02-01,Bogotá,VINOS,125,10668,16372,265772.97,22014,12.19652933,0.1006361743,114,2362,2882,64689.18,4539,13.91012711,0.2181186418,0.876809337,16.23338444,1.344613,1.534683,22.44593338,1.574948,1.220152
2024-02-01,Bogotá,VINOS,64,143,236,3783.88,308,12.43371274,0.115648237,39,74,93,1878.42,148,13.0628972,0.2193231723,0.9518342333,16.03338983,1.305085,1.65035,20.19806452,1.591398,1.256757
2024-02-01,Cali y Bucaramanga,VINOS,66,389,546,8679.18,786,11.0837684,0.1412810548,31,66,72,958.56,89,11.41423333,0.1186578292,0.9710479955,15.89593407,1.43956,1.403599,13.31333333,1.236111,1.090909
2024-02-01,Cali y Bucaramanga,VINOS,91,1435,2193,33007.96,2933,11.26530489,0.1049402937,75,347,394,6599.18,582,11.54846406,0.1483190193,0.9754807933,15.05150935,1.337437,1.528223,16.74918782,1.477157,1.135447
2024-02-01,Costa,VINOS,74,719,1019,21374.34,1522,14.18193824,0.1269865361,53,216,279,6162.69,412,14.8878233,0.2132973575,0.9525864158,20.9757998,1.493621,1.417246,22.08849462,1.476703,1.291667
2024-02-01,Costa,VINOS,95,1498,2167,32613.5,3031,10.83187011,0.08295571277,58,153,177,3326.44,277,12.23834201,0.2178231082,0.8850765978,15.05006922,1.398708,1.446595,18.79344633,1.564972,1.156863
2024-02-01,Expansión - Centro,VINOS,24,43,57,1015.08,65,15.53235632,0.1932292526,6,11,12,188.74,14,13.5475,0.1667617193,1.146510893,17.80842105,1.140351,1.325581,15.72833333,1.166667,1.090909
2024-02-01,Expansión - Centro,VINOS,32,89,110,1366.32,141,9.881680672,0.0929383118,24,54,60,621.66,72,8.872419355,0.09165525671,1.113752662,12.42109091,1.281818,1.235955,10.361,1.2,1.111111
2024-02-01,Expansión - Costa,VINOS,28,77,105,2417.69,156,14.93690476,0.1362192257,10,17,18,361.4,24,15.08,0.1583521436,0.9905109258,23.02561905,1.485714,1.363636,20.07777778,1.333333,1.058824
2024-02-01,Medellín,VINOS,121,5518,9166,142499.71,12937,11.1494583,0.08745152964,105,1192,1464,29253.63,2318,12.61828569,0.1693626658,0.8835953291,15.54655357,1.411412,1.661109,19.9819877,1.583333,1.228188
2024-03-01,Bogotá,VINOS,70,202,291,4885.74,412,12.20725103,0.1388356581,49,105,125,2604.67,194,13.43260791,0.2189611232,0.9087774397,16.78948454,1.415808,1.440594,20.83736,1.552,1.190476
2024-03-01,Bogotá,VINOS,137,11794,17949,293124.36,24191,12.25148276,0.1435228172,125,2774,3410,71915.31,5260,13.83106984,0.2085783742,0.8857942946,16.33095771,1.347763,1.521876,21.08953372,1.542522,1.229272
2024-03-01,Cali y Bucaramanga,VINOS,97,1743,2591,38916.58,3492,11.11612598,0.1299938893,79,429,495,9311.41,763,12.03317897,0.1619197616,0.9237896325,15.01990737,1.347742,1.486517,18.81092929,1.541414,1.153846
2024-03-01,Cali y Bucaramanga,VINOS,71,428,566,9129.61,765,11.8646543,0.1419206421,39,108,119,2202.92,154,14.17826227,0.2187096936,0.8368200612,16.130053,1.35159,1.32243,18.51193277,1.294118,1.101852
2024-03-01,Costa,VINOS,95,1766,2625,38469.22,3642,10.69919326,0.1146295621,66,251,277,5068.19,403,12.9247587,0.1919689844,0.8278060358,14.65494095,1.387429,1.48641,18.2967148,1.454874,1.103586
2024-03-01,Costa,VINOS,73,1014,1471,29982.26,2156,13.9699176,0.1631708015,62,330,408,9951.2,629,15.78248425,0.2287588242,0.8851532735,20.38222978,1.46567,1.45069,24.39019608,1.541667,1.236364
2024-03-01,Expansión -  Costa,VINOS,30,55,66,1242.16,82,15.03356061,0.2095862092,28,136,156,3347.76,239,13.76566031,0.2552253912,1.092106028,18.82060606,1.242424,1.2,21.46,1.532051,1.147059
2024-03-01,Expansión - Centro,VINOS,46,124,162,2306.65,206,11.04747605,0.1276147232,30,91,111,1765.31,153,11.61276611,0.1652248819,0.9513216707,14.23858025,1.271605,1.306452,15.90369369,1.378378,1.21978
2024-03-01,Expansión - Centro,VINOS,16,21,24,470.83,31,15.20446667,0.2021899629,7,17,19,289.37,21,14.08921053,0.2168623552,1.079156752,19.61791667,1.291667,1.142857,15.23,1.105263,1.117647
2024-03-01,Expansión - Centro,VINOS,13,17,17,271.78,20,13.79361111,0.2584131312,5,10,11,187.61,15,12.25363636,0.2274308107,1.125674918,15.98705882,1.176471,1,17.05545455,1.363636,1.1
2024-03-01,Expansión - Centro,VINOS,35,54,77,1778.51,109,16.32251852,0.2401791854,13,19,21,389.44,25,15.49928571,0.2524345733,1.053114241,23.09753247,1.415584,1.425926,18.5447619,1.190476,1.105263
2024-03-01,Expansión - Costa,VINOS,32,84,113,1926.71,134,14.13836207,0.1955991351,13,30,36,578.06,47,12.27264957,0.2488107806,1.152021981,17.05053097,1.185841,1.345238,16.05722222,1.305556,1.2
2024-03-01,Medellín,VINOS,123,5894,9709,152832.23,13828,11.23142299,0.1212184531,108,1350,1624,33897.03,2618,13.12833874,0.1816606628,0.8555098411,15.74129468,1.424246,1.647268,20.87255542,1.612069,1.202963
2024-04-01,Bogotá,VINOS,78,197,308,5938.04,447,13.31788221,0.1552041089,37,78,91,1781.59,147,12.47990291,0.2400921161,1.067146299,19.27935065,1.451299,1.563452,19.57791209,1.615385,1.166667
2024-04-01,Bogotá,VINOS,152,11254,17401,294592.57,23681,12.49810499,0.134534821,136,2901,3679,75587.02,6031,13.06017492,0.2046074932,0.9569630628,16.9296345,1.360899,1.546206,20.54553411,1.639304,1.268183
2024-04-01,Cali y Bucaramanga,VINOS,102,1434,2235,37707.07,3078,12.00644482,0.1282728322,80,456,545,9442.03,834,11.38151085,0.1559306477,1.054907822,16.87117226,1.377181,1.558577,17.32482569,1.530275,1.195175
2024-04-01,Cali y Bucaramanga,VINOS,77,371,574,10863.84,834,12.19399975,0.1615636833,32,68,72,1314.07,103,12.54846753,0.175343941,0.9717521058,18.92655052,1.452962,1.54717,18.25097222,1.430556,1.058824
2024-04-01,Costa,VINOS,80,767,1176,26223.09,1749,14.85724215,0.161179406,60,217,277,6966.84,459,14.8540197,0.2386128876,1.000216941,22.29854592,1.487245,1.533246,25.15104693,1.65704,1.276498
2024-04-01,Costa,VINOS,100,1676,2501,37863.7,3462,11.08892929,0.1052362089,66,237,270,5983.04,446,13.17440011,0.195725273,0.841702787,15.13942423,1.384246,1.492243,22.15940741,1.651852,1.139241
2024-04-01,Expansión -  Costa,VINOS,32,56,67,1678.18,95,17.49740741,0.2697972027,21,57,71,1447.6,95,14.97305556,0.2265678647,1.168592966,25.04746269,1.41791,1.196429,20.38873239,1.338028,1.245614
2024-04-01,Expansión - Centro,VINOS,19,28,31,708.09,42,16.53690476,0.3166031512,7,9,14,313.66,23,13.37857143,0.2049950092,1.236074035,22.8416129,1.354839,1.107143,22.40428571,1.642857,1.555556
2024-04-01,Expansión - Centro,VINOS,18,28,41,828.87,60,14.14602381,0.1461320544,4,5,5,70.61,5,14.122,0.1898615738,1.001701162,20.21634146,1.463415,1.464286,14.122,1,1
2024-04-01,Expansión - Centro,VINOS,41,97,132,1784.41,166,10.82776596,0.1089778277,31,84,108,1463.52,166,9.100631653,0.1374275385,1.189781805,13.51825758,1.257576,1.360825,13.55111111,1.537037,1.285714
2024-04-01,Expansión - Centro,VINOS,33,42,56,1278.03,78,15.90006944,0.2396558904,8,11,14,203.34,16,12.77892857,0.2712520664,1.244241202,22.82196429,1.392857,1.333333,14.52428571,1.142857,1.272727
2024-04-01,Expansión - Costa,VINOS,33,77,88,1931.82,123,15.52833333,0.2651665446,10,18,18,390.45,29,13.27787037,0.2249442297,1.169489753,21.9525,1.397727,1.142857,21.69166667,1.611111,1
2024-04-01,Medellín,VINOS,137,5588,9334,146208.57,13154,11.17872307,0.1012184378,113,1286,1573,31045.39,2633,11.90243786,0.1624025723,0.9391960868,15.66408507,1.409256,1.670365,19.73642085,1.673872,1.223173
2024-05-01,Bogotá,VINOS,82,209,313,5185.4,420,12.46311128,0.1219169722,43,107,125,2584.39,193,13.5193609,0.2530898542,0.9218713346,16.56677316,1.341853,1.497608,20.67512,1.544,1.168224
2024-05-01,Bogotá,VINOS,144,12105,18499,313662.4,24736,12.84197265,0.1104245903,128,3056,3843,81406.46,6463,13.24756969,0.2130202534,0.9693832866,16.95564085,1.337153,1.528211,21.1830497,1.681759,1.257526
2024-05-01,Cali y Bucaramanga,VINOS,69,415,571,9148.52,736,12.37503387,0.1098405511,36,108,118,1721.12,144,12.01920667,0.1868094976,1.029604883,16.02192644,1.288967,1.375904,14.58576271,1.220339,1.092593
2024-05-01,Cali y Bucaramanga,VINOS,101,1442,2157,36291.07,2961,12.41754478,0.09596727608,80,534,627,11290.2,912,12.43652605,0.1857736106,0.9984737482,16.82478906,1.37274,1.495839,18.00669856,1.454545,1.174157
2024-05-01,Costa,VINOS,81,781,1118,23630.13,1606,14.80604725,0.1111083697,60,272,336,8678.33,560,15.37601089,0.2645293395,0.962931631,21.13607335,1.436494,1.431498,25.8283631,1.666667,1.235294
2024-05-01,Costa,VINOS,107,1872,2738,38805.38,3725,10.64830384,0.0678537016,77,312,366,7235.71,557,13.00327474,0.2191310285,0.8188940133,14.17289262,1.360482,1.462607,19.76969945,1.521858,1.173077
2024-05-01,Expansión -  Costa,VINOS,35,51,56,1211.24,70,17.16841954,0.1927884275,30,120,137,3160.24,211,15.17531179,0.2722485062,1.131338834,21.62928571,1.25,1.098039,23.06744526,1.540146,1.141667
2024-05-01,Expansión - Centro,VINOS,26,31,46,1041.44,63,16.5190068,0.163346023,5,11,11,192.8,14,14.09454545,0.2796365497,1.172014157,22.64,1.369565,1.483871,17.52727273,1.272727,1
2024-05-01,Expansión - Centro,VINOS,26,44,55,1087.95,67,16.35081871,0.1604911613,10,21,28,452.16,35,13.03689655,0.2424422679,1.254195632,19.78090909,1.218182,1.25,16.14857143,1.25,1.333333
2024-05-01,Expansión - Centro,VINOS,22,28,43,846.47,55,15.36227273,0.1860329741,14,31,36,896.78,57,15.45085366,0.296969575,0.9942669232,19.68534884,1.27907,1.535714,24.91055556,1.583333,1.16129
2024-05-01,Expansión - Centro,VINOS,41,109,153,1782.71,189,9.498899371,0.07000295676,29,110,132,1956.84,191,10.48112857,0.1685552707,0.9062859316,11.65169935,1.235294,1.40367,14.82454545,1.44697,1.2
2024-05-01,Expansión - Costa,VINOS,34,70,86,1662.85,105,15.725,0.1395510551,12,26,26,460.19,36,12.85678571,0.2106536622,1.22308953,19.33546512,1.22093,1.228571,17.69961538,1.384615,1
2024-05-01,Medellín,VINOS,140,6355,10266,153285.63,14305,10.96229839,0.0804407718,113,1550,1886,39353.15,3240,12.52917019,0.1907948526,0.8749420926,14.93138808,1.393435,1.615421,20.86593319,1.717922,1.216774
2024-06-01,Bogotá,VINOS,81,228,341,5816.12,467,12.1471093,0.09892218812,41,96,118,2366.22,187,12.85383075,0.2092394255,0.9450186128,17.05607038,1.369501,1.495614,20.05271186,1.584746,1.229167
2024-06-01,Bogotá,VINOS,147,11680,17776,294808.27,23676,12.62000137,0.1007554839,130,2879,3652,71306.4,6094,12.14783762,0.2196959515,1.038868132,16.58462365,1.331908,1.521918,19.5253012,1.668675,1.268496
2024-06-01,Cali y Bucaramanga,VINOS,100,1580,2343,35242.9,3102,11.5226514,0.07613097419,75,456,537,9467.54,834,11.44310976,0.1955467645,1.006951052,15.04178404,1.323944,1.482911,17.63042831,1.553073,1.177632
2024-06-01,Cali y Bucaramanga,VINOS,76,378,544,9122.3,696,13.28677635,0.09681445949,30,97,120,1904.24,160,11.79883464,0.315679603,1.12610921,16.76893382,1.279412,1.439153,15.86866667,1.333333,1.237113
2024-06-01,Costa,VINOS,88,807,1175,24930.24,1667,14.95595964,0.1003353671,63,213,270,6688.55,438,15.42367072,0.2274822344,0.9696757609,21.21722553,1.418723,1.45601,24.77240741,1.622222,1.267606
2024-06-01,Costa,VINOS,104,1780,2623,38907.22,3534,11.10919054,0.07185598898,65,251,289,4946.88,436,11.78029696,0.1689680872,0.9430314511,14.8330995,1.347312,1.473596,17.11723183,1.508651,1.151394
2024-06-01,Expansión -  Costa,VINOS,25,42,50,1214.35,64,18.72827044,0.1448079603,20,88,105,2338.41,143,15.87427259,0.231624095,1.179787631,24.287,1.28,1.190476,22.27057143,1.361905,1.193182
2024-06-01,Expansión - Centro,VINOS,40,106,148,1574.15,176,9.232806452,0.04677378839,23,93,111,1475.77,176,8.493156342,0.1060496466,1.087087777,10.63614865,1.189189,1.396226,13.29522523,1.585586,1.193548
2024-06-01,Expansión - Centro,VINOS,19,27,30,519.64,33,15.8025,0.1709279309,10,20,25,622.95,42,14.84964286,0.2259034539,1.064167007,17.32133333,1.1,1.111111,24.918,1.68,1.25
2024-06-01,Expansión - Centro,VINOS,29,37,49,933.59,61,15.29794118,0.1347887345,9,23,23,352.31,27,13.15021739,0.2001223466,1.163322303,19.05285714,1.244898,1.324324,15.31782609,1.173913,1
2024-06-01,Expansión - Centro,VINOS,24,40,52,1048.04,67,15.8004968,0.1504514345,4,7,7,134.88,9,15.146875,0.231443271,1.043152254,20.15461538,1.288462,1.3,19.26857143,1.285714,1
2024-06-01,Expansión - Costa,VINOS,29,81,103,2101.36,131,15.79127315,0.1210565006,9,19,24,414.82,33,12.02513889,0.1521868824,1.313188421,20.4015534,1.271845,1.271605,17.28416667,1.375,1.263158
2024-06-01,Medellín,VINOS,138,6185,9798,142413.21,13630,10.64411264,0.06534709961,116,1502,1884,37878.88,3394,11.69821154,0.2142291196,0.9098923027,14.53492652,1.3911,1.584155,20.10556263,1.801486,1.254328
2024-07-01,Bogotá,VINOS,146,11231,17097,291512.77,23104,12.77563278,0.1364732149,123,2400,2898,55285.73,4687,12.48955973,0.1579817475,1.022904975,17.05052173,1.351348,1.522304,19.07720152,1.617322,1.2075
2024-07-01,Bogotá,VINOS,74,211,304,4968.11,413,12.22467907,0.1396588822,45,97,110,2263.74,165,13.33788889,0.1924454536,0.9165377797,16.34246711,1.358553,1.440758,20.57945455,1.5,1.134021
2024-07-01,Cali y Bucaramanga,VINOS,100,1458,2184,34170.1,2933,11.561642,0.1155966839,69,379,461,8588.85,779,11.41905532,0.1341421407,1.012486732,15.64565018,1.342949,1.497942,18.63091106,1.689805,1.216359
2024-07-01,Cali y Bucaramanga,VINOS,73,366,513,9009.49,663,13.63837432,0.1603938405,34,87,93,1721.91,137,12.20693333,0.1561795989,1.117264586,17.56235867,1.292398,1.401639,18.51516129,1.473118,1.068966
2024-07-01,Costa,VINOS,109,1603,2290,36973.82,3065,12.31846138,0.1248513229,60,219,248,4328.8,372,11.63577799,0.1410484162,1.058671056,16.14577293,1.338428,1.428571,17.45483871,1.5,1.13242
2024-07-01,Costa,VINOS,86,806,1151,27691.4,1671,16.44843664,0.1625031078,58,207,267,6556.15,438,15.11743966,0.1849153896,1.08804381,24.05855778,1.451781,1.42804,24.55486891,1.640449,1.289855
2024-07-01,Expansión -  Costa,VINOS,34,59,83,1752.49,108,16.18025926,0.1664161913,27,121,145,2818.32,204,13.88718354,0.2066673505,1.165121726,21.11433735,1.301205,1.40678,19.43668966,1.406897,1.198347
2024-07-01,Expansión - Centro,VINOS,43,108,147,1754.76,187,9.606635021,0.07324604911,26,97,123,1657.44,174,9.679302325,0.1194202154,0.992492506,11.93714286,1.272109,1.361111,13.47512195,1.414634,1.268041
2024-07-01,Expansión - Centro,VINOS,30,42,63,1220.52,79,15.53279487,0.1815842349,14,20,22,407.52,30,13.55498551,0.2175575631,1.145910105,19.37333333,1.253968,1.5,18.52363636,1.363636,1.1
2024-07-01,Expansión - Centro,VINOS,36,49,62,1128.22,77,14.82689394,0.2103548436,11,14,15,350.36,24,14.19427083,0.1652337157,1.044568905,18.19709677,1.241935,1.265306,23.35733333,1.6,1.071429
2024-07-01,Expansión - Centro,VINOS,26,40,47,857,56,15.31367925,0.1613433121,10,14,16,274.24,20,13.81125,0.2062277903,1.108783003,18.23404255,1.191489,1.175,17.14,1.25,1.142857
2024-07-01,Expansión - Costa,VINOS,43,94,122,2728.71,165,16.37468346,0.1411502464,11,21,21,539.36,40,12.39425397,0.1714984995,1.321151197,22.36647541,1.352459,1.297872,25.68380952,1.904762,1
2024-07-01,Medellín,VINOS,140,6072,9978,150198.86,14268,10.76061017,0.1020483849,115,1273,1558,28582.94,2459,12.00409591,0.1405139135,0.8964115458,15.05300261,1.429946,1.643281,18.34591784,1.578306,1.223881
2024-08-01,Bogotá,VINOS,77,277,405,6402.36,586,11.29384831,0.1076369059,46,116,131,2689.35,232,12.14919647,0.1825372018,0.9295963189,15.8082963,1.446914,1.462094,20.52938931,1.770992,1.12931
2024-08-01,Bogotá,VINOS,156,14305,22595,353749.31,30999,11.62799338,0.111207438,138,2924,3557,71258.56,5674,12.8187263,0.1822020565,0.9071098883,15.65608807,1.371941,1.579518,20.03333146,1.595164,1.216484
2024-08-01,Cali y Bucaramanga,VINOS,80,502,736,11334.52,1020,11.20100685,0.1164367234,45,102,115,2131.17,172,12.14601928,0.1140907706,0.9221957074,15.40016304,1.38587,1.466135,18.53191304,1.495652,1.127451
2024-08-01,Cali y Bucaramanga,VINOS,106,1799,2813,42587.27,3789,11.23373253,0.1045355977,82,482,574,10411.72,931,11.471331,0.1295140935,0.979287628,15.13944899,1.346961,1.563646,18.13888502,1.621951,1.190871
2024-08-01,Costa,VINOS,104,2012,3071,48422.79,4328,11.4236348,0.1075430946,61,207,242,5304.65,391,13.40730789,0.2016419597,0.8520453839,15.76775969,1.409313,1.526342,21.92004132,1.615702,1.169082
2024-08-01,Costa,VINOS,85,984,1537,33218.93,2221,15.17790018,0.141985659,62,254,312,8063.24,507,15.91124326,0.2052824384,0.9539103849,21.61283669,1.445023,1.561992,25.84371795,1.625,1.228346
2024-08-01,Expansión -  Costa,VINOS,31,52,71,1615.3,98,16.15448198,0.1882180259,27,106,125,2731.84,171,15.74296795,0.2095428631,1.026139546,22.75070423,1.380282,1.365385,21.85472,1.368,1.179245
2024-08-01,Expansión - Centro,VINOS,33,45,52,1226.38,83,14.7678125,0.1684091515,20,34,39,622.8,47,13.214125,0.2232242179,1.117577781,23.58423077,1.596154,1.155556,15.96923077,1.205128,1.147059
2024-08-01,Expansión - Centro,VINOS,45,125,166,2008.07,212,9.400457875,0.09500260712,34,79,99,1444.34,150,10.11367868,0.1160567949,0.9294795864,12.09680723,1.277108,1.328,14.58929293,1.515152,1.253165
2024-08-01,Expansión - Centro,VINOS,36,53,75,1466.14,93,15.70487013,0.1765422603,8,12,12,196.6,14,13.75083333,0.1625368624,1.142103155,19.54853333,1.24,1.415094,16.38333333,1.166667,1
2024-08-01,Expansión - Centro,VINOS,31,52,75,1598.69,95,16.68158635,0.1663128283,11,18,21,356.98,25,14.31738095,0.1238273078,1.165128343,21.31586667,1.266667,1.442308,16.99904762,1.190476,1.166667
2024-08-01,Expansión - Costa,VINOS,48,96,130,3060.71,178,17.31715884,0.1859722814,19,29,31,727.29,49,13.64026042,0.1656886868,1.269562186,23.54392308,1.369231,1.354167,23.46096774,1.580645,1.068966
2024-08-01,Medellín,VINOS,147,6789,11518,171920.03,16392,10.71431649,0.09955201824,124,1464,1802,34912.28,2994,11.93323677,0.1458810084,0.8978550164,14.92620507,1.423164,1.696568,19.37418424,1.661487,1.230874
2024-09-01,Bogotá,VINOS,151,13121,20584,319161.02,27984,11.60219352,0.09772557388,136,2871,3499,77942.35,5820,13.49200826,0.2394800468,0.8599308047,15.50529635,1.359503,1.568783,22.27560732,1.663332,1.218739
2024-09-01,Bogotá,VINOS,79,257,356,6129.64,485,12.86885471,0.1283120078,48,107,132,3213.96,239,13.68670395,0.2505052134,0.9402449824,17.21808989,1.36236,1.385214,24.34818182,1.810606,1.233645
2024-09-01,Cali y Bucaramanga,VINOS,107,1594,2507,39501.27,3419,11.59555163,0.1072024732,80,487,574,11115.74,850,13.15889041,0.2077785572,0.8811952428,15.75639011,1.363781,1.572773,19.3654007,1.480836,1.178645
2024-09-01,Cali y Bucaramanga,VINOS,75,491,675,10208.52,881,11.23330201,0.1197052731,42,102,118,2050.23,168,11.96269667,0.1849053037,0.9390275725,15.12373333,1.305185,1.374745,17.37483051,1.423729,1.156863
2024-09-01,Costa,VINOS,86,953,1411,30124.47,2082,14.36617262,0.1283841696,63,245,296,7353.54,481,15.39059797,0.2548429249,0.9334382354,21.34973069,1.475549,1.480588,24.84304054,1.625,1.208163
2024-09-01,Costa,VINOS,104,2018,2975,46075.98,4201,11.04038418,0.102746907,75,270,306,6962.87,488,14.38742781,0.2406732493,0.7673633068,15.48772437,1.412101,1.474232,22.75447712,1.594771,1.133333
2024-09-01,Expansión -  Costa,VINOS,28,60,83,1665.01,110,14.4126124,0.1873621344,22,93,105,2353.94,160,14.64660494,0.2613435281,0.984024111,20.06036145,1.325301,1.383333,22.41847619,1.52381,1.129032
2024-09-01,Expansión - Centro,VINOS,21,30,37,881.27,57,15.01295,0.2251949424,9,22,22,469.61,31,14.60113636,0.2745409508,1.028204218,23.81810811,1.540541,1.233333,21.34590909,1.409091,1
2024-09-01,Expansión - Centro,VINOS,40,116,166,2127.73,211,10.32783333,0.09172301545,33,118,137,1804.66,178,10.28831597,0.1337085761,1.003840994,12.8176506,1.271084,1.431034,13.17270073,1.29927,1.161017
2024-09-01,Expansión - Centro,VINOS,21,43,62,1088.33,77,14.18742188,0.2216653526,10,17,17,308.69,23,13.35789474,0.2554706881,1.06210014,17.55370968,1.241935,1.44186,18.15823529,1.352941,1
2024-09-01,Expansión - Centro,VINOS,28,47,62,1141.73,71,15.86772727,0.2235603074,12,17,18,275.24,18,15.29111111,0.2361527196,1.037709239,18.415,1.145161,1.319149,15.29111111,1,1.058824
2024-09-01,Expansión - Costa,VINOS,42,105,126,2812.29,174,16.28517284,0.1852782851,16,22,26,387.27,30,12.77461538,0.2251650812,1.274807292,22.3197619,1.380952,1.2,14.895,1.153846,1.181818
2024-09-01,Medellín,VINOS,150,6418,10431,155346.03,14564,10.87533797,0.09690123404,128,1439,1754,34031.33,2781,12.49548132,0.189879617,0.8703416608,14.89272649,1.396223,1.625273,19.40212657,1.585519,1.218902
2024-10-01,Bogotá,VINOS,80,228,336,5351.1,473,11.63146168,0.07726208833,43,89,101,2585.74,180,14.04445924,0.217188681,0.8281886455,15.92589286,1.407738,1.473684,25.60138614,1.782178,1.134831
2024-10-01,Bogotá,VINOS,158,12557,19938,296946.49,26844,11.21979212,0.07025802905,139,2664,3290,71056.81,5105,13.88858459,0.2317995547,0.8078427326,14.89349433,1.346374,1.5878,21.59781459,1.551672,1.234985
2024-10-01,Cali y Bucaramanga,VINOS,72,433,587,8166.48,738,11.05099731,0.07600395553,43,101,113,1886.78,157,11.9262125,0.1842608236,0.9266141545,13.91223169,1.25724,1.355658,16.69716814,1.389381,1.118812
2024-10-01,Cali y Bucaramanga,VINOS,109,1465,2289,34243.68,3118,11.15317858,0.06553174603,79,454,548,11289.06,830,13.61629132,0.1984094021,0.8191054613,14.96010485,1.362167,1.562457,20.60047445,1.514599,1.207048
2024-10-01,Costa,VINOS,111,1806,2680,38369.95,3634,10.69408407,0.06721499434,72,242,271,5689.63,424,13.53598247,0.2068546457,0.7900486048,14.31714552,1.35597,1.483942,20.99494465,1.564576,1.119835
2024-10-01,Costa,VINOS,84,851,1293,26379.77,1955,13.42534998,0.07431659901,59,243,308,8129,509,15.67995279,0.2305339704,0.8562111224,20.40198763,1.511988,1.519389,26.39285714,1.652597,1.26749
2024-10-01,Expansión -  Costa,VINOS,27,56,76,1166.1,88,12.60922078,0.0618287002,24,123,144,2880.02,207,13.70457237,0.2344799722,0.9200740045,15.34342105,1.157895,1.357143,20.00013889,1.4375,1.170732
2024-10-01,Expansión - Centro,VINOS,22,37,39,622.12,44,14.436875,0.1287461296,10,16,16,203.29,16,12.705625,0.2613512264,1.136258547,15.95179487,1.128205,1.054054,12.705625,1,1
2024-10-01,Expansión - Centro,VINOS,28,61,75,1358.66,89,15.27450617,0.1505922684,10,21,21,349.58,24,14.70380952,0.2167764579,1.038812843,18.11546667,1.186667,1.229508,16.64666667,1.142857,1
2024-10-01,Expansión - Centro,VINOS,44,97,152,2076.88,192,11.05966258,0.05552981585,34,83,110,1550.78,153,10.29548023,0.1489370215,1.074225032,13.66368421,1.263158,1.56701,14.098,1.390909,1.325301
2024-10-01,Expansión - Centro,VINOS,23,42,65,1334.71,86,15.63359155,0.1521193547,11,22,25,341.38,25,13.6552,0.2320541353,1.144881917,20.534,1.323077,1.547619,13.6552,1,1.136364
2024-10-01,Expansión - Costa,VINOS,32,84,111,2160.85,154,13.91502193,0.08078268642,9,17,20,514.86,36,13.94708333,0.2225753551,0.9977012109,19.46711712,1.387387,1.321429,25.743,1.8,1.176471
2024-10-01,Medellín,VINOS,191,6241,10231,146548.33,14204,10.49330401,0.06076653785,164,1606,1994,41317.86,3351,12.52681673,0.1863334362,0.8376672415,14.32394976,1.38833,1.639321,20.72109328,1.680542,1.241594
2024-11-01,Bogotá,VINOS,93,283,400,6737.88,585,12.06076905,0.1115964109,48,102,116,2795.97,200,14.07761642,0.2335421082,0.8567337461,16.8447,1.4625,1.413428,24.10318966,1.724138,1.137255
2024-11-01,Bogotá,VINOS,179,15012,23649,382049.27,32857,11.79347968,0.1111284073,155,2826,3508,83378.38,6150,13.88997816,0.2570309009,0.8490639475,16.15498626,1.389361,1.57534,23.76806727,1.753136,1.241331
2024-11-01,Cali y Bucaramanga,VINOS,88,499,729,11050.34,974,11.44983397,0.1095778659,49,112,138,2214.53,175,12.54440394,0.2126183918,0.9127443625,15.15821674,1.336077,1.460922,16.04731884,1.268116,1.232143
2024-11-01,Cali y Bucaramanga,VINOS,125,1628,2504,40756.91,3511,11.61505631,0.1059135859,95,560,675,13291.65,1046,12.74704991,0.2631000116,0.9111956406,16.27672125,1.402157,1.538084,19.69133333,1.54963,1.205357
2024-11-01,Costa,VINOS,127,2051,3101,47646.87,4313,11.12992595,0.09166811697,79,293,350,8822.57,633,13.76780406,0.2564434967,0.8084024077,15.36500161,1.390842,1.511945,25.20734286,1.808571,1.194539
2024-11-01,Costa,VINOS,96,983,1444,30805.9,2174,14.24141941,0.1309547145,78,271,337,9013.88,565,16.22241586,0.2254149486,0.877885238,21.33372576,1.50554,1.468973,26.7474184,1.676558,1.243542
2024-11-01,Expansión -  Costa,VINOS,38,80,118,2398.5,156,14.58402554,0.1577763889,30,103,123,2636.01,181,14.49135072,0.2601152386,1.006395181,20.32627119,1.322034,1.475,21.43097561,1.471545,1.194175
2024-11-01,Expansión - Centro,VINOS,36,71,94,1688.38,122,13.59928105,0.1446130464,12,15,21,366.06,27,13.17560606,0.1774932033,1.032156015,17.96148936,1.297872,1.323944,17.43142857,1.285714,1.4
2024-11-01,Expansión - Centro,VINOS,31,75,86,1819.5,119,15.35019504,0.1648721704,13,17,21,347.45,25,13.8723913,0.1348331683,1.106528406,21.15697674,1.383721,1.146667,16.5452381,1.190476,1.235294
2024-11-01,Expansión - Centro,VINOS,33,45,48,1285.36,80,15.59784483,0.173322786,12,20,22,399.64,29,14.04101449,0.2200280339,1.11087734,26.77833333,1.666667,1.066667,18.16545455,1.318182,1.1
2024-11-01,Expansión - Centro,VINOS,54,140,182,2648.52,246,10.65526515,0.1078488484,40,116,140,1984.46,189,10.81610731,0.1730674979,0.9851293862,14.55230769,1.351648,1.3,14.17471429,1.35,1.206897
2024-11-01,Expansión - Costa,VINOS,37,124,152,3008.7,201,15.0943949,0.1612090102,10,20,22,365.88,28,13.30113636,0.2768084828,1.13481995,19.79407895,1.322368,1.225806,16.63090909,1.272727,1.1
2024-11-01,Medellín,VINOS,227,7201,11620,183012.1,16744,11.18196181,0.099301463,197,1787,2278,50724.36,4092,12.61443808,0.2221109073,0.8864415316,15.74975043,1.440964,1.613665,22.26705882,1.796313,1.274762
2024-12-01,Bogotá,VINOS,202,18083,26224,497362.63,37509,13.38621517,0.1444721517,183,4426,5321,123514.26,9602,13.3636795,0.2186558121,1.001686337,18.96593311,1.430331,1.450202,23.21260289,1.804548,1.202214
2024-12-01,Bogotá,VINOS,87,275,363,7373.68,563,13.431533,0.1535000003,54,142,163,3927.12,287,13.68300282,0.2211675594,0.9816217369,20.31316804,1.550964,1.32,24.09276074,1.760736,1.147887
2024-12-01,Cali y Bucaramanga,VINOS,140,2558,3590,67957.56,5276,13.07172625,0.1427217179,106,856,970,20786.21,1609,12.94040056,0.1945886579,1.010148502,18.92968245,1.469638,1.40344,21.42908247,1.658763,1.133178
2024-12-01,Cali y Bucaramanga,VINOS,115,972,1276,22649.06,1755,12.99174162,0.1481011672,67,255,280,5465.86,421,13.43394192,0.1862416975,0.9670833548,17.75004702,1.375392,1.312757,19.52092857,1.503571,1.098039
2024-12-01,Costa,VINOS,113,1665,2312,55684.45,3663,15.10660305,0.1668691462,87,416,493,14324.4,874,16.14561516,0.2417704095,0.9356474131,24.08496972,1.584343,1.388589,29.05557809,1.772819,1.185096
2024-12-01,Costa,VINOS,138,3310,4748,86136.57,7088,12.37300356,0.1301853906,108,549,625,15336.27,1089,14.34872818,0.234652686,0.8623066385,18.14165333,1.492839,1.434441,24.538032,1.7424,1.138434
2024-12-01,Expansión -  Costa,VINOS,62,214,275,5538.54,368,14.72361929,0.2066308574,44,211,236,6135.06,390,15.52804744,0.259779662,0.9481951516,20.14014545,1.338182,1.285047,25.99601695,1.652542,1.118483
2024-12-01,Expansión - Centro,VINOS,43,97,114,2401.24,153,16.09855191,0.2317303393,24,60,67,1587.6,111,14.57747945,0.2462601073,1.104343996,21.06350877,1.342105,1.175258,23.69552239,1.656716,1.116667
2024-12-01,Expansión - Centro,VINOS,64,197,255,3834.27,322,11.80491515,0.1344126041,44,168,214,3623.74,316,11.36249926,0.1881991992,1.038936495,15.03635294,1.262745,1.294416,16.93336449,1.476636,1.27381
2024-12-01,Expansión - Centro,VINOS,40,192,223,4812.89,293,16.22638435,0.2066438915,19,54,56,1117.81,82,14.11621552,0.2130288858,1.149485451,21.58246637,1.313901,1.161458,19.96089286,1.464286,1.037037
2024-12-01,Expansión - Centro,VINOS,46,123,149,3130.02,199,15.7227673,0.2204463278,15,36,45,970.77,64,14.49125,0.2685384024,1.08498351,21.00684564,1.33557,1.211382,21.57266667,1.422222,1.25
2024-12-01,Expansión - Costa,VINOS,59,233,300,6420.13,415,15.49043125,0.2001717635,21,50,53,1051.2,81,12.64274242,0.2006701908,1.225242968,21.40043333,1.383333,1.287554,19.83396226,1.528302,1.06
2024-12-01,Medellín,VINOS,252,8611,13154,244882.3,19772,12.57285434,0.1317765032,212,2178,2654,59005.09,4838,12.57220779,0.2117571058,1.000051427,18.6165653,1.503117,1.527581,22.23251319,1.822909,1.218549
2025-01-01,Bogotá,VINOS,70,169,229,3532.16,299,12.07659836,0.09676414247,34,64,70,1604.52,114,14.37540541,0.1808439924,0.8400874981,15.42427948,1.305677,1.35503,22.92171429,1.628571,1.09375
2025-01-01,Bogotá,VINOS,195,9986,15281,237827.54,20288,11.96310087,0.08488836021,172,2436,3058,69132.58,5235,13.56418744,0.198017518,0.8819622204,15.56361102,1.327662,1.530242,22.6071223,1.711903,1.255337
2025-01-01,Cali y Bucaramanga,VINOS,120,1477,2250,33321.27,3178,10.74801198,0.07553537694,79,361,418,7493.95,592,12.43061298,0.1446893146,0.8646405454,14.80945333,1.412444,1.523358,17.92811005,1.416268,1.157895
2025-01-01,Cali y Bucaramanga,VINOS,89,411,593,8547.68,755,11.35600794,0.0660315589,33,78,85,1398.2,112,12.47448718,0.1599925141,0.9103386595,14.41430017,1.273187,1.442822,16.44941176,1.317647,1.089744
2025-01-01,Costa,VINOS,115,1070,1641,33359.31,2452,13.51802784,0.08367013503,68,217,272,6829.62,443,15.33463797,0.1901521353,0.8815355059,20.32864717,1.494211,1.533645,25.10889706,1.628676,1.253456
2025-01-01,Costa,VINOS,123,1847,2872,42923.88,4027,10.79176513,0.07663038183,62,202,219,4744.31,338,14.54857391,0.1986053782,0.7417747742,14.94564067,1.402159,1.554954,21.66351598,1.543379,1.084158
2025-01-01,Expansión -  Costa,VINOS,44,77,122,2163.65,157,13.29266667,0.1666835009,31,107,126,2485.26,183,13.69951389,0.2521545796,0.9703020687,17.73483607,1.286885,1.584416,19.72428571,1.452381,1.17757
2025-01-01,Expansión - Centro,VINOS,39,73,108,1935.13,132,14.63010025,0.1264805584,14,15,19,343.54,27,13.00152174,0.2132058637,1.125260608,17.91787037,1.222222,1.479452,18.08105263,1.421053,1.266667
2025-01-01,Expansión - Centro,VINOS,32,44,62,1260,86,14.4140625,0.1548632469,11,15,19,314.87,24,12.94106061,0.2422771513,1.113823893,20.32258065,1.387097,1.409091,16.57210526,1.263158,1.266667
2025-01-01,Expansión - Centro,VINOS,25,54,67,1331.29,87,15.10834459,0.1655318092,9,8,11,161.21,11,14.65545455,0.20448153,1.030902491,19.87,1.298507,1.240741,14.65545455,1,1.375
2025-01-01,Expansión - Centro,VINOS,57,118,178,2629.45,233,11.53819303,0.09361625844,39,76,96,1650.7,135,11.97857823,0.1638011427,0.9632356031,14.77219101,1.308989,1.508475,17.19479167,1.40625,1.263158
2025-01-01,Expansión - Costa,VINOS,39,119,148,3077.53,208,14.24967532,0.1436800099,9,13,13,211.28,15,15.32923077,0.2347047586,0.9295753674,20.79412162,1.405405,1.243697,16.25230769,1.153846,1
2025-01-01,Medellín,VINOS,246,5771,9592,150466.45,13612,11.25164644,0.07259430779,189,1141,1419,29641.19,2413,12.49930368,0.1644407721,0.9001818603,15.68666076,1.419099,1.662104,20.88878788,1.700493,1.243646
2025-02-01,Bogotá,VINOS,182,12186,18836,329256.01,25445,13.06908318,0.1432405296,160,1897,2263,52022.3,3464,15.28056657,0.2057930222,0.8552747781,17.48014494,1.350871,1.545708,22.9882015,1.530711,1.192936
2025-02-01,Bogotá,VINOS,73,167,225,3740.55,287,13.17374833,0.15184135,42,71,90,2570.28,169,14.94412461,0.2180809038,0.8815336241,16.62466667,1.275556,1.347305,28.55866667,1.877778,1.267606
2025-02-01,Cali y Bucaramanga,VINOS,131,1614,2476,39821.11,3455,11.62318852,0.1200044464,89,401,470,8387.65,679,12.12665805,0.1393529107,0.9584824168,16.08283926,1.395396,1.534077,17.84606383,1.444681,1.17207
2025-02-01,Cali y Bucaramanga,VINOS,90,474,662,10268.17,859,11.97050802,0.1377268911,30,69,79,1577.93,110,14.22838153,0.2032044882,0.8413119927,15.51083082,1.297583,1.396624,19.97379747,1.392405,1.144928
2025-02-01,Costa,VINOS,107,956,1369,27604.67,2013,13.84607807,0.1303062039,64,199,252,6964.25,419,16.62301051,0.2161657025,0.8329464789,20.16411249,1.470416,1.432008,27.6359127,1.662698,1.266332
2025-02-01,Costa,VINOS,130,1781,2739,43024.85,3765,11.40814424,0.1123919844,77,194,219,4686.33,338,14.16499291,0.1962481769,0.8053759231,15.70823293,1.374589,1.5379,21.39876712,1.543379,1.128866
2025-02-01,Expansión -  Costa,VINOS,44,76,113,2164.12,151,14.20515504,0.2249034807,27,76,82,1568.58,106,14.63274225,0.2274238272,0.970778737,19.15150442,1.336283,1.486842,19.12902439,1.292683,1.078947
2025-02-01,Expansión - Centro,VINOS,40,57,92,1656.01,116,14.39266667,0.2195900568,13,15,18,287.78,20,14.36894737,0.2000168974,1.001650733,18.0001087,1.26087,1.614035,15.98777778,1.111111,1.2
2025-02-01,Expansión - Centro,VINOS,29,44,54,1360.15,93,14.70346561,0.1870763687,9,16,19,307.69,23,13.61958333,0.2676195366,1.079582631,25.18796296,1.722222,1.227273,16.19421053,1.210526,1.1875
2025-02-01,Expansión - Centro,VINOS,35,77,101,2317.37,154,15.08379794,0.1819978789,13,16,18,333.9,23,14.65157895,0.1353980539,1.029499823,22.94425743,1.524752,1.311688,18.55,1.277778,1.125
2025-02-01,Expansión - Centro,VINOS,64,133,179,2769.58,228,12.36573351,0.1341672716,37,86,101,1604.86,141,11.35385802,0.1783360693,1.089121731,15.47251397,1.273743,1.345865,15.88970297,1.39604,1.174419
2025-02-01,Expansión - Costa,VINOS,46,100,138,3174.34,204,15.71253941,0.1788393095,9,12,13,284.17,17,17.19642857,0.2035459991,0.9137094571,23.00246377,1.478261,1.38,21.85923077,1.307692,1.083333
2025-02-01,Medellín,VINOS,249,6597,10793,180974.99,15556,11.74545899,0.1009183177,201,1264,1545,34475.7,2668,13.15765599,0.1622440785,0.8926710801,16.76781154,1.441305,1.636047,22.31436893,1.726861,1.22231